PuzzleId,GeneratedThemes
00J9b,mateIn5 mate deflection fork veryLong
00mAw,quietMove pawnEndgame long
00mmI,mateIn1 mate rookEndgame oneMove
00n9d,advancedPawn promotion pawnEndgame long
00wWX,attraction exposedKing skewer long
00ynV,deflection discoveredAttack long
010hK,fork short
01Mnd,short
01P69,mateIn1 mate oneMove
01PDL,advancedPawn discoveredAttack promotion bishopEndgame long
01g8T,deflection long
02Aho,mateIn2 mate short
02E9I,short
02GCe,short
02QOT,pawnEndgame veryLong
02Syu,xRayAttack fork short
03Fju,mateIn1 mate oneMove
03iWa,discoveredAttack short
047iS,mateIn2 mate short
048Kv,defensiveMove exposedKing long
04Ake,long
04GCl,fork short
04QvV,deflection rookEndgame short
04S7d,fork short
058KH,mateIn2 mate rookEndgame short
05ABJ,pawnEndgame short
05EF3,mateIn1 mate oneMove
065VA,mateIn1 mate oneMove
06I4b,mateIn2 mate backRankMate short
06I6N,intermezzo pawnEndgame long
06IPr,mateIn2 mate doubleCheck short
06LpI,attraction deflection fork exposedKing capturingDefender veryLong
06QVP,mateIn1 mate oneMove
06bLx,long
06yqO,advancedPawn sacrifice promotion long
0793N,mateIn2 mate short
07MQU,queenEndgame short
07UIr,attraction deflection queensideAttack long
07bGU,mateIn1 mate backRankMate oneMove
07dGS,mateIn1 mate oneMove
07fya,sacrifice veryLong
07jP3,hangingPiece long
08852,mateIn1 mate kingsideAttack oneMove
08DPS,pawnEndgame short
08Fl7,mateIn3 mate advancedPawn doubleCheck fork exposedKing promotion long
08Nkz,mateIn1 mate oneMove
08RnE,discoveredAttack short
08eGr,exposedKing skewer veryLong
08lx4,mateIn4 mate sacrifice kingsideAttack veryLong
08tzj,skewer rookEndgame short
093y7,exposedKing skewer long
09GfS,attraction short
09VlI,mateIn2 mate queenRookEndgame short
09YcK,mateIn1 mate kingsideAttack oneMove
09q1C,hangingPiece short
09ywy,skewer veryLong
0A8Lx,mateIn1 mate oneMove
0AVXc,discoveredAttack short
0AZiG,deflection rookEndgame veryLong
0BKcq,mateIn1 mate backRankMate rookEndgame oneMove
0BNUY,pawnEndgame short
0BVi6,mateIn2 mate short
0BYJG,fork long
0Bf7c,mateIn2 mate short
0Boud,mateIn2 mate short
0CD31,fork short
0CHci,pin queensideAttack short
0CSHI,skewer rookEndgame long
0CkYD,short
0D61w,mateIn1 mate oneMove
0DPWz,advancedPawn pawnEndgame long
0DQyI,deflection short
0Dgyt,discoveredAttack short
0Dz3T,mateIn1 mate oneMove
0Ektu,sacrifice pin long
0Enwh,discoveredAttack long
0Eu9Z,fork short
0F0X2,long
0F76W,deflection exposedKing long
0FMZo,pin short
0FrmJ,mateIn1 mate attackingF2F7 oneMove
0G25R,exposedKing veryLong
0G3Vf,advancedPawn queenEndgame long
0G893,mateIn2 mate short
0GTKr,fork short
0Gj1U,pawnEndgame long
0GjzG,mateIn1 mate oneMove
0HES6,fork long
0HUpG,short
0HcsC,mateIn1 mate oneMove
0HsNt,long
0HxMT,mateIn1 mate oneMove
0IHX0,quietMove defensiveMove long
0IKGV,fork short
0IKfA,fork short
0IWzd,mateIn3 mate deflection sacrifice long
0Iaiy,fork short
0IhOw,veryLong
0IrfY,long
0JSr1,mateIn1 mate oneMove
0Ji2k,mateIn2 mate short
0Jih4,mateIn2 mate short
0K5qS,veryLong
0KMu5,mateIn1 mate backRankMate oneMove
0Km44,trappedPiece short
0Kx2I,queensideAttack long
0LKTP,mateIn1 mate hangingPiece oneMove
0LTdW,quietMove veryLong
0M1yC,mateIn1 mate kingsideAttack oneMove
0MoFm,mateIn1 mate kingsideAttack oneMove
0N1sk,deflection kingsideAttack long
0NV1r,advancedPawn quietMove veryLong
0Olfr,short
0OyKZ,skewer short
0OzKj,fork short
0P2vn,mateIn1 mate oneMove
0P77e,quietMove pawnEndgame long
0PSU4,long
0PU77,mateIn2 mate rookEndgame short
0Pc4u,mateIn1 mate oneMove
0PdqJ,short
0QjmM,fork long
0QuVO,mateIn2 mate short
0Qxuh,advancedPawn long
0R5lO,exposedKing queenRookEndgame long
0RDXD,skewer rookEndgame short
0RYr0,long
0S5tM,mateIn1 mate kingsideAttack oneMove
0SC2q,mateIn2 mate short
0SH9g,mateIn1 mate hangingPiece kingsideAttack oneMove
0SKwy,mateIn1 mate oneMove
0SMbO,mateIn2 mate hangingPiece kingsideAttack short
0SQMX,mateIn2 mate short
0SYSC,mateIn3 mate attraction sacrifice pin long
0SZyn,mateIn3 mate long
0SlnE,pawnEndgame long
0TIW0,mateIn2 mate short
0TTRU,mateIn1 mate kingsideAttack oneMove
0TcCw,short
0UAqq,mateIn1 mate oneMove
0UVKU,mateIn4 mate backRankMate sacrifice discoveredAttack veryLong
0UcQS,long
0UeQR,mateIn2 mate sacrifice discoveredAttack kingsideAttack short
0Uovl,mateIn2 mate short
0VVlQ,short
0VWHc,mateIn2 mate backRankMate sacrifice short
0VuZT,short
0W0Wo,discoveredAttack short
0W3FS,mateIn1 mate oneMove
0W4kG,fork short
0WLS1,short
0WMVR,mateIn1 mate kingsideAttack oneMove
0WmYZ,mateIn1 mate oneMove
0X2xw,advancedPawn short
0XC2m,mateIn1 mate oneMove
0XIuR,mateIn1 mate backRankMate hangingPiece oneMove
0XLNL,fork long
0XRB5,advancedPawn promotion pawnEndgame long
0Xcax,mateIn1 mate oneMove
0Y0bi,short
0YRAu,mateIn1 mate oneMove
0YfKt,mateIn1 mate oneMove
0Z8jm,discoveredAttack short
0ZG9n,kingsideAttack short
0Zo75,discoveredAttack long
0aXK0,mateIn2 mate short
0aZGV,mateIn1 mate kingsideAttack oneMove
0b7Bx,mateIn1 mate oneMove
0b7SV,hangingPiece long
0b7rc,mateIn1 mate kingsideAttack oneMove
0bSu2,mateIn1 mate backRankMate oneMove
0bX1E,mateIn1 mate kingsideAttack oneMove
0bnj3,mateIn1 mate backRankMate hangingPiece oneMove
0c9J7,mateIn2 mate backRankMate short
0d1P7,pin long
0dVlo,skewer queenEndgame veryLong
0dgHn,long
0e0LS,attraction sacrifice pin veryLong
0e0Q7,deflection advancedPawn promotion long
0eF1t,mateIn2 mate short
0ecqP,mateIn1 mate queenRookEndgame oneMove
0euyc,quietMove pawnEndgame long
0ezKa,mateIn1 mate oneMove
0f4Ly,mateIn1 mate oneMove
0fGn4,intermezzo short
0fHuH,pin short
0fdGC,pawnEndgame long
0fekf,mateIn2 mate short
0fqpT,mateIn4 mate sacrifice veryLong
0fuZG,mateIn2 mate short
0gHbB,mateIn1 mate oneMove
0gbsj,mateIn1 mate oneMove
0h4Qz,mateIn2 mate short
0h9fI,mateIn4 mate exposedKing kingsideAttack veryLong
0hWxf,mateIn2 mate advancedPawn promotion short
0hiUE,hangingPiece short
0hpNA,advancedPawn promotion rookEndgame veryLong
0hrNm,mateIn2 mate short
0i2ed,long
0iPSw,mateIn1 mate oneMove
0inAZ,short
0j33H,mateIn2 mate sacrifice kingsideAttack short
0k2Ok,mateIn1 mate oneMove
0lVu2,skewer queenEndgame long
0llRT,fork short
0m3jF,quietMove rookEndgame long
0m502,sacrifice kingsideAttack short
0n6ug,kingsideAttack short
0nC59,deflection kingsideAttack long
0nWuN,discoveredAttack kingsideAttack long
0nXvB,fork short
0nciC,deflection fork short
0o58c,advancedPawn short
0oNaV,mateIn1 mate backRankMate oneMove
0oaBA,queensideAttack long
0pLZI,discoveredAttack long
0pOu8,pin short
0pSOC,advancedPawn quietMove rookEndgame veryLong
0q1Eq,deflection rookEndgame short
0q8DY,kingsideAttack veryLong
0q9CK,advancedPawn pin rookEndgame veryLong
0qRaZ,short
0rlu2,discoveredAttack kingsideAttack short
0rtFq,fork long
0s2P3,mateIn1 mate oneMove
0s7Aw,mateIn2 mate queensideAttack short
0s7wv,mateIn5 mate attraction sacrifice veryLong
0sbxs,discoveredAttack short
0sobm,attraction long
0tEmd,fork short
0tdVh,mateIn2 mate kingsideAttack short
0tf0r,quietMove defensiveMove pawnEndgame short
0txz3,sacrifice veryLong
0uFkg,mateIn1 mate oneMove
0uVYU,deflection quietMove discoveredAttack pin long
0uarG,mateIn2 mate backRankMate short
0ufTi,fork clearance veryLong
0unAq,mateIn1 mate kingsideAttack oneMove
0vFMt,mateIn1 mate discoveredAttack oneMove
0vFP7,deflection fork veryLong
0vNvS,fork short
0vPzD,intermezzo long
0vcqO,fork long
0vhG3,long
0vxrM,mateIn2 mate kingsideAttack short
0w5CP,short
0w6Ub,mateIn1 mate hangingPiece kingsideAttack oneMove
0wVLR,exposedKing intermezzo long
0wXx5,fork short
0wvRC,fork long
0wxUl,short
0x6bA,mateIn2 mate queensideAttack short
0xEpc,mateIn2 mate backRankMate deflection discoveredAttack short
0xHZJ,fork exposedKing long
0xLW3,mateIn2 mate short
0xMkT,mateIn2 mate fork pin short
0xUNk,mateIn2 mate backRankMate short
0xY8Y,mateIn2 mate rookEndgame short
0xdxn,mateIn1 mate queensideAttack oneMove
0xgfM,short
0xvo0,attraction sacrifice fork long
0yJvp,long
0yjuI,mateIn2 mate advancedPawn promotion queenRookEndgame short
0z5OU,pin long
0zESU,mateIn2 mate short
0zJOr,long
0zKf5,mateIn1 mate oneMove
0zl5F,mateIn2 mate advancedPawn promotion queenRookEndgame short
0zycJ,pin short
0zzLe,short
10h8T,mateIn2 mate deflection short
11101,attraction deflection short
112jE,mateIn4 mate exposedKing veryLong
117gg,knightEndgame short
11Far,mateIn1 mate rookEndgame oneMove
11OD9,fork long
11hbV,mateIn1 mate kingsideAttack oneMove
12ETq,defensiveMove veryLong
12HSq,short
12lJY,short
13Mjy,doubleCheck veryLong
13efn,hangingPiece short
13nRO,mateIn1 mate oneMove
14bBJ,pin short
14cLi,mateIn1 mate rookEndgame oneMove
15CYY,kingsideAttack short
15Eyf,attraction deflection sacrifice clearance veryLong
15IJL,mateIn1 mate oneMove
15Yt5,mateIn1 mate oneMove
15hXZ,long
15i97,mateIn1 mate rookEndgame oneMove
15vEq,advancedPawn bishopEndgame short
15yRM,attraction sacrifice fork long
15yms,pin long
16GCO,short
16RaA,mateIn2 mate short
16Sik,mateIn1 mate oneMove
17CEf,short
182zY,pin short
183JM,mateIn1 mate oneMove
18FJe,deflection veryLong
18RPO,mateIn2 mate backRankMate deflection short
18ihB,queensideAttack short
19bsu,mateIn2 mate backRankMate short
1A8Br,discoveredAttack short
1ADhK,mateIn2 mate sacrifice short
1ADtw,exposedKing long
1AUp7,mateIn3 mate attraction sacrifice pin long
1Anph,deflection sacrifice veryLong
1B6fj,fork discoveredAttack pin long
1BIYZ,defensiveMove long
1BUF6,quietMove long
1BavH,mateIn2 mate short
1BlMn,veryLong
1BnWr,fork short
1BuDy,skewer short
1BwcF,attraction sacrifice fork long
1C37s,quietMove queenEndgame veryLong
1CFFr,kingsideAttack short
1CQqx,kingsideAttack short
1CoPj,defensiveMove veryLong
1Cp6b,mateIn2 mate sacrifice kingsideAttack short
1Cw5v,skewer rookEndgame short
1D1q8,mateIn1 mate anastasiaMate oneMove
1DDbn,mateIn3 mate backRankMate sacrifice long
1DJE8,discoveredAttack short
1DJLJ,discoveredAttack short
1EIAe,deflection advancedPawn promotion knightEndgame short
1EMT1,skewer rookEndgame short
1ESuR,mateIn3 mate attraction sacrifice long
1EhFs,sacrifice short
1ErNn,fork short
1FO5Y,mateIn2 mate short
1FP6T,mateIn2 mate short
1GRRR,exposedKing long
1GcYI,short
1GgFx,mateIn2 mate short
1Gn8f,short
1GqeQ,sacrifice veryLong
1HgUL,mateIn2 mate short
1HpYR,exposedKing veryLong
1HvLe,advancedPawn defensiveMove long
1Hzd4,mateIn2 mate backRankMate short
1IE1K,defensiveMove intermezzo long
1IRKS,mateIn1 mate oneMove
1IqAG,fork veryLong
1J80k,mateIn1 mate backRankMate oneMove
1JKEv,deflection short
1JSFx,deflection long
1Ja7s,discoveredAttack short
1Je80,advancedPawn short
1Jkoz,mateIn2 mate short
1JrPK,quietMove short
1K3R0,intermezzo short
1K5QW,fork short
1KOnA,short
1KOsv,long
1KU9Y,deflection exposedKing rookEndgame long
1LEfr,skewer short
1M13O,discoveredAttack long
1M5ZW,fork long
1MLKy,mateIn3 mate dovetailMate queenEndgame long
1MYIX,fork veryLong
1N8xu,veryLong
1Nbo9,attraction veryLong
1OBgA,short
1OKVV,short
1OUUi,short
1OWJm,short
1Oa6F,deflection long
1P5Om,advancedPawn promotion rookEndgame short
1PDeH,deflection long
1PGQr,long
1PGbW,rookEndgame short
1PLBO,defensiveMove long
1PaHQ,exposedKing long
1PpBH,mateIn2 mate short
1QA9E,mateIn1 mate oneMove
1Qlye,fork long
1Qzxh,mateIn2 mate short
1R7co,skewer capturingDefender short
1RRuN,mateIn2 mate short
1RUkZ,mateIn1 mate oneMove
1RtPO,mateIn2 mate queenEndgame short
1S0qn,defensiveMove hangingPiece pin long
1S8LH,pawnEndgame long
1SGR6,short
1SZK6,hangingPiece long
1TMxD,sacrifice fork long
1TOrk,mateIn2 mate short
1Th7H,mateIn2 mate sacrifice kingsideAttack short
1UX3l,defensiveMove short
1UYGv,discoveredAttack rookEndgame short
1Und4,fork short
1Uwwh,mateIn2 mate short
1Uzmw,skewer queenEndgame long
1V4Bz,exposedKing long
1VBed,quietMove long
1VXbk,intermezzo short
1VZqt,mateIn1 mate oneMove
1VbJ5,short
1Vg7X,exposedKing long
1WQUx,deflection short
1X2aD,deflection discoveredAttack long
1XC3B,attraction long
1Xa70,mateIn3 mate backRankMate long
1XfUX,attraction fork long
1YmTD,mateIn2 mate pin short
1YqCp,mateIn2 mate pin short
1Ys5I,long
1Yy3y,mateIn2 mate attraction sacrifice short
1Z8Iz,short
1ZRn9,intermezzo short
1at8X,sacrifice pin kingsideAttack long
1atmv,mateIn2 mate short
1aw41,xRayAttack short
1awgV,long
1b8O2,pawnEndgame long
1bOU6,short
1bfec,quietMove collinearMove long
1cOy4,short
1cTHg,fork short
1cbVP,long
1cdaz,short
1cebb,rookEndgame short
1ck8u,discoveredAttack short
1cqOg,long
1dIYP,deflection short
1dKZJ,attraction fork long
1dUkw,deflection long
1da5A,mateIn1 mate kingsideAttack oneMove
1di2A,sacrifice long
1dku9,mateIn2 mate sacrifice short
1eNXr,mateIn2 mate rookEndgame short
1eTkv,deflection sacrifice intermezzo long
1eY46,pawnEndgame long
1eapW,skewer veryLong
1emET,capturingDefender short
1f1gj,advancedPawn discoveredAttack pin long
1fQ5P,hangingPiece discoveredAttack short
1fi0a,mateIn2 mate sacrifice kingsideAttack short
1ftYV,trappedPiece rookEndgame short
1fu5V,fork long
1g5aP,fork short
1g6mx,capturingDefender long
1gEWg,long
1gfiU,exposedKing veryLong
1gjpj,short
1gkbn,pin long
1grOw,fork discoveredAttack short
1h9Rl,deflection kingsideAttack short
1ht3n,mateIn1 mate oneMove
1hxzJ,short
1i2Xs,short
1iAfD,attraction fork veryLong
1iaxr,advancedPawn sacrifice long
1jGhI,quietMove clearance long
1jI7O,mateIn2 mate short
1jIvz,attraction sacrifice exposedKing long
1jJDf,mateIn2 mate backRankMate rookEndgame short
1jbBh,mateIn2 mate short
1joku,fork short
1jryG,mateIn1 mate kingsideAttack oneMove
1kPRi,fork discoveredAttack exposedKing long
1keXm,short
1kgxw,trappedPiece short
1lDyj,mateIn1 mate oneMove
1lKYG,mateIn2 mate short
1lTNL,mateIn2 mate backRankMate short
1lb8z,mateIn3 mate backRankMate long
1m8v8,discoveredAttack long
1mGbD,mateIn2 mate short
1mbCG,mateIn1 mate queenEndgame oneMove
1mec1,mateIn1 mate queensideAttack oneMove
1n08b,mateIn1 mate oneMove
1nL9A,mateIn1 mate oneMove
1nb8G,long
1ndI8,mateIn1 mate kingsideAttack oneMove
1nm1D,trappedPiece long
1nnlX,mateIn3 mate backRankMate sacrifice long
1nz0Y,advancedPawn promotion long
1oA8p,mateIn1 mate hangingPiece kingsideAttack oneMove
1oGid,defensiveMove short
1p8dg,pawnEndgame veryLong
1p8sr,pawnEndgame veryLong
1pNEh,mateIn1 mate kingsideAttack oneMove
1pbPw,deflection short
1piMH,short
1qOmF,mateIn3 mate attraction sacrifice long
1qRVW,mateIn2 mate fork short
1qcQ1,queenEndgame short
1qekE,long
1qlfk,attraction sacrifice fork long
1qnYj,pin long
1qstI,mateIn1 mate attackingF2F7 oneMove
1r0ZX,mateIn3 mate sacrifice long
1rMI8,mateIn4 mate attraction sacrifice kingsideAttack veryLong
1rRMX,discoveredAttack queenRookEndgame short
1rUiA,mateIn2 mate short
1rUw3,mateIn2 mate short
1sClR,long
1sXrr,defensiveMove pawnEndgame long
1tPXv,defensiveMove pin long
1tbv3,skewer short
1trnv,short
1u5pv,quietMove long
1uAKT,fork short
1uinG,mateIn2 mate short
1uwRI,mateIn1 mate kingsideAttack oneMove
1uwuu,fork short
1vHv8,mateIn2 mate kingsideAttack short
1vQJk,pin long
1ve1E,exposedKing queenEndgame long
1vmOB,pawnEndgame long
1vzhm,intermezzo rookEndgame short
1wNXk,mateIn1 mate oneMove
1xA5F,veryLong
1xgc2,short
1xosU,advancedPawn promotion knightEndgame short
1xp8Q,mateIn2 mate queensideAttack short
1xsI7,short
1xyhZ,mateIn2 mate pin short
1yJvk,fork long
1yLhK,advancedPawn quietMove promotion pawnEndgame veryLong
1yehC,fork veryLong
1znWY,fork long
1ztfu,mateIn1 mate backRankMate oneMove
1zyGp,skewer short
205ST,attraction fork exposedKing veryLong
20CHb,hangingPiece short
20FMx,veryLong
20ZNC,long
20aJO,attraction sacrifice pin long
20bX3,short
20kZM,mateIn1 mate queensideAttack oneMove
21EB3,mateIn2 mate short
21MOZ,long
21NKe,mateIn2 mate sacrifice short
21fZF,mateIn2 mate rookEndgame short
21fhK,sacrifice pin short
21gMh,queenEndgame short
21qLx,defensiveMove pawnEndgame long
22jST,long
22tCO,kingsideAttack short
22vvs,queenEndgame short
23LUO,advancedPawn sacrifice long
23Pv1,hangingPiece short
23Z8i,mateIn1 mate oneMove
23eHD,exposedKing rookEndgame long
23fQK,fork short
23wRF,fork short
23weQ,mateIn1 mate oneMove
240R8,mateIn2 mate rookEndgame short
24SJp,interference long
25X0y,mateIn2 mate backRankMate short
26sZ7,hangingPiece short
27Atf,mateIn1 mate oneMove
27B8O,mateIn1 mate oneMove
27Esb,mateIn2 mate backRankMate short
28L70,quietMove skewer long
28eS5,deflection rookEndgame short
28nng,mateIn1 mate oneMove
2930w,mateIn2 mate short
29JmB,defensiveMove pawnEndgame short
29SmD,short
29gpa,quietMove veryLong
2A5dp,short
2ALfL,mateIn3 mate sacrifice long
2APsN,advancedPawn promotion short
2ASEz,veryLong
2AjpC,defensiveMove rookEndgame short
2AoCG,rookEndgame short
2B49w,advancedPawn bishopEndgame short
2B4sE,mateIn2 mate short
2BNzQ,defensiveMove long
2BWKq,short
2BiYg,mateIn3 mate attraction sacrifice long
2CMLy,mateIn1 mate oneMove
2CkQO,mateIn2 mate short
2Cnir,long
2Cor3,short
2DYiv,mateIn2 mate doubleCheck short
2DlLt,hangingPiece long
2EUpO,advancedPawn defensiveMove promotion rookEndgame veryLong
2Ex2r,quietMove long
2F1bT,mateIn1 mate oneMove
2F2Zq,trappedPiece short
2F4D9,fork short
2FNVF,mateIn1 mate oneMove
2GLK3,sacrifice bishopEndgame short
2GNqw,sacrifice long
2GNtz,fork short
2GSqo,short
2GSxS,advancedPawn sacrifice fork discoveredAttack exposedKing long
2GWHz,mateIn1 mate oneMove
2HNZf,quietMove long
2HvB5,queensideAttack short
2Hxav,pin long
2I4gG,pawnEndgame short
2I7JF,capturingDefender short
2IUUn,mateIn2 mate short
2Ieeq,pawnEndgame veryLong
2Ix2o,mateIn2 mate bodenMate sacrifice queensideAttack short
2J08s,quietMove defensiveMove hangingPiece long
2J8Mf,long
2JSnn,mateIn2 mate hangingPiece short
2Josd,mateIn2 mate backRankMate short
2JrIx,defensiveMove short
2K4R5,mateIn3 mate deflection long
2K4zN,short
2KJ9W,advancedPawn queenEndgame long
2Kph6,queensideAttack long
2KwkU,fork short
2LZbR,long
2Ldj4,attraction advancedPawn promotion long
2Lf2T,mateIn1 mate kingsideAttack oneMove
2MdVu,mateIn1 mate queensideAttack oneMove
2MkQN,mateIn2 mate short
2Mlho,pin long
2MnMW,short
2N3c2,skewer long
2NC6V,mateIn1 mate queenRookEndgame oneMove
2NC7c,fork short
2NCRe,mateIn1 mate oneMove
2NIyZ,mateIn1 mate oneMove
2NVC6,pin short
2NaEF,advancedPawn pawnEndgame veryLong
2NrsU,defensiveMove short
2O3aQ,advancedPawn promotion short
2O5EH,mateIn3 mate backRankMate sacrifice long
2O6q1,fork short
2OVrQ,long
2OdzG,mateIn1 mate kingsideAttack oneMove
2OeNP,pin kingsideAttack short
2Ojr6,pin long
2OkHI,fork short
2PCAn,fork long
2Pfxo,short
2Q6Ge,mateIn2 mate kingsideAttack short
2QCnE,fork short
2QLVq,mateIn1 mate backRankMate queenRookEndgame oneMove
2QWZ4,mateIn3 mate exposedKing rookEndgame long
2QeT6,hangingPiece long
2QnbK,mateIn1 mate attackingF2F7 oneMove
2QrOO,mateIn3 mate fork long
2R7ry,mateIn2 mate sacrifice kingsideAttack short
2RILn,long
2RKa7,advancedPawn promotion rookEndgame short
2RNf0,short
2RaTY,long
2RvQY,mateIn1 mate pin oneMove
2RzwW,mateIn2 mate fork short
2SM3Y,advancedPawn defensiveMove short
2SOQk,mateIn1 mate oneMove
2SgM7,mateIn2 mate sacrifice short
2Shb2,mateIn1 mate rookEndgame oneMove
2SjOm,sacrifice clearance long
2Sopk,advancedPawn short
2SqxH,pin short
2TGq9,pin long
2TRrW,short
2TeNG,short
2UPmZ,mateIn1 mate pin kingsideAttack oneMove
2UdIH,hangingPiece short
2UeTA,deflection discoveredAttack veryLong
2UiLD,defensiveMove pawnEndgame short
2V493,mateIn1 mate oneMove
2Vhdk,mateIn1 mate knightEndgame oneMove
2VwXn,mateIn2 mate attraction deflection sacrifice short
2W6u7,mateIn3 mate attraction sacrifice exposedKing long
2WS8I,attraction quietMove sacrifice veryLong
2WXJR,short
2WZHs,mateIn2 mate short
2WfDT,fork short
2WnaE,mateIn1 mate queensideAttack oneMove
2WqSz,hangingPiece short
2Wzf4,mateIn2 mate queenRookEndgame short
2XKrl,quietMove long
2Y5XG,short
2YAOm,mateIn2 mate backRankMate xRayAttack short
2Z1LX,mateIn2 mate kingsideAttack short
2ZP1z,mateIn2 mate attraction sacrifice short
2Zgh2,mateIn4 mate deflection veryLong
2Zl3A,fork long
2a2O1,sacrifice fork long
2a97r,short
2aEPn,fork discoveredAttack long
2agbN,mateIn2 mate attraction pin short
2aq44,fork short
2bCnm,mateIn4 mate backRankMate attraction deflection sacrifice veryLong
2bEq2,mateIn1 mate hangingPiece kingsideAttack oneMove
2bwtU,advancedPawn promotion bishopEndgame veryLong
2bx8O,short
2cBiI,attraction sacrifice collinearMove veryLong
2cVsr,discoveredAttack short
2chnR,mateIn2 mate sacrifice kingsideAttack short
2cqrX,deflection short
2dVxz,mateIn1 mate oneMove
2daL9,deflection short
2df65,mateIn1 mate oneMove
2dlSq,mateIn1 mate hangingPiece kingsideAttack oneMove
2e3Xm,mateIn2 mate rookEndgame short
2eVp6,quietMove long
2eabN,deflection fork capturingDefender long
2eovs,mateIn1 mate kingsideAttack oneMove
2erum,mateIn1 mate oneMove
2evSJ,fork discoveredAttack long
2fT20,quietMove pawnEndgame long
2fXp0,short
2fjCY,mateIn1 mate kingsideAttack oneMove
2gTIE,long
2gdIt,mateIn1 mate hangingPiece kingsideAttack oneMove
2gdbm,long
2gePe,queenEndgame short
2gjV6,short
2gxpe,mateIn1 mate doubleCheck oneMove
2gy9w,short
2hQSc,sacrifice veryLong
2hRTq,mateIn2 mate backRankMate sacrifice short
2hSLg,long
2hSSo,mateIn1 mate oneMove
2hTxJ,mateIn1 mate oneMove
2haHf,pawnEndgame short
2hc3D,mateIn2 mate kingsideAttack short
2htci,attraction sacrifice fork veryLong
2i6Ab,advancedPawn promotion rookEndgame short
2jGFI,mateIn1 mate smotheredMate oneMove
2jh5A,mateIn3 mate sacrifice long
2jnM5,pin short
2jyx9,knightEndgame short
2k0do,advancedPawn sacrifice trappedPiece pin veryLong
2kE3Z,trappedPiece veryLong
2kNmY,hangingPiece skewer rookEndgame short
2kR3Z,mateIn2 mate sacrifice kingsideAttack short
2kWPl,veryLong
2kqD7,mateIn1 mate oneMove
2kwEz,mateIn2 mate sacrifice short
2l0OA,mateIn1 mate oneMove
2lWOR,intermezzo veryLong
2ldBR,pawnEndgame short
2mIGX,mateIn2 mate short
2mtye,mateIn1 mate queensideAttack oneMove
2n69D,hangingPiece trappedPiece long
2nEvG,mateIn2 mate kingsideAttack short
2nShW,advancedPawn quietMove promotion pawnEndgame veryLong
2nWbR,short
2oj9Z,advancedPawn promotion knightEndgame long
2pfKG,intermezzo short
2pjKM,fork short
2q0bV,quietMove long
2qS6h,short
2qVcr,fork short
2qbAq,mateIn2 mate backRankMate short
2qbX9,mateIn2 mate sacrifice rookEndgame short
2qdAj,mateIn1 mate oneMove
2qg8L,skewer short
2qlIB,mateIn1 mate kingsideAttack oneMove
2qrH0,quietMove bishopEndgame long
2qs0d,mateIn1 mate attackingF2F7 oneMove
2quBv,discoveredAttack long
2rF7t,mateIn3 mate backRankMate sacrifice long
2rJXh,collinearMove short
2rZMa,advancedPawn rookEndgame short
2reve,short
2rodV,hangingPiece veryLong
2s2rW,deflection short
2sCFz,mateIn1 mate backRankMate hangingPiece oneMove
2sUN5,mateIn2 mate short
2sh2S,mateIn1 mate doubleCheck oneMove
2sjyO,rookEndgame short
2szOG,mateIn2 mate short
2tAtV,short
2tHKJ,veryLong
2tIjA,long
2tJPE,short
2taYW,fork short
2tfLb,short
2toiN,deflection long
2u9Wi,sacrifice long
2uE37,defensiveMove fork long
2uOJe,short
2uS6k,fork long
2uXZq,veryLong
2unRM,discoveredAttack long
2v2uN,mateIn2 mate attraction sacrifice short
2vWE5,sacrifice skewer intermezzo long
2vc1V,mateIn2 mate backRankMate sacrifice short
2voKU,mateIn2 mate kingsideAttack short
2w1S9,mateIn1 mate hangingPiece kingsideAttack oneMove
2wMvA,mateIn3 mate exposedKing long
2wRVK,mateIn2 mate hangingPiece kingsideAttack short
2waDw,short
2wx8K,mateIn1 mate rookEndgame oneMove
2x47E,intermezzo short
2xM4x,pin capturingDefender long
2xbHd,kingsideAttack short
2xlKz,mateIn1 mate hangingPiece oneMove
2xmss,quietMove defensiveMove long
2yEeL,short
2yX8T,fork long
2ycbO,mateIn2 mate short
2ydPg,discoveredAttack short
2ysb1,fork long
2zGXO,mateIn2 mate backRankMate hangingPiece rookEndgame short
307XP,defensiveMove short
30ID3,long
30sWZ,fork short
3174a,rookEndgame long
31L2a,mateIn2 mate short
31OVB,mateIn3 mate backRankMate sacrifice long
31Pqa,mateIn1 mate kingsideAttack oneMove
31Tx5,mateIn2 mate short
31YoQ,mateIn2 mate short
31qUu,trappedPiece clearance long
31zOU,mateIn1 mate oneMove
32DA0,deflection long
32QcO,sacrifice fork veryLong
32WUk,deflection long
330Cf,short
33gR8,deflection short
34H66,fork short
34M6t,mateIn1 mate queenEndgame oneMove
34MCX,mateIn2 mate kingsideAttack short
34yQw,deflection long
35MYw,mateIn1 mate oneMove
35jSO,skewer long
35uWy,fork short
35xFz,mateIn2 mate short
36Mzm,mateIn2 mate rookEndgame short
378uu,fork long
37AyW,mateIn1 mate oneMove
37IUm,mateIn1 mate kingsideAttack oneMove
37r28,fork long
38Ahl,skewer short
38XD6,mateIn2 mate discoveredAttack short
38dE8,mateIn1 mate kingsideAttack oneMove
38ddI,short
38zbY,mateIn1 mate rookEndgame oneMove
391Ma,fork short
392mD,discoveredAttack long
393CB,fork short
39Ar8,defensiveMove long
39BmO,fork short
39EYR,short
39Tat,discoveredAttack short
39ana,pin short
3A19R,long
3A7TV,mateIn4 mate deflection veryLong
3ADvp,long
3AU1b,mateIn3 mate long
3AVWf,fork short
3Av8H,mateIn1 mate oneMove
3Aw4w,fork exposedKing long
3B0xu,mateIn2 mate deflection pin short
3B3Jr,attraction sacrifice long
3B74Q,mateIn2 mate backRankMate short
3BBLx,long
3BKMw,defensiveMove short
3BbVW,intermezzo short
3Bhmf,mateIn3 mate deflection long
3BnLo,mateIn2 mate deflection kingsideAttack short
3BpQQ,skewer rookEndgame short
3BvnE,short
3C1wo,quietMove long
3C4LO,fork exposedKing long
3CCAp,attraction capturingDefender long
3CVqg,quietMove pawnEndgame long
3D5qh,hangingPiece short
3DFXQ,trappedPiece short
3DJIM,mateIn1 mate kingsideAttack oneMove
3Ddtu,quietMove interference kingsideAttack veryLong
3E06S,exposedKing skewer interference intermezzo queenRookEndgame long
3E9Pe,short
3EpBX,mateIn2 mate kingsideAttack short
3Eve6,skewer short
3ExCt,mateIn1 mate rookEndgame oneMove
3FOm7,mateIn1 mate oneMove
3FOqg,mateIn1 mate queensideAttack oneMove
3FU3X,mateIn1 mate queenEndgame oneMove
3FYnl,defensiveMove hangingPiece long
3GCdm,mateIn5 mate sacrifice kingsideAttack veryLong
3GI9t,fork short
3GIF7,kingsideAttack long
3GTJR,deflection advancedPawn exposedKing long
3GTo4,mateIn1 mate oneMove
3GimC,mateIn2 mate advancedPawn promotion rookEndgame short
3Gw07,defensiveMove short
3H44l,mateIn1 mate oneMove
3HWWy,mateIn1 mate backRankMate oneMove
3HXRf,short
3HgPa,quietMove pawnEndgame short
3Hkd8,mateIn3 mate discoveredAttack long
3HwUW,fork short
3I40O,short
3I8hj,mateIn4 mate deflection veryLong
3IG7c,mateIn1 mate oneMove
3IJpx,advancedPawn rookEndgame long
3ISOU,pin queensideAttack short
3IsDc,hangingPiece intermezzo kingsideAttack short
3Jdy1,attraction sacrifice kingsideAttack short
3JeWQ,mateIn1 mate backRankMate hangingPiece rookEndgame oneMove
3Jph0,short
3KCvr,mateIn2 mate kingsideAttack short
3KG9R,skewer short
3KOlq,defensiveMove pin veryLong
3KSPv,long
3Keon,advancedPawn pawnEndgame long
3KuDu,rookEndgame short
3KxLV,mateIn2 mate kingsideAttack short
3L8xA,mateIn1 mate smotheredMate oneMove
3LCkN,short
3LJBN,mateIn1 mate oneMove
3LJdk,mateIn2 mate short
3LMZ4,fork short
3LaEJ,deflection pin veryLong
3Lf0n,mateIn1 mate backRankMate oneMove
3Lp86,mateIn4 mate sacrifice veryLong
3LpKg,mateIn1 mate oneMove
3Lv3C,mateIn1 mate oneMove
3MjGP,deflection rookEndgame short
3Mp4B,quietMove short
3NBli,skewer short
3NQ6J,mateIn1 mate oneMove
3Nj8v,fork long
3NrFd,attraction sacrifice kingsideAttack veryLong
3NyGB,fork long
3O2ba,mateIn1 mate oneMove
3ONq4,fork long
3ONuL,long
3OdE1,hangingPiece short
3OlAR,mateIn2 mate sacrifice kingsideAttack short
3Olsn,interference long
3PAWH,mateIn1 mate kingsideAttack oneMove
3PEYg,deflection long
3Psnh,discoveredAttack short
3Pzyq,mateIn1 mate oneMove
3Q0kD,mateIn1 mate oneMove
3Q9NG,mateIn2 mate short
3QBZu,mateIn1 mate oneMove
3QLQO,attraction fork veryLong
3QPbP,short
3QXJ5,mateIn3 mate long
3QcUb,mateIn3 mate smotheredMate doubleCheck sacrifice kingsideAttack long
3RYcj,defensiveMove long
3SGeM,mateIn2 mate backRankMate sacrifice short
3SHg2,advancedPawn bishopEndgame short
3SlGa,defensiveMove veryLong
3Sshl,mateIn2 mate short
3SviI,advancedPawn long
3T3gc,short
3TCZu,deflection fork long
3TFhe,deflection long
3TKuO,deflection short
3TMaQ,mateIn2 mate deflection short
3TZUM,pin short
3U1TC,mateIn1 mate oneMove
3UIds,mateIn1 mate kingsideAttack oneMove
3UUzC,exposedKing skewer long
3UcHB,hangingPiece long
3VEyM,long
3VUeU,short
3VVRy,mateIn1 mate hangingPiece oneMove
3VWUJ,skewer short
3Vgkf,mateIn3 mate long
3WcJ0,discoveredAttack short
3Wn7Z,mateIn1 mate oneMove
3X0Ld,mateIn4 mate sacrifice kingsideAttack veryLong
3X32T,fork attackingF2F7 long
3X6zN,skewer long
3XM9v,fork short
3XQc4,short
3XRDN,short
3XsqN,mateIn2 mate kingsideAttack short
3XzSE,defensiveMove sacrifice long
3YAQo,mateIn2 mate short
3YLhp,fork short
3Yp0Z,defensiveMove hangingPiece intermezzo long
3Z6UQ,intermezzo short
3ZO5Z,quietMove veryLong
3Zxl4,short
3a9Px,rookEndgame short
3aGf1,exposedKing veryLong
3aeoj,mateIn2 mate short
3b7kp,short
3bRkv,mateIn1 mate oneMove
3c2Ym,mateIn2 mate backRankMate short
3c6Dy,mateIn1 mate oneMove
3cOER,discoveredAttack kingsideAttack veryLong
3cYSx,quietMove short
3cibc,pawnEndgame long
3d6cc,long
3d9dP,sacrifice exposedKing kingsideAttack long
3dETG,discoveredAttack short
3dHAX,skewer rookEndgame short
3dN9A,defensiveMove pawnEndgame long
3dlkp,fork discoveredAttack long
3eup1,pin queenRookEndgame short
3f1SX,kingsideAttack long
3fLdm,long
3fQJl,mateIn1 mate kingsideAttack oneMove
3fTku,short
3fZAT,mateIn3 mate backRankMate sacrifice long
3fZCF,quietMove defensiveMove queenEndgame long
3fo3p,exposedKing long
3fs0M,mateIn1 mate oneMove
3g8kG,quietMove pawnEndgame veryLong
3gRG9,advancedPawn promotion rookEndgame long
3gZCq,deflection advancedPawn promotion queenRookEndgame veryLong
3gbZf,sacrifice skewer long
3h3AU,mateIn2 mate short
3hhiK,mateIn2 mate short
3hsfB,fork veryLong
3hzja,deflection defensiveMove hangingPiece discoveredAttack skewer rookEndgame veryLong
3iC2q,defensiveMove short
3idj1,long
3igNP,mateIn3 mate long
3iv2r,pawnEndgame short
3jAE1,mateIn1 mate oneMove
3jbej,mateIn2 mate kingsideAttack short
3jhN6,attraction fork exposedKing veryLong
3jlIK,long
3kF2V,quietMove bishopEndgame long
3kJd6,mateIn2 mate short
3kMbZ,mateIn2 mate short
3krz8,short
3kuCG,mateIn2 mate attraction sacrifice kingsideAttack short
3lR9N,veryLong
3lTBR,mateIn4 mate exposedKing veryLong
3mJKN,short
3mUjq,mateIn3 mate smotheredMate doubleCheck sacrifice long
3mgRP,defensiveMove fork long
3mjAn,advancedPawn pin long
3nLKm,mateIn1 mate kingsideAttack oneMove
3nSIk,short
3nn8T,mateIn2 mate backRankMate short
3o2qN,fork short
3oJQc,mateIn2 mate kingsideAttack short
3oc2A,fork short
3omBT,fork short
3omRA,sacrifice fork long
3p4Ak,capturingDefender long
3piSj,fork short
3qB1q,mateIn1 mate oneMove
3qWWF,mateIn1 mate oneMove
3qlnl,rookEndgame long
3r0CD,fork short
3r53M,mateIn1 mate kingsideAttack oneMove
3rG5v,mateIn1 mate oneMove
3rUA8,mateIn1 mate hangingPiece oneMove
3rYyG,short
3rc87,mateIn2 mate rookEndgame short
3rjDR,mateIn2 mate short
3rwuS,mateIn2 mate hangingPiece short
3rxHJ,deflection long
3sHHj,mateIn2 mate short
3sHMT,quietMove pin short
3t8Ip,mateIn1 mate oneMove
3tIto,advancedPawn rookEndgame short
3u7IQ,long
3vIgD,short
3vSUw,mateIn1 mate oneMove
3vfQK,short
3vhHI,mateIn2 mate queenRookEndgame short
3vpP6,pin short
3vsZa,mateIn2 mate hookMate kingsideAttack short
3wBAt,quietMove long
3wF5T,hangingPiece short
3waP9,mateIn1 mate oneMove
3webW,queenEndgame long
3wxG4,mateIn2 mate attraction sacrifice kingsideAttack short
3x3ko,advancedPawn pawnEndgame long
3x4rP,mateIn4 mate sacrifice fork veryLong
3x8wJ,mateIn2 mate kingsideAttack short
3xOzN,mateIn1 mate oneMove
3xQiT,mateIn2 mate short
3xkp2,defensiveMove rookEndgame long
3y4ZN,defensiveMove trappedPiece bishopEndgame long
3yVAV,mateIn2 mate sacrifice kingsideAttack short
3yccX,long
3yfvs,mateIn1 mate oneMove
3yjQg,short
3yy9d,short
3z8rG,short
3zBrn,short
3zHJG,quietMove defensiveMove pawnEndgame short
3zlwI,long
403Kh,mateIn2 mate sacrifice short
409sI,fork long
40CFg,discoveredAttack short
40kUj,deflection exposedKing long
41EqF,fork short
41JnP,fork long
422Lh,short
42EKO,mateIn2 mate short
42qHH,mateIn2 mate fork short
43CS9,fork skewer long
43GBr,sacrifice fork veryLong
43UHi,mateIn1 mate doubleCheck oneMove
440iE,mateIn1 mate kingsideAttack oneMove
444ku,mateIn3 mate sacrifice kingsideAttack long
44SQZ,long
44bRE,attraction sacrifice fork long
44c9w,fork short
44l9O,short
4532m,mateIn1 mate oneMove
45arD,mateIn2 mate backRankMate sacrifice short
45nTN,defensiveMove veryLong
464NX,castling short
46IJZ,pawnEndgame long
46Jyj,mateIn1 mate attackingF2F7 oneMove
46TF5,short
46VW2,mateIn2 mate short
470xC,bishopEndgame long
476Op,mateIn1 mate oneMove
47HX0,long
47QL9,mateIn1 mate oneMove
47xnT,quietMove defensiveMove pawnEndgame long
48ArP,mateIn1 mate oneMove
48CNN,deflection kingsideAttack long
48U9x,mateIn2 mate backRankMate queenEndgame short
48ebp,pin kingsideAttack long
492nI,deflection short
495Al,advancedPawn quietMove exposedKing veryLong
49GTL,mateIn1 mate attackingF2F7 oneMove
49Kxy,pin long
49PCz,mateIn2 mate attraction sacrifice kingsideAttack short
49iH5,mateIn1 mate kingsideAttack oneMove
49ryW,pin short
49ze8,deflection hangingPiece pin long
4AJc4,advancedPawn long
4B4Fr,fork veryLong
4B5hK,fork short
4BG6n,mateIn1 mate oneMove
4BL4d,skewer veryLong
4Bxpk,mateIn3 mate backRankMate long
4CAqO,short
4CdDm,pawnEndgame long
4CrdW,mateIn1 mate kingsideAttack oneMove
4Cs2C,long
4DOew,mateIn2 mate short
4Dek5,skewer short
4ECXH,pin short
4EnI4,pin long
4F096,advancedPawn bishopEndgame long
4FFyK,kingsideAttack long
4FKmV,pawnEndgame long
4FfO3,short
4FzST,fork short
4GN56,pin short
4GXCN,fork short
4GbA6,mateIn1 mate kingsideAttack oneMove
4GlNA,skewer short
4H23S,short
4H761,mateIn1 mate oneMove
4H8NT,mateIn2 mate short
4HN9e,defensiveMove clearance short
4Hgmo,short
4I3Nu,advancedPawn defensiveMove promotion short
4IJpG,short
4IOYv,mateIn2 mate short
4IUhm,kingsideAttack short
4IZ1Y,short
4Iwfx,fork short
4Iwxd,bishopEndgame short
4Ix2N,pin long
4J5iU,mateIn1 mate oneMove
4J6RL,long
4JDDN,long
4JSBI,short
4KMtG,short
4KXef,fork short
4KeZr,mateIn2 mate short
4Kz11,quietMove defensiveMove hangingPiece long
4LDpK,long
4LOna,short
4MJeK,mateIn1 mate backRankMate oneMove
4MX6N,short
4MYOB,mateIn2 mate short
4Mskj,pawnEndgame long
4NMXo,advancedPawn promotion bishopEndgame long
4NTwv,mateIn2 mate short
4NrZa,mateIn2 mate sacrifice short
4NyZJ,mateIn2 mate attraction short
4OUdG,discoveredAttack short
4Ot7p,advancedPawn promotion long
4P6bu,mateIn1 mate oneMove
4P8Kp,short
4PDYs,fork long
4PKtQ,pawnEndgame short
4QBZQ,advancedPawn enPassant veryLong
4QHwn,quietMove pawnEndgame veryLong
4QMAn,rookEndgame long
4QNue,defensiveMove discoveredAttack rookEndgame short
4QPBw,xRayAttack kingsideAttack short
4QWEv,mateIn1 mate backRankMate oneMove
4QWv1,long
4Qdp1,short
4QqLW,mateIn1 mate oneMove
4QwiL,mateIn2 mate attraction doubleCheck sacrifice kingsideAttack short
4Rlb1,mateIn4 mate discoveredAttack pin veryLong
4SCDe,discoveredAttack interference short
4ST29,advancedPawn short
4T0k6,sacrifice long
4T3uk,mateIn2 mate backRankMate short
4TGla,long
4TmMh,defensiveMove exposedKing rookEndgame long
4UF5O,mateIn1 mate oneMove
4UH1Q,mateIn1 mate oneMove
4UUoS,mateIn2 mate sacrifice short
4UdqC,deflection veryLong
4Uf8t,short
4VFV9,short
4VGL1,mateIn3 mate long
4VTmm,mateIn2 mate backRankMate deflection discoveredAttack short
4VemU,mateIn2 mate short
4Votb,advancedPawn attackingF2F7 pawnEndgame long
4VqSr,mateIn2 mate kingsideAttack short
4WFTf,quietMove defensiveMove pawnEndgame veryLong
4WLva,long
4WWTO,advancedPawn short
4Wd33,pin kingsideAttack long
4Wiy8,defensiveMove short
4WnQp,mateIn2 mate short
4WtcG,fork short
4XNke,mateIn2 mate attackingF2F7 short
4XOVr,mateIn1 mate queensideAttack oneMove
4XgpQ,fork discoveredAttack exposedKing pin veryLong
4XtHe,mateIn3 mate backRankMate sacrifice long
4Y6g3,mateIn2 mate short
4Y8qc,hangingPiece intermezzo short
4YEcD,mateIn1 mate kingsideAttack oneMove
4YOQm,mateIn1 mate oneMove
4Yc5v,long
4YcJT,fork short
4Yp2C,discoveredAttack long
4Yxsc,short
4Z4Y5,mateIn3 mate long
4Z7qO,mateIn1 mate rookEndgame oneMove
4Z9ia,discoveredAttack short
4ZTc7,mateIn1 mate oneMove
4ZUEy,quietMove veryLong
4Zcr2,defensiveMove sacrifice clearance veryLong
4ZvZC,pawnEndgame long
4a8fq,fork long
4aX7o,deflection short
4adtQ,skewer rookEndgame short
4bDAN,fork queenRookEndgame short
4c3P5,short
4cW6i,fork discoveredAttack long
4cZyg,mateIn1 mate oneMove
4cwiX,skewer long
4d3mc,attraction sacrifice fork discoveredAttack long
4dAmn,skewer queenRookEndgame short
4dDBd,short
4dcES,fork short
4eD6h,advancedPawn trappedPiece long
4eJPN,discoveredAttack short
4ewEH,quietMove pawnEndgame short
4fAFj,advancedPawn long
4faak,mateIn2 mate rookEndgame short
4fhoC,short
4fhpx,fork long
4fxZ5,mateIn2 mate kingsideAttack short
4fyYt,short
4g7TU,fork long
4gBs5,defensiveMove hangingPiece short
4gP9h,veryLong
4gTQc,deflection sacrifice discoveredAttack veryLong
4h79C,deflection long
4hBEa,mateIn2 mate kingsideAttack short
4hrz1,fork short
4huVj,mateIn2 mate backRankMate short
4iAlE,pin short
4iFcm,advancedPawn pawnEndgame long
4iP80,quietMove pawnEndgame long
4iswC,short
4iwLX,advancedPawn promotion veryLong
4j9TR,mateIn2 mate short
4jPhV,pin short
4jbRT,mateIn1 mate oneMove
4jnNQ,mateIn1 mate oneMove
4jvqw,attraction sacrifice fork long
4k4t3,mateIn1 mate oneMove
4kBut,short
4kGrJ,clearance veryLong
4kHlc,kingsideAttack short
4kOnL,defensiveMove short
4kYt3,mateIn2 mate kingsideAttack short
4l4fk,fork long
4lepM,mateIn1 mate oneMove
4lmby,discoveredAttack intermezzo kingsideAttack veryLong
4m4Kl,fork short
4mEy7,mateIn1 mate queensideAttack oneMove
4mS0m,advancedPawn quietMove pawnEndgame veryLong
4mWDa,fork short
4ncOV,mateIn3 mate quietMove rookEndgame long
4nrXY,short
4ntIL,quietMove pawnEndgame short
4oBIO,discoveredAttack long
4osmS,short
4pKNO,mateIn1 mate kingsideAttack oneMove
4pbM1,short
4pgMD,short
4q9YL,attraction fork long
4rARD,discoveredAttack kingsideAttack short
4rIxz,long
4rPth,exposedKing veryLong
4rlKK,mateIn1 mate oneMove
4rqWb,discoveredAttack short
4ruMd,mateIn1 mate oneMove
4rymx,mateIn2 mate backRankMate sacrifice short
4sECQ,mateIn1 mate oneMove
4sKDk,exposedKing skewer long
4sNVM,fork long
4sRq4,fork long
4sf1s,pawnEndgame short
4sq0E,short
4sqN7,fork long
4swYx,queenEndgame short
4tCrz,quietMove pawnEndgame veryLong
4tUUj,long
4tY4u,short
4tl0G,mateIn2 mate fork short
4u1CZ,mateIn1 mate oneMove
4u6is,attraction sacrifice fork long
4uAxe,veryLong
4uKGi,mateIn2 mate short
4uWXA,pin short
4uYMh,fork long
4urVY,mateIn2 mate rookEndgame short
4uw8k,mateIn1 mate kingsideAttack oneMove
4vIqV,quietMove long
4vS6F,sacrifice rookEndgame short
4vYgf,short
4vccg,mateIn2 mate kingsideAttack short
4vhaN,mateIn2 mate short
4wOnF,mateIn1 mate oneMove
4wuma,mateIn3 mate deflection discoveredAttack long
4wy8s,discoveredAttack long
4xePY,mateIn2 mate pin short
4xkj1,pawnEndgame long
4xwTn,pin short
4y0gb,mateIn2 mate short
4y2l4,mateIn2 mate kingsideAttack short
4y7Dd,exposedKing long
4yBeY,hangingPiece intermezzo short
4yNhQ,mateIn1 mate smotheredMate kingsideAttack oneMove
4yVST,mateIn2 mate kingsideAttack short
4yWN9,mateIn1 mate oneMove
4ygTG,defensiveMove rookEndgame short
4yzRg,fork short
4zbFp,fork short
4zjmV,kingsideAttack short
4zzGd,mateIn2 mate backRankMate rookEndgame short
50QXU,mateIn2 mate sacrifice pin short
50nOc,fork skewer clearance veryLong
51NXD,trappedPiece discoveredAttack short
51acl,short
51bF6,pawnEndgame long
51p0W,mateIn1 mate oneMove
521hZ,mateIn1 mate queensideAttack oneMove
523QC,discoveredAttack short
52EQ7,long
52QAP,mateIn1 mate oneMove
52Xso,mateIn1 mate oneMove
52YEe,mateIn1 mate oneMove
52jkD,short
52xRn,defensiveMove long
537Ra,skewer veryLong
542j8,fork pin veryLong
5480L,mateIn2 mate short
5495E,discoveredAttack long
549EE,mateIn1 mate backRankMate queenRookEndgame oneMove
54R3A,mateIn1 mate queensideAttack oneMove
54aER,mateIn2 mate sacrifice short
54fFu,pin short
54skK,mateIn1 mate backRankMate hangingPiece oneMove
55BnD,mateIn3 mate backRankMate long
55LHJ,short
563wW,fork long
567uP,defensiveMove pawnEndgame long
56OC7,short
56Pgu,mateIn1 mate oneMove
56Tjl,mateIn3 mate long
57CH7,mateIn3 mate long
57Fl7,defensiveMove bishopEndgame veryLong
57OsH,fork capturingDefender long
57V6z,quietMove short
57a2V,long
57cq6,fork long
58ZwT,mateIn2 mate hangingPiece short
58taj,mateIn3 mate sacrifice long
59IfE,mateIn1 mate oneMove
59Wk8,quietMove pawnEndgame long
5AFSD,fork veryLong
5AydT,mateIn1 mate oneMove
5BLNY,discoveredAttack kingsideAttack veryLong
5BxlD,mateIn2 mate fork short
5C5Pq,rookEndgame long
5CSyO,advancedPawn promotion short
5CZRW,discoveredAttack kingsideAttack short
5Ci2H,long
5CmUh,mateIn2 mate attraction sacrifice kingsideAttack short
5Cxsm,long
5DAXI,fork short
5DHPV,mateIn3 mate attraction sacrifice long
5DKAv,sacrifice fork pin clearance veryLong
5DP6t,attraction fork exposedKing long
5DpjG,mateIn2 mate short
5E0jA,mateIn1 mate backRankMate oneMove
5EDFP,quietMove sacrifice veryLong
5EFsY,mateIn2 mate backRankMate short
5EmXQ,mateIn3 mate attraction deflection sacrifice exposedKing long
5Eys2,mateIn2 mate backRankMate short
5FErq,fork long
5FGEL,mateIn1 mate kingsideAttack oneMove
5FHPM,deflection pin long
5FLmG,mateIn1 mate oneMove
5FWRu,attraction doubleCheck sacrifice queensideAttack veryLong
5FiiB,pawnEndgame long
5Fv5X,short
5G1hD,discoveredAttack short
5G6lV,mateIn2 mate doubleCheck kingsideAttack short
5Gt2F,deflection long
5H8Dj,mateIn1 mate oneMove
5H8Nd,advancedPawn promotion pawnEndgame veryLong
5H8qo,short
5HHP2,long
5HeyG,quietMove short
5I0mN,attraction sacrifice fork veryLong
5IJNk,mateIn1 mate oneMove
5Inka,fork short
5Iu7o,short
5JEWp,interference short
5JGMx,mateIn1 mate kingsideAttack oneMove
5JVLA,kingsideAttack long
5JWxt,mateIn1 mate oneMove
5JqNf,mateIn2 mate discoveredAttack intermezzo kingsideAttack short
5Jqf1,fork short
5JzG9,mateIn1 mate oneMove
5JzhL,skewer queenEndgame short
5K3YF,rookEndgame long
5KMjY,pawnEndgame long
5KeRx,short
5KlW8,mateIn2 mate short
5KpoX,defensiveMove pawnEndgame long
5KrlI,short
5KufM,hangingPiece rookEndgame veryLong
5LSfN,mateIn2 mate fork short
5LZDW,mateIn1 mate kingsideAttack oneMove
5Lfiz,intermezzo long
5LnCq,intermezzo short
5M5Hn,mateIn1 mate hangingPiece oneMove
5M9ED,discoveredAttack short
5MMKU,short
5MOL9,discoveredAttack long
5NDL1,fork short
5Nd1F,short
5Nikv,short
5NlKY,long
5NqJk,mateIn2 mate attraction sacrifice short
5ODII,mateIn1 mate oneMove
5PEID,fork short
5PQ4G,mateIn2 mate rookEndgame short
5Peik,short
5Pfu3,deflection long
5Pj3r,mateIn1 mate oneMove
5Pqj8,mateIn1 mate oneMove
5Q0hm,defensiveMove rookEndgame short
5Q337,kingsideAttack long
5RShH,defensiveMove short
5Rd4D,fork long
5Rtfr,fork long
5S1TK,deflection short
5SQbv,mateIn1 mate queenRookEndgame oneMove
5Sy91,mateIn2 mate short
5T0OH,mateIn1 mate oneMove
5T9M4,pawnEndgame long
5TdsT,attraction advancedPawn sacrifice exposedKing promotion kingsideAttack veryLong
5UEN8,short
5VF3r,advancedPawn pawnEndgame long
5VI1q,defensiveMove pawnEndgame short
5VNzM,mateIn1 mate pin oneMove
5VVHa,advancedPawn short
5VroE,short
5WEJi,mateIn2 mate fork short
5WL4a,attraction deflection veryLong
5WoS0,intermezzo short
5X7zK,sacrifice clearance long
5XBFZ,short
5XJqa,fork short
5XLJ0,advancedPawn sacrifice discoveredAttack queensideAttack veryLong
5XPOE,defensiveMove long
5XRHN,short
5Y96F,mateIn1 mate backRankMate oneMove
5YSDA,mateIn1 mate oneMove
5YUmv,skewer short
5YWVD,mateIn2 mate short
5ZLit,fork short
5ZofZ,short
5Zyp7,mateIn2 mate short
5a3hX,fork short
5aBg7,deflection advancedPawn promotion rookEndgame short
5aLRR,fork exposedKing veryLong
5aiN0,discoveredAttack short
5bAWM,fork short
5bCpO,advancedPawn bishopEndgame short
5bF4z,advancedPawn veryLong
5bNXx,long
5bWoR,short
5bXdQ,defensiveMove pin long
5bmaw,mateIn1 mate oneMove
5cAZq,kingsideAttack short
5cQiH,mateIn1 mate kingsideAttack oneMove
5cY5W,advancedPawn quietMove pawnEndgame veryLong
5cZeS,exposedKing rookEndgame long
5d8Vw,kingsideAttack long
5dNAY,mateIn1 mate oneMove
5df8t,exposedKing long
5dfUN,mateIn1 mate oneMove
5dhHI,fork short
5du9P,short
5dyZL,mateIn1 mate oneMove
5e5mm,short
5e85g,mateIn1 mate oneMove
5eOrG,mateIn1 mate oneMove
5eQ8t,short
5ejOO,rookEndgame long
5epC2,mateIn1 mate oneMove
5fDzu,fork pin long
5fGmX,defensiveMove long
5fMiJ,mateIn2 mate short
5ftGD,defensiveMove queenEndgame long
5fwdN,defensiveMove pawnEndgame long
5gAzq,mateIn2 mate hookMate short
5gQhm,long
5gUnO,mateIn2 mate short
5gioN,deflection short
5gjeI,attraction sacrifice discoveredAttack veryLong
5hAVW,fork short
5hPHz,mateIn1 mate attackingF2F7 oneMove
5hSak,discoveredAttack veryLong
5hVA9,pawnEndgame veryLong
5hYHt,mateIn2 mate smotheredMate short
5i9Yd,long
5iB0L,mateIn1 mate kingsideAttack oneMove
5iB8C,deflection long
5iOUX,mateIn1 mate oneMove
5ik0V,hangingPiece short
5ipBM,long
5ixtR,capturingDefender short
5jDSY,mateIn1 mate oneMove
5jz9n,attraction doubleCheck long
5kI9z,deflection advancedPawn fork promotion veryLong
5kPks,long
5kSkd,mateIn2 mate short
5kbOA,short
5klWE,mateIn1 mate smotheredMate oneMove
5krUY,attraction fork exposedKing long
5kuow,deflection short
5kzKm,quietMove pawnEndgame short
5lTWX,mateIn2 mate short
5lalH,long
5mOhd,short
5mYVk,mateIn2 mate kingsideAttack short
5mfll,pin short
5mnRj,intermezzo short
5nAW4,rookEndgame long
5nUPH,fork short
5nfQ7,mateIn1 mate rookEndgame oneMove
5nmOp,advancedPawn fork long
5o4di,knightEndgame short
5o5vb,long
5oUkh,short
5oYht,mateIn1 mate queenRookEndgame oneMove
5oeQ2,trappedPiece long
5opld,mateIn1 mate oneMove
5pA1f,mateIn2 mate short
5pUM3,discoveredAttack short
5q3cd,mateIn1 mate oneMove
5qIKS,fork short
5qa3i,rookEndgame short
5qrbu,defensiveMove veryLong
5re9M,long
5rn9P,mateIn1 mate pin oneMove
5s523,mateIn2 mate short
5s9HW,mateIn1 mate oneMove
5sAf1,advancedPawn long
5sBtB,quietMove pawnEndgame long
5sDfh,discoveredAttack exposedKing long
5sFOP,advancedPawn promotion rookEndgame short
5sIUs,mateIn2 mate sacrifice short
5sNqK,defensiveMove short
5sWgL,defensiveMove pawnEndgame short
5sbgj,mateIn1 mate rookEndgame oneMove
5sooS,mateIn3 mate attraction sacrifice long
5stsp,long
5tX3L,quietMove long
5tgZo,mateIn2 mate backRankMate fork short
5thGQ,defensiveMove rookEndgame long
5tkgL,advancedPawn long
5uM2j,fork capturingDefender long
5uO0y,discoveredAttack short
5uWoO,mateIn1 mate oneMove
5umku,trappedPiece long
5v7tM,discoveredAttack short
5vo4z,short
5vp5r,discoveredAttack short
5vpfK,mateIn1 mate oneMove
5vtwi,quietMove short
5vtyH,attraction fork exposedKing veryLong
5wJuB,fork short
5wKl8,knightEndgame long
5wSqP,sacrifice exposedKing long
5wTW8,mateIn1 mate oneMove
5wqfT,defensiveMove rookEndgame long
5x8tb,skewer clearance rookEndgame long
5xXSE,deflection fork discoveredAttack long
5xbfo,discoveredAttack short
5xn6f,defensiveMove knightEndgame long
5yIqW,short
5yglg,mateIn2 mate pin queensideAttack short
5yucw,sacrifice kingsideAttack veryLong
5ziqp,mateIn1 mate oneMove
5znEW,advancedPawn quietMove promotion pawnEndgame veryLong
5zsGB,pin short
605S8,mateIn1 mate oneMove
60EaI,deflection veryLong
60Hjh,short
60xGa,mateIn2 mate short
6130w,fork short
615ht,short
618q7,quietMove pawnEndgame veryLong
61J9e,quietMove clearance long
61W9D,kingsideAttack long
6206a,knightEndgame veryLong
622uj,mateIn2 mate backRankMate hangingPiece short
62Rid,exposedKing pin veryLong
62YG0,queenEndgame long
62cgb,fork long
62k3E,deflection short
62nR0,mateIn1 mate oneMove
6354o,deflection pawnEndgame short
63IqD,long
63cjo,quietMove veryLong
63cnN,pawnEndgame long
63kfn,trappedPiece rookEndgame long
647oH,discoveredAttack long
64Bmu,mateIn2 mate short
64Fb7,fork short
64H0X,hangingPiece short
64Nks,attraction queensideAttack long
64dwm,mateIn2 mate short
64rss,mateIn2 mate kingsideAttack short
64vcy,discoveredAttack kingsideAttack short
65VtZ,mateIn1 mate oneMove
65lYz,mateIn1 mate arabianMate oneMove
65wli,mateIn1 mate kingsideAttack oneMove
66TH4,mateIn1 mate oneMove
66kWp,mateIn2 mate xRayAttack short
678OK,short
67D3R,capturingDefender short
67EJo,mateIn1 mate oneMove
67UGS,discoveredAttack short
67moG,intermezzo rookEndgame short
67yAA,sacrifice fork long
67z5s,defensiveMove pawnEndgame short
6860l,mateIn1 mate oneMove
68DkG,deflection rookEndgame short
68Kyo,long
68M5C,short
68TPM,pawnEndgame long
68iXT,short
68klr,mateIn2 mate short
68qCQ,long
6977m,mateIn1 mate hangingPiece kingsideAttack oneMove
698zZ,xRayAttack long
69bfN,mateIn2 mate short
69fkp,short
69vNk,mateIn2 mate pin short
6A1EF,sacrifice long
6AZEa,mateIn3 mate long
6Af7X,mateIn1 mate oneMove
6AiYj,long
6Aljk,long
6B8r3,pin short
6B8wc,skewer rookEndgame short
6BB9X,attraction sacrifice fork pin long
6BFrd,mateIn1 mate oneMove
6Bao2,exposedKing veryLong
6BfYp,advancedPawn discoveredAttack rookEndgame long
6C8VZ,fork short
6CYcH,mateIn2 mate short
6D1mt,deflection veryLong
6DMCo,mateIn1 mate queenEndgame oneMove
6DmVx,skewer veryLong
6EASc,defensiveMove pawnEndgame long
6EY0O,mateIn1 mate oneMove
6EwSn,short
6ExxA,mateIn1 mate rookEndgame oneMove
6F1jo,mateIn1 mate oneMove
6FI1J,pawnEndgame short
6GE6o,defensiveMove knightEndgame short
6GmoN,long
6Gqom,pin kingsideAttack long
6Gux7,sacrifice pin veryLong
6HG8y,mateIn1 mate oneMove
6HKtN,long
6HNzO,short
6HPYM,short
6Hepd,defensiveMove long
6JPJf,mateIn1 mate kingsideAttack oneMove
6K5N3,mateIn1 mate kingsideAttack oneMove
6KAEG,mateIn2 mate short
6KHUK,advancedPawn long
6Kbm7,attraction sacrifice skewer long
6KkLe,mateIn1 mate oneMove
6KsIz,short
6L0LS,fork veryLong
6LFqw,mateIn2 mate kingsideAttack short
6LGyH,mateIn1 mate oneMove
6LKff,mateIn2 mate short
6LRgf,mateIn2 mate backRankMate fork short
6LdJb,mateIn1 mate oneMove
6LreN,defensiveMove short
6M7hp,advancedPawn rookEndgame long
6M8TI,attackingF2F7 long
6MPuB,veryLong
6MUJX,mateIn1 mate oneMove
6MgdK,short
6Mlb6,advancedPawn defensiveMove rookEndgame long
6N2U2,fork short
6NEeX,short
6NiIR,mateIn2 mate short
6Nqmq,fork short
6Ns0e,sacrifice short
6NuiX,deflection short
6O9Tn,trappedPiece clearance long
6OOoc,xRayAttack hangingPiece long
6OZJS,mateIn1 mate kingsideAttack oneMove
6Oclg,deflection short
6OdCB,short
6OnUs,short
6OrCU,trappedPiece long
6P3em,queenEndgame short
6P8rl,short
6PLAp,deflection kingsideAttack long
6PVmf,mateIn1 mate kingsideAttack oneMove
6PWzo,attraction advancedPawn discoveredAttack promotion long
6Pizl,defensiveMove queenEndgame long
6PrBO,sacrifice discoveredAttack intermezzo pin capturingDefender veryLong
6PuZe,short
6Q6qp,discoveredAttack pin veryLong
6QJ1h,long
6QRe1,quietMove long
6QSPc,long
6QZ1d,mateIn1 mate attackingF2F7 oneMove
6QdB1,fork short
6QkQ2,mateIn1 mate hangingPiece oneMove
6QmGm,kingsideAttack short
6QoZJ,mateIn1 mate rookEndgame oneMove
6R75a,defensiveMove long
6RCHk,deflection quietMove veryLong
6RItQ,mateIn1 mate oneMove
6RY9Z,mateIn2 mate fork short
6SL2K,mateIn1 mate oneMove
6SYtp,mateIn2 mate backRankMate short
6TN2V,mateIn3 mate backRankMate sacrifice long
6TzfJ,attraction deflection exposedKing long
6U5to,deflection exposedKing long
6UV9x,fork exposedKing pin clearance long
6UVqp,hangingPiece veryLong
6UXI0,fork exposedKing veryLong
6UqSg,pin short
6VE9R,long
6Vd1s,discoveredAttack short
6Vju2,quietMove short
6WHPa,deflection advancedPawn hangingPiece exposedKing promotion veryLong
6WRzm,exposedKing pin long
6WhDg,fork long
6Wi0r,mateIn1 mate oneMove
6WnR3,quietMove defensiveMove long
6Wq05,fork pin veryLong
6WxgW,deflection skewer rookEndgame long
6X3rX,quietMove long
6XIs0,fork short
6XNjO,intermezzo short
6XQha,mateIn2 mate short
6XToG,deflection advancedPawn long
6XgpN,mateIn2 mate kingsideAttack short
6Y3Mx,mateIn2 mate deflection short
6YG3S,exposedKing skewer queenRookEndgame veryLong
6YJyC,quietMove long
6YLYH,mateIn1 mate rookEndgame oneMove
6ZfPq,mateIn1 mate oneMove
6Zls8,skewer queenRookEndgame short
6a58q,fork short
6aL1m,mateIn2 mate short
6alHC,defensiveMove fork veryLong
6amm7,sacrifice short
6anpO,pin capturingDefender long
6b2jS,mateIn2 mate kingsideAttack short
6b9CU,mateIn3 mate deflection long
6bH4n,mateIn1 mate oneMove
6butm,fork short
6bvHq,short
6cYWc,quietMove pin long
6cvXe,fork long
6dF6r,mateIn3 mate deflection long
6dI2r,advancedPawn promotion rookEndgame short
6dWoN,queenEndgame short
6dZSP,mateIn1 mate oneMove
6dbAT,mateIn3 mate queensideAttack long
6ddta,advancedPawn rookEndgame short
6dfdN,mateIn1 mate oneMove
6dfgh,mateIn2 mate queenEndgame short
6dgWH,sacrifice short
6dhxl,advancedPawn rookEndgame short
6e6Wl,exposedKing long
6eE5Z,long
6ePDu,mateIn1 mate arabianMate kingsideAttack oneMove
6ed2U,long
6esS8,mateIn1 mate oneMove
6etJ0,fork pin short
6f311,mateIn2 mate short
6fAHF,discoveredAttack long
6fG4i,long
6fdYd,defensiveMove short
6fdx1,bishopEndgame short
6ftK0,defensiveMove pawnEndgame short
6g0c5,mateIn2 mate queenEndgame short
6g0ck,short
6gBnI,discoveredAttack short
6gKb2,advancedPawn discoveredAttack kingsideAttack short
6gOLf,mateIn1 mate kingsideAttack oneMove
6gbIf,quietMove pawnEndgame short
6glcC,mateIn2 mate short
6gzCP,mateIn1 mate oneMove
6h0sl,mateIn2 mate queensideAttack short
6hQEu,defensiveMove queenEndgame long
6hWJr,fork veryLong
6haLt,exposedKing long
6hlGK,defensiveMove pawnEndgame veryLong
6i82k,mateIn1 mate kingsideAttack oneMove
6idFm,queenEndgame long
6iyvZ,short
6j4cX,sacrifice long
6j8DN,fork long
6jQXm,short
6jbL6,mateIn1 mate oneMove
6k6iw,sacrifice veryLong
6kGKK,mateIn1 mate oneMove
6kJRz,advancedPawn pawnEndgame long
6kNAF,deflection skewer rookEndgame long
6kdtp,attraction doubleCheck fork veryLong
6kjpC,mateIn2 mate short
6koH0,short
6l4z1,fork short
6lAzL,sacrifice pin long
6lJvQ,mateIn1 mate oneMove
6lLHM,fork short
6lYQT,trappedPiece short
6lwLM,long
6m1v2,defensiveMove long
6mBSL,mateIn2 mate short
6mQLn,mateIn3 mate long
6mRG5,mateIn2 mate short
6mVc7,exposedKing long
6mk0k,kingsideAttack short
6nP39,mateIn2 mate sacrifice discoveredAttack kingsideAttack short
6nTMr,discoveredAttack long
6nWJc,mateIn2 mate sacrifice short
6nbPn,attraction deflection sacrifice fork discoveredAttack exposedKing veryLong
6oFFs,mateIn1 mate oneMove
6oO2f,mateIn1 mate queensideAttack oneMove
6oPz7,mateIn3 mate sacrifice long
6oisB,short
6olGv,veryLong
6pEPv,mateIn1 mate oneMove
6pGpr,deflection short
6pIvi,quietMove pawnEndgame long
6pZtX,mateIn4 mate attraction sacrifice fork veryLong
6pcUi,sacrifice fork long
6qZGg,mateIn1 mate kingsideAttack oneMove
6rDXK,advancedPawn promotion knightEndgame long
6sA80,hangingPiece rookEndgame short
6sPTB,long
6sY8Y,skewer long
6sZfi,short
6spcG,mateIn2 mate backRankMate queenRookEndgame short
6stzx,sacrifice short
6t35T,defensiveMove rookEndgame long
6t4jF,short
6tMp7,xRayAttack short
6tUBw,mateIn1 mate oneMove
6tZL0,sacrifice discoveredAttack long
6tZMN,advancedPawn rookEndgame long
6u5on,mateIn2 mate attraction sacrifice short
6uW2C,pin veryLong
6uogx,kingsideAttack long
6vjtW,mateIn1 mate oneMove
6wF7w,mateIn2 mate short
6wIIi,short
6wndh,advancedPawn quietMove promotion bishopEndgame veryLong
6xExl,mateIn1 mate oneMove
6xMUI,sacrifice discoveredAttack clearance kingsideAttack long
6xTMo,mateIn2 mate kingsideAttack short
6xYCi,quietMove long
6xnD1,mateIn2 mate hookMate short
6y3wM,mateIn1 mate hangingPiece oneMove
6y5nP,skewer long
6yM2z,short
6yMAF,fork rookEndgame short
6yTsV,quietMove short
6ymqo,fork pin long
6ynox,short
6yxLJ,fork short
6yyAI,discoveredAttack collinearMove pin short
6zYyE,mateIn3 mate fork long
6zoVH,mateIn2 mate pin short
6zq8H,long
6zxmJ,pin long
70Ai5,defensiveMove clearance long
70Rw8,mateIn1 mate kingsideAttack oneMove
70XLs,mateIn1 mate backRankMate oneMove
70dCF,mateIn1 mate oneMove
70oOP,mateIn1 mate hangingPiece kingsideAttack oneMove
71ZPX,discoveredAttack short
71bIa,mateIn1 mate oneMove
71cA5,short
71kMj,fork exposedKing long
71tap,fork short
71xOP,mateIn2 mate backRankMate short
7238d,mateIn2 mate deflection short
72TJm,fork short
72nuT,mateIn2 mate deflection hangingPiece pin short
73IV2,mateIn2 mate short
73beL,long
74Dse,short
74Gks,deflection advancedPawn exposedKing long
74WNw,pawnEndgame long
75ASR,mateIn2 mate short
75Jxz,mateIn1 mate oneMove
75V8F,fork exposedKing long
75uYX,quietMove long
7616q,rookEndgame short
76CMg,short
76CjT,mateIn1 mate oneMove
76bxP,short
76gZ2,trappedPiece short
76t4x,long
77In4,advancedPawn long
77ONi,quietMove long
77elH,mateIn1 mate rookEndgame oneMove
78DKR,hangingPiece short
78vGs,mateIn1 mate kingsideAttack oneMove
78xeC,short
79ELk,quietMove pawnEndgame long
79MgY,mateIn1 mate oneMove
79iiG,exposedKing rookEndgame long
79lZQ,short
79uzF,short
7AIFI,defensiveMove pawnEndgame long
7AlxQ,fork long
7B0jH,mateIn1 mate oneMove
7BDs1,short
7BZ2E,short
7BZdc,attraction deflection sacrifice kingsideAttack short
7BjoS,short
7CFZL,mateIn2 mate rookEndgame short
7CJtz,mateIn2 mate kingsideAttack short
7CQ8e,fork short
7Ccay,short
7DCA4,mateIn2 mate short
7DIUX,fork long
7DXTY,defensiveMove pawnEndgame long
7DZpt,pin short
7Dl6V,fork short
7Dv9u,long
7E1dN,long
7E25k,mateIn1 mate oneMove
7E6UE,fork discoveredAttack veryLong
7EPQh,rookEndgame long
7EU3s,mateIn1 mate oneMove
7Efmg,long
7F39K,short
7FOME,fork long
7FVKx,mateIn1 mate oneMove
7FcGA,mateIn3 mate backRankMate sacrifice long
7Ff5h,veryLong
7FuZn,fork short
7G6Cz,mateIn2 mate short
7GRSN,long
7GSyj,short
7H4sE,mateIn2 mate pin short
7H9wE,mateIn2 mate kingsideAttack short
7HD8m,fork short
7HNiI,mateIn2 mate sacrifice kingsideAttack short
7HbV3,mateIn2 mate short
7Hbva,fork exposedKing long
7HitX,pin short
7Hlv0,mateIn3 mate backRankMate sacrifice long
7HxxU,short
7I1Wk,mateIn1 mate kingsideAttack oneMove
7I3Wr,long
7I4cV,mateIn2 mate short
7IIpz,attraction deflection sacrifice fork long
7IQJa,bishopEndgame short
7IVPC,sacrifice exposedKing long
7JUlf,advancedPawn bishopEndgame short
7JmGb,quietMove pawnEndgame short
7JyLH,mateIn1 mate oneMove
7K18G,fork short
7KKnd,long
7KKx8,mateIn1 mate oneMove
7KZyw,mateIn1 mate oneMove
7KiHh,mateIn1 mate oneMove
7Kllv,mateIn2 mate kingsideAttack short
7KqBg,mateIn2 mate fork short
7L1Fk,fork short
7LxGJ,fork short
7M7f0,attraction fork long
7M9Wx,attraction long
7MND4,mateIn1 mate oneMove
7Mvlo,mateIn2 mate pin queensideAttack short
7NBDo,fork short
7NLsm,mateIn1 mate kingsideAttack oneMove
7NNmk,hangingPiece trappedPiece short
7NWxN,mateIn3 mate backRankMate long
7NvRF,mateIn1 mate oneMove
7OBGj,quietMove pawnEndgame long
7OLz0,pawnEndgame long
7OU3q,attraction sacrifice interference veryLong
7P5OS,pin short
7P9G7,hangingPiece long
7PGF5,mateIn1 mate oneMove
7PdBX,mateIn3 mate exposedKing long
7PmC7,fork queenRookEndgame short
7QAfC,mateIn1 mate oneMove
7QDbb,pawnEndgame long
7QSTg,skewer rookEndgame long
7QU0L,short
7QUeL,short
7QnRz,fork short
7QofD,attraction deflection fork capturingDefender long
7R0bW,sacrifice rookEndgame short
7R8RA,long
7RAOx,short
7RN5C,advancedPawn long
7RrTF,fork short
7S1dD,discoveredAttack kingsideAttack short
7SJmh,short
7SzfO,mateIn2 mate sacrifice kingsideAttack short
7TB3t,mateIn1 mate kingsideAttack oneMove
7TDx3,skewer short
7TQWO,mateIn1 mate kingsideAttack oneMove
7U1D2,mateIn1 mate oneMove
7Ulrx,short
7VCFS,long
7Vu5c,mateIn1 mate oneMove
7W2sZ,attraction deflection skewer queensideAttack veryLong
7WGHl,attraction sacrifice fork long
7WNKB,deflection discoveredAttack long
7WNZR,mateIn1 mate queensideAttack oneMove
7WRwH,mateIn2 mate sacrifice pin short
7WcQb,fork long
7XD2l,discoveredAttack veryLong
7XiIA,mateIn2 mate kingsideAttack short
7Xil9,mateIn2 mate short
7Xrtg,attraction short
7Y64a,mateIn1 mate hookMate oneMove
7YBrK,attraction exposedKing long
7YCWe,mateIn2 mate short
7YHDA,mateIn2 mate backRankMate short
7YNid,fork long
7YRLT,deflection kingsideAttack veryLong
7YSl0,defensiveMove short
7Yaa0,mateIn1 mate oneMove
7YiDD,attraction sacrifice fork pin veryLong
7YlZk,mateIn2 mate backRankMate short
7Yzct,mateIn1 mate backRankMate oneMove
7Z5Gt,mateIn1 mate attackingF2F7 oneMove
7Z6Gr,pawnEndgame long
7ZaHU,long
7ZhWK,intermezzo short
7a2ej,mateIn2 mate hangingPiece short
7a9Cs,hangingPiece short
7aTFn,pin veryLong
7aUZH,mateIn1 mate kingsideAttack oneMove
7aWza,kingsideAttack long
7aYHg,mateIn1 mate oneMove
7aoBH,mateIn2 mate short
7b1ER,short
7b7z1,doubleCheck short
7bEuM,queenEndgame long
7bFgV,pawnEndgame short
7bWqj,long
7bqAH,mateIn1 mate oneMove
7cgsb,attraction fork long
7d68A,advancedPawn quietMove defensiveMove promotion veryLong
7dFMm,short
7dIMJ,fork short
7dL0s,advancedPawn kingsideAttack short
7dN9J,sacrifice long
7dNOq,short
7dPOT,fork hangingPiece long
7dPbL,short
7dT6l,mateIn1 mate oneMove
7di8B,fork short
7eAvG,rookEndgame short
7eR8r,defensiveMove trappedPiece long
7epST,mateIn2 mate fork short
7f4yR,defensiveMove rookEndgame short
7fUYY,mateIn3 mate sacrifice clearance long
7fUa9,mateIn3 mate backRankMate long
7gGnF,mateIn1 mate oneMove
7gNfv,fork short
7gXuP,mateIn1 mate hangingPiece queenEndgame oneMove
7gYmF,long
7gmub,defensiveMove sacrifice discoveredAttack kingsideAttack veryLong
7gshY,deflection short
7h2iG,deflection short
7hKmU,mateIn2 mate short
7hL4e,advancedPawn rookEndgame short
7hO0P,defensiveMove short
7hYpM,mateIn2 mate kingsideAttack short
7heoO,mateIn1 mate kingsideAttack oneMove
7hog9,mateIn1 mate kingsideAttack oneMove
7huoL,mateIn2 mate short
7i9M8,mateIn2 mate queensideAttack short
7iUik,long
7iUpq,discoveredAttack short
7iYUq,intermezzo long
7ie5x,mateIn1 mate oneMove
7if8D,deflection clearance veryLong
7ir0N,mateIn1 mate oneMove
7jp9F,mateIn2 mate short
7jpfM,mateIn2 mate backRankMate rookEndgame short
7jsI5,mateIn1 mate oneMove
7kHxL,discoveredAttack long
7kkM2,short
7ksfJ,short
7lCw9,advancedPawn defensiveMove promotion veryLong
7lP8x,discoveredAttack pin kingsideAttack short
7lRh0,mateIn1 mate queensideAttack oneMove
7lVLS,short
7lZN3,mateIn2 mate kingsideAttack short
7lpVe,fork short
7lrCJ,pin short
7mAQQ,deflection intermezzo queensideAttack long
7mIzr,mateIn2 mate short
7mL6F,discoveredAttack short
7mUuL,pin short
7mX7U,fork short
7mpy2,mateIn1 mate kingsideAttack oneMove
7mzXF,fork short
7n1ry,mateIn3 mate sacrifice long
7nALi,pin veryLong
7nCQr,defensiveMove fork long
7nNMp,fork short
7nUlj,mateIn3 mate kingsideAttack long
7o6I6,veryLong
7oANs,mateIn1 mate kingsideAttack oneMove
7oWJd,mateIn2 mate backRankMate short
7oaWz,defensiveMove trappedPiece long
7p2eQ,fork short
7pKMI,long
7pO19,mateIn1 mate oneMove
7pQK0,kingsideAttack long
7pevj,rookEndgame veryLong
7piTU,fork short
7pvX8,mateIn2 mate short
7pw9X,mateIn2 mate short
7qGGH,skewer rookEndgame short
7rIgD,advancedPawn defensiveMove promotion long
7s1dE,mateIn1 mate doubleCheck kingsideAttack oneMove
7s6su,long
7senM,mateIn2 mate short
7t7er,discoveredAttack kingsideAttack long
7tMJl,short
7tN6y,short
7tW0b,veryLong
7u4mi,attraction fork exposedKing pin capturingDefender long
7u6wh,quietMove long
7uZpn,discoveredAttack short
7uxhm,hangingPiece rookEndgame veryLong
7vIRj,short
7vLrl,mateIn1 mate oneMove
7vMzY,quietMove pin long
7vhwS,mateIn2 mate short
7vu7n,pin short
7wHQK,fork long
7wX2O,fork long
7waBN,mateIn1 mate kingsideAttack oneMove
7wfS2,attraction fork veryLong
7wibd,mateIn1 mate oneMove
7wpTq,pin kingsideAttack veryLong
7wrAt,deflection pin veryLong
7wxDN,defensiveMove rookEndgame long
7x3d6,attraction deflection exposedKing kingsideAttack veryLong
7xFOA,attraction discoveredAttack veryLong
7xNyp,intermezzo short
7xUkF,attraction deflection sacrifice fork exposedKing long
7xVsH,rookEndgame long
7xYPG,long
7xfcF,kingsideAttack short
7y78E,mateIn1 mate oneMove
7yMUj,deflection short
7yV3D,mateIn1 mate oneMove
7z3v0,long
7ziFB,trappedPiece pin short
800TD,mateIn2 mate fork short
805U7,mateIn1 mate oneMove
80doV,short
80mdz,pin long
80o8E,mateIn1 mate oneMove
811tD,deflection long
81FxP,mateIn1 mate kingsideAttack oneMove
823wW,mateIn2 mate short
829EH,fork long
82SJN,rookEndgame short
82eck,mateIn1 mate oneMove
82nLh,long
83Adq,mateIn1 mate queenEndgame oneMove
83E7b,mateIn2 mate short
83V4H,mateIn3 mate backRankMate sacrifice long
84O1g,mateIn1 mate kingsideAttack oneMove
84esL,mateIn2 mate short
84q6y,short
85E3j,short
85QgK,rookEndgame long
86hRt,long
86uEV,mateIn2 mate backRankMate short
87HZx,capturingDefender short
87J6u,fork short
87NOe,mateIn2 mate short
87SJC,quietMove short
885Bl,short
889BT,hangingPiece long
88Qzo,short
88bDc,sacrifice pin kingsideAttack veryLong
88jVH,queenEndgame veryLong
89Ngy,exposedKing skewer long
89uNa,mateIn2 mate short
8BAQM,mateIn1 mate oneMove
8BCCd,deflection kingsideAttack long
8Blfo,mateIn1 mate oneMove
8CbEf,mateIn1 mate oneMove
8CqzF,deflection short
8Cx3h,defensiveMove pawnEndgame short
8D3oR,hangingPiece short
8D6DA,fork long
8D9Mv,knightEndgame long
8DUZj,deflection discoveredAttack veryLong
8DbPd,discoveredAttack collinearMove short
8DjLp,mateIn1 mate kingsideAttack oneMove
8Dx11,sacrifice fork veryLong
8E3w5,defensiveMove long
8EM9h,short
8Eahz,skewer rookEndgame short
8EhWH,bishopEndgame long
8EwUJ,defensiveMove veryLong
8Exex,long
8FC7D,quietMove knightEndgame short
8FX2q,fork long
8G0zU,mateIn2 mate short
8GMj5,sacrifice skewer pin long
8GO2I,short
8Gwr3,mateIn1 mate kingsideAttack oneMove
8GzDG,enPassant pawnEndgame veryLong
8H9hq,exposedKing long
8HFSa,defensiveMove pawnEndgame long
8HPAB,mateIn1 mate oneMove
8Hbyu,pin clearance short
8HjtF,fork short
8Hlpo,trappedPiece knightEndgame short
8HvG6,defensiveMove long
8II2n,fork short
8IP5t,fork long
8IWos,mateIn1 mate kingsideAttack oneMove
8Iawd,mateIn2 mate short
8Icwk,mateIn1 mate oneMove
8IhNn,mateIn1 mate oneMove
8JT5S,defensiveMove short
8Jewd,mateIn2 mate backRankMate short
8JgcS,pin short
8JmIg,mateIn1 mate oneMove
8JpbG,mateIn1 mate hangingPiece kingsideAttack oneMove
8Jxfu,mateIn1 mate oneMove
8KWog,long
8KeAU,mateIn1 mate kingsideAttack oneMove
8L114,fork short
8L6Fi,long
8LByd,quietMove knightEndgame veryLong
8LKWz,mateIn2 mate kingsideAttack short
8LVro,short
8Laee,fork long
8LoVv,mateIn2 mate backRankMate fork hangingPiece short
8M1Sb,mateIn1 mate oneMove
8MHad,quietMove sacrifice discoveredAttack long
8MZYj,fork long
8Mf3a,mateIn1 mate oneMove
8NDEe,long
8Ncu3,defensiveMove rookEndgame veryLong
8Neio,fork long
8Nnvy,fork short
8O2la,mateIn1 mate oneMove
8OAwC,long
8OAzz,long
8ObIC,pin short
8OeCB,fork short
8OedO,short
8PaJy,pawnEndgame long
8PcVx,hangingPiece short
8PjBY,mateIn2 mate kingsideAttack short
8Q6be,advancedPawn knightEndgame veryLong
8QbnG,fork short
8QfsR,quietMove long
8Qvdg,advancedPawn promotion pawnEndgame long
8RBVL,short
8RNAa,mateIn1 mate advancedPawn promotion oneMove
8RRKs,mateIn2 mate short
8Rl4G,mateIn1 mate oneMove
8RokB,mateIn3 mate long
8RztH,mateIn1 mate queensideAttack oneMove
8S8aZ,deflection defensiveMove long
8SEbL,mateIn1 mate rookEndgame oneMove
8SrY9,mateIn3 mate exposedKing collinearMove long
8Sscz,mateIn1 mate oneMove
8T51j,mateIn1 mate oneMove
8T8gf,quietMove long
8TApi,short
8Ts4z,mateIn2 mate short
8TxNS,kingsideAttack long
8U0j7,fork long
8U4qi,quietMove veryLong
8UC5x,mateIn3 mate long
8Ua6u,skewer queenEndgame short
8V4TI,fork veryLong
8VSUB,fork attackingF2F7 short
8Vszr,long
8WBcz,advancedPawn short
8WhFu,exposedKing rookEndgame veryLong
8WwoR,mateIn2 mate fork short
8WzAa,mateIn3 mate backRankMate sacrifice long
8X3Ci,advancedPawn short
8XTrj,veryLong
8XVTh,discoveredAttack long
8XWsv,fork short
8XgJx,fork short
8XkRt,mateIn2 mate pin kingsideAttack short
8YArX,sacrifice short
8YGAs,quietMove long
8YQth,fork short
8YRds,mateIn1 mate oneMove
8Ydlc,mateIn2 mate backRankMate hangingPiece short
8Yngv,mateIn1 mate oneMove
8YsmB,mateIn3 mate attraction doubleCheck sacrifice kingsideAttack long
8Z0s8,attraction sacrifice discoveredAttack veryLong
8ZWBw,fork short
8Zpgr,quietMove pawnEndgame long
8aR9T,mateIn1 mate oneMove
8aVo7,short
8amXM,advancedPawn sacrifice promotion long
8aqND,mateIn2 mate xRayAttack short
8b1mD,mateIn1 mate oneMove
8bWgw,short
8brE1,mateIn2 mate short
8cLmX,fork short
8cNhL,kingsideAttack short
8cURc,hangingPiece discoveredAttack veryLong
8cWhU,hangingPiece long
8d3hR,pin short
8d4mp,quietMove veryLong
8dCnO,mateIn1 mate oneMove
8dJsv,veryLong
8dPJi,hangingPiece pin veryLong
8dn2m,mateIn2 mate rookEndgame short
8dqFJ,fork short
8e4au,advancedPawn promotion pawnEndgame long
8eUbk,short
8eqf5,long
8ew3u,veryLong
8f41w,advancedPawn short
8f8lL,fork short
8fA0H,deflection short
8fIns,mateIn2 mate backRankMate short
8fSDJ,fork short
8fTqH,fork short
8fVHM,advancedPawn enPassant promotion veryLong
8fVyy,mateIn1 mate hangingPiece oneMove
8fbb0,defensiveMove rookEndgame long
8fqVg,short
8fuUe,sacrifice pin veryLong
8g6KG,short
8gq4E,queenEndgame short
8hYGt,mateIn1 mate oneMove
8hpWj,discoveredAttack kingsideAttack short
8hxNG,deflection short
8inj3,kingsideAttack long
8jAox,quietMove defensiveMove long
8jp4p,mateIn2 mate sacrifice short
8jpio,exposedKing rookEndgame long
8jv9X,discoveredAttack short
8kQah,mateIn1 mate oneMove
8kaG5,quietMove long
8khgo,mateIn1 mate kingsideAttack oneMove
8kphK,fork short
8kzwt,long
8l0x2,mateIn2 mate doubleCheck kingsideAttack short
8l4TK,mateIn2 mate smotheredMate sacrifice short
8lWaZ,fork short
8la3k,deflection rookEndgame long
8laby,mateIn5 mate defensiveMove exposedKing rookEndgame veryLong
8liQP,sacrifice pin short
8lmUE,mateIn2 mate short
8ln8W,fork long
8lvTy,mateIn4 mate veryLong
8lyMt,fork long
8mBBU,mateIn1 mate oneMove
8mXRX,short
8mbpk,mateIn3 mate long
8nAbj,mateIn1 mate kingsideAttack oneMove
8nNLK,mateIn1 mate backRankMate rookEndgame oneMove
8nbS2,mateIn1 mate oneMove
8nf6l,mateIn1 mate pin oneMove
8o20C,mateIn1 mate oneMove
8o8H1,long
8oHQu,mateIn2 mate advancedPawn kingsideAttack short
8ovSO,short
8pMT3,short
8pSYG,mateIn2 mate kingsideAttack short
8pePF,mateIn3 mate exposedKing long
8pmmm,discoveredAttack short
8prID,pin clearance queensideAttack long
8q6HQ,discoveredAttack short
8qOZi,mateIn1 mate hookMate oneMove
8qkNn,quietMove pin long
8rS6I,advancedPawn clearance queensideAttack veryLong
8rXMV,mateIn1 mate smotheredMate oneMove
8sHIN,short
8sTA3,mateIn1 mate oneMove
8sXv7,mateIn2 mate fork short
8scZy,intermezzo veryLong
8ssaA,pawnEndgame long
8t3gL,mateIn2 mate short
8t4zr,attraction sacrifice discoveredAttack exposedKing long
8tERJ,mateIn1 mate backRankMate hangingPiece oneMove
8tFLF,deflection short
8tGbv,discoveredAttack short
8tNfI,advancedPawn defensiveMove short
8tU1E,intermezzo short
8tdlH,kingsideAttack short
8terb,mateIn1 mate oneMove
8u0rk,fork discoveredAttack exposedKing pin long
8uD3J,mateIn3 mate attraction sacrifice long
8uEFH,mateIn1 mate doubleCheck oneMove
8uOHP,short
8uqO9,short
8vA0G,queenEndgame short
8vSp7,advancedPawn promotion long
8vczw,mateIn2 mate queensideAttack short
8vw4y,attraction fork exposedKing long
8wSNt,mateIn1 mate oneMove
8wqB5,mateIn1 mate oneMove
8xeLN,kingsideAttack short
8xi1a,rookEndgame short
8xrPA,deflection short
8y0SJ,fork capturingDefender long
8y1AT,quietMove veryLong
8ys3T,fork short
8zGEm,mateIn1 mate oneMove
8zSPr,long
8zT0f,deflection short
8zmgx,mateIn1 mate oneMove
8znxH,mateIn1 mate kingsideAttack oneMove
900Dl,attraction sacrifice short
90Mb9,short
90Q0V,advancedPawn short
90iWb,mateIn3 mate sacrifice long
90ind,advancedPawn quietMove pawnEndgame long
90moq,mateIn3 mate long
90wNv,mateIn1 mate rookEndgame oneMove
917Vj,short
918Fj,deflection veryLong
91Gmd,long
91Imp,mateIn1 mate kingsideAttack oneMove
91NzI,advancedPawn defensiveMove short
9260T,mateIn2 mate sacrifice short
92HGo,attraction fork long
92dNJ,short
92w0P,mateIn2 mate backRankMate short
92zWl,mateIn1 mate oneMove
93wTk,mateIn1 mate oneMove
94AHV,defensiveMove pawnEndgame long
94IoR,mateIn1 mate rookEndgame oneMove
94zkK,mateIn2 mate backRankMate rookEndgame short
95lRo,short
966Q8,mateIn3 mate exposedKing long
96aW0,quietMove pawnEndgame short
96eo5,mateIn1 mate oneMove
96vhv,mateIn2 mate short
97DEr,quietMove long
97IQb,long
97ZCt,discoveredAttack rookEndgame short
97xp3,mateIn1 mate oneMove
98fhe,mateIn2 mate short
98nwp,short
99LWY,mateIn1 mate attackingF2F7 oneMove
9A2fO,mateIn1 mate oneMove
9AHiZ,hangingPiece pin short
9AKhQ,hangingPiece capturingDefender long
9Aj3l,mateIn1 mate oneMove
9BSyl,long
9BTsb,attraction clearance kingsideAttack long
9BXow,queensideAttack short
9BgNj,deflection long
9BzAa,quietMove exposedKing rookEndgame veryLong
9CrrU,collinearMove long
9DApB,intermezzo kingsideAttack long
9DeUH,advancedPawn quietMove long
9DxNS,mateIn2 mate backRankMate sacrifice short
9DzqJ,long
9E4TK,mateIn1 mate kingsideAttack oneMove
9E81X,fork short
9ENcG,mateIn1 mate oneMove
9EbqN,hangingPiece rookEndgame long
9EjzU,discoveredAttack long
9F96a,discoveredAttack short
9FGhY,discoveredAttack kingsideAttack short
9FSDW,mateIn2 mate short
9FWfF,hangingPiece rookEndgame short
9FrBH,long
9G2zt,fork short
9G7UI,kingsideAttack short
9GLT0,deflection short
9H2GI,defensiveMove short
9H88u,rookEndgame long
9HEWS,fork short
9HHLf,long
9HKSo,mateIn1 mate queensideAttack oneMove
9Hl1X,mateIn1 mate oneMove
9Hl6s,advancedPawn rookEndgame long
9I5iD,rookEndgame short
9IQjt,attraction fork long
9IaqV,defensiveMove queenEndgame long
9IlbU,short
9Ive4,fork veryLong
9J8Dq,mateIn2 mate hangingPiece short
9J9lb,mateIn1 mate oneMove
9JExZ,mateIn1 mate kingsideAttack oneMove
9JFP7,short
9JTtu,sacrifice fork long
9Jjo9,mateIn1 mate oneMove
9KnPU,deflection long
9KyeZ,short
9L9Ez,deflection discoveredAttack short
9LMdf,defensiveMove long
9LMxu,attraction sacrifice pin long
9Lp4G,defensiveMove veryLong
9M7k0,fork short
9MGVc,veryLong
9MOk1,deflection short
9MW6E,mateIn2 mate deflection discoveredAttack short
9MYEs,skewer rookEndgame short
9MjWi,deflection fork long
9MwGs,kingsideAttack long
9MwMs,fork short
9NFE6,mateIn1 mate oneMove
9NcBE,mateIn2 mate short
9OMPY,discoveredAttack short
9OXxv,mateIn1 mate advancedPawn kingsideAttack oneMove
9OpHu,sacrifice short
9Oqst,mateIn1 mate oneMove
9Or9h,fork short
9Q3Ki,short
9Q7Eq,deflection sacrifice veryLong
9QXTm,deflection skewer rookEndgame long
9QiCK,sacrifice discoveredAttack exposedKing long
9Qpv4,mateIn1 mate backRankMate oneMove
9R2zd,attraction deflection fork veryLong
9ROui,mateIn1 mate oneMove
9S7gn,mateIn2 mate short
9S7oK,long
9TIYY,short
9TP0h,trappedPiece short
9TVtA,fork skewer short
9ULcw,mateIn1 mate kingsideAttack oneMove
9UUMz,veryLong
9Uplm,mateIn3 mate backRankMate sacrifice long
9UvAR,mateIn2 mate attraction short
9VMeH,mateIn2 mate short
9VXWz,defensiveMove hangingPiece short
9Vb7U,fork long
9Vxwu,short
9WAoq,mateIn1 mate oneMove
9WObb,short
9WRxq,mateIn1 mate queenRookEndgame oneMove
9Wl3l,mateIn1 mate oneMove
9XPxL,attraction short
9Y2Lb,mateIn1 mate hangingPiece kingsideAttack oneMove
9Y9YI,fork short
9Ydmb,mateIn2 mate sacrifice short
9YjRX,mateIn1 mate kingsideAttack oneMove
9YkZQ,attraction deflection veryLong
9Ym31,hangingPiece short
9Z2jM,short
9Z8Iv,mateIn1 mate kingsideAttack oneMove
9Z8zm,short
9Zk1N,mateIn2 mate short
9Zu0u,mateIn2 mate fork short
9aC5D,mateIn1 mate oneMove
9aRSW,mateIn1 mate hangingPiece oneMove
9aq4K,long
9avfG,pin kingsideAttack long
9bkfH,long
9cAs9,fork short
9cqiL,deflection short
9cwdn,advancedPawn quietMove veryLong
9dqOz,quietMove long
9e2bO,long
9e6Vp,mateIn2 mate backRankMate sacrifice short
9eFuD,mateIn1 mate oneMove
9fHi6,defensiveMove long
9fLy8,hangingPiece short
9fMPE,mateIn1 mate oneMove
9fQuq,defensiveMove pawnEndgame long
9fva5,mateIn1 mate kingsideAttack oneMove
9gEVK,mateIn2 mate short
9gKn9,hangingPiece short
9gNXd,advancedPawn defensiveMove bishopEndgame short
9gnia,deflection short
9gvHw,pawnEndgame long
9gwvu,pin clearance kingsideAttack veryLong
9hG1u,discoveredAttack long
9hNUn,long
9hf8W,skewer rookEndgame short
9hkJI,rookEndgame veryLong
9i71L,fork veryLong
9iUKU,quietMove long
9ikWs,mateIn3 mate backRankMate sacrifice fork long
9jAxd,short
9jSDy,fork short
9jxC4,long
9kBLj,long
9kkF9,queensideAttack short
9krmc,fork long
9ksav,skewer short
9l68v,pawnEndgame short
9l7zI,deflection queenEndgame long
9lHhU,intermezzo long
9lMBR,short
9lTf5,mateIn1 mate oneMove
9lVer,short
9lXBl,mateIn1 mate oneMove
9lbQ0,discoveredAttack short
9lyPd,sacrifice long
9mFGJ,short
9mLEd,mateIn1 mate oneMove
9mWau,defensiveMove pawnEndgame short
9mdHW,mateIn1 mate oneMove
9mpeo,advancedPawn promotion queenEndgame veryLong
9muib,fork short
9mvW7,mateIn1 mate oneMove
9mw8K,deflection exposedKing rookEndgame long
9my9N,pawnEndgame short
9n9Ue,quietMove defensiveMove exposedKing veryLong
9nJNx,mateIn2 mate sacrifice short
9nOk2,intermezzo short
9nQ19,advancedPawn promotion long
9njkp,mateIn2 mate short
9o4O8,defensiveMove pawnEndgame veryLong
9oIYV,advancedPawn short
9oPY2,short
9oTDy,attraction deflection sacrifice kingsideAttack veryLong
9ouC5,short
9ovna,fork short
9p9GR,defensiveMove pawnEndgame long
9pD78,sacrifice fork long
9pPoo,sacrifice long
9pSnK,pin short
9poa7,mateIn3 mate backRankMate long
9ppaC,fork long
9pyUG,quietMove pawnEndgame long
9qIZm,mateIn3 mate sacrifice kingsideAttack long
9qStC,fork pin long
9r85V,pawnEndgame short
9rHIi,short
9rU2g,sacrifice discoveredAttack exposedKing long
9rhzb,pin queensideAttack short
9rszo,mateIn1 mate oneMove
9s5n3,short
9sKj3,quietMove long
9sL55,quietMove long
9sQDX,mateIn2 mate backRankMate short
9sRPi,sacrifice intermezzo pin clearance veryLong
9sVb1,advancedPawn rookEndgame short
9skZU,mateIn2 mate short
9sqRj,rookEndgame short
9tPQl,mateIn1 mate hangingPiece oneMove
9teqz,mateIn1 mate kingsideAttack oneMove
9u9ZO,mateIn2 mate queenRookEndgame short
9uDLm,attraction sacrifice fork exposedKing pin long
9uRsv,advancedPawn sacrifice knightEndgame short
9ulN1,fork short
9v1fw,advancedPawn discoveredAttack short
9w7We,deflection skewer rookEndgame short
9wDdn,fork long
9wJ1T,pawnEndgame veryLong
9wMPK,sacrifice exposedKing long
9wWs2,sacrifice fork long
9xSnD,advancedPawn sacrifice knightEndgame long
9xt1V,quietMove pawnEndgame veryLong
9xwCz,fork long
9xxRS,mateIn2 mate fork short
9yP1V,mateIn1 mate oneMove
9yZMe,mateIn1 mate hangingPiece oneMove
9yao8,long
9z7Sw,mateIn3 mate pin long
9zPUg,mateIn1 mate oneMove
9zhBc,advancedPawn promotion long
A0P5P,pin clearance short
A0ahc,short
A0bCM,mateIn1 mate queensideAttack oneMove
A0xRw,fork long
A17Nx,mateIn1 mate hangingPiece oneMove
A1OFw,long
A1Yh7,veryLong
A1nuB,quietMove veryLong
A24KE,intermezzo short
A26m3,advancedPawn promotion rookEndgame long
A29Sq,deflection veryLong
A2MoY,discoveredAttack long
A2OaP,long
A2Ozo,mateIn1 mate oneMove
A2tEH,advancedPawn sacrifice discoveredAttack exposedKing long
A3PrQ,fork short
A3cbT,short
A3eLk,short
A3gFv,exposedKing long
A3ta0,mateIn1 mate queensideAttack oneMove
A4LCT,mateIn1 mate oneMove
A4YdJ,pin kingsideAttack veryLong
A4kJS,mateIn2 mate short
A4nLm,defensiveMove veryLong
A4xqW,mateIn1 mate oneMove
A51Vn,attraction sacrifice fork veryLong
A5Dk4,mateIn1 mate oneMove
A5Gbn,defensiveMove short
A5WbR,mateIn3 mate queenEndgame long
A6h5g,rookEndgame long
A6yGj,mateIn1 mate kingsideAttack oneMove
A6yNz,rookEndgame short
A6z85,deflection rookEndgame short
A72Hq,advancedPawn defensiveMove short
A7DYb,mateIn2 mate backRankMate fork short
A7Hah,short
A84LA,attraction skewer long
A8MDH,short
A8U1N,mateIn2 mate attraction sacrifice kingsideAttack short
A8dqs,veryLong
A8n8O,advancedPawn quietMove bishopEndgame veryLong
A8nYr,long
A8oAE,skewer short
A8xWC,mateIn2 mate sacrifice short
A9BP6,fork short
A9CKP,pawnEndgame veryLong
A9Q2Z,mateIn2 mate fork short
A9lFW,mateIn1 mate queenRookEndgame oneMove
A9lIJ,quietMove defensiveMove pawnEndgame short
A9pIw,pin short
AATDx,long
AATfX,mateIn1 mate backRankMate oneMove
AAVwG,mateIn1 mate backRankMate oneMove
AB9ss,long
ABT3j,advancedPawn quietMove promotion pawnEndgame veryLong
ABXas,pin short
ABezK,fork long
ABf8T,mateIn2 mate smotheredMate queensideAttack short
ABi2S,fork long
ACMfv,mateIn1 mate oneMove
ACUbz,kingsideAttack short
ACdPy,attraction sacrifice discoveredAttack long
ACk5F,advancedPawn promotion queenEndgame short
AClTa,mateIn1 mate kingsideAttack oneMove
ACn4P,long
ADESR,discoveredAttack short
AE8f2,kingsideAttack long
AERsF,defensiveMove long
AEeqA,quietMove veryLong
AEgpZ,mateIn1 mate oneMove
AErGB,quietMove clearance veryLong
AF6t9,mateIn1 mate oneMove
AFJXe,mateIn1 mate oneMove
AFPzz,mateIn2 mate backRankMate short
AFWRj,mateIn2 mate short
AFXZp,trappedPiece kingsideAttack long
AFm1a,mateIn2 mate short
AFwwR,mateIn2 mate short
AG2oe,mateIn1 mate kingsideAttack oneMove
AG5zS,mateIn2 mate attraction sacrifice kingsideAttack short
AGQoP,attraction advancedPawn quietMove promotion rookEndgame veryLong
AGYpg,mateIn2 mate short
AGw2v,mateIn2 mate advancedPawn promotion short
AGzO8,mateIn1 mate kingsideAttack oneMove
AH3i0,mateIn1 mate oneMove
AHAyB,long
AHKMv,fork exposedKing veryLong
AHKgl,mateIn1 mate kingsideAttack oneMove
AHx9y,mateIn3 mate sacrifice fork exposedKing long
AI4TV,mateIn2 mate short
AI4b9,long
AIK7p,mateIn3 mate pin kingsideAttack long
AIZY5,fork veryLong
AIm7x,mateIn1 mate oneMove
AImLZ,mateIn2 mate short
AIpFH,fork short
AJBES,defensiveMove short
AJXp7,attraction sacrifice long
AJZ7g,mateIn2 mate short
AJbqk,mateIn4 mate fork veryLong
AK4Nu,long
AK91K,sacrifice discoveredAttack veryLong
AKQKE,quietMove long
AKgMa,long
AKtWB,deflection veryLong
AL9op,fork short
AL9qx,defensiveMove pin long
ALA0H,long
ALDmk,pin rookEndgame long
AMLLQ,mateIn2 mate short
AMjRj,mateIn1 mate oneMove
AMs9k,mateIn3 mate anastasiaMate long
ANHDP,attraction advancedPawn sacrifice promotion kingsideAttack veryLong
ANIrj,mateIn1 mate oneMove
ANncu,attraction sacrifice fork long
AO0S0,mateIn1 mate attackingF2F7 oneMove
AO3YU,short
AODUw,attraction deflection sacrifice kingsideAttack veryLong
AOFBH,skewer short
AOKy8,mateIn1 mate oneMove
AOaQq,defensiveMove exposedKing knightEndgame long
AOd3B,attraction hangingPiece exposedKing kingsideAttack long
AOfw6,mateIn1 mate kingsideAttack oneMove
AOiSw,mateIn2 mate attraction sacrifice kingsideAttack short
APLCm,short
APUVD,deflection kingsideAttack veryLong
AQ5Rk,attraction sacrifice kingsideAttack long
AQFZ1,mateIn1 mate oneMove
AQaGH,deflection short
AQxsF,short
ARGfK,mateIn1 mate oneMove
ARkcp,advancedPawn long
ASUG1,exposedKing skewer veryLong
ASaRK,mateIn1 mate oneMove
AShI6,fork short
ASlgA,advancedPawn promotion short
ASn2Z,mateIn3 mate backRankMate sacrifice long
AT40W,quietMove pawnEndgame short
AT7ED,mateIn1 mate oneMove
ATFqn,fork long
ATOBb,defensiveMove long
ATa55,deflection hangingPiece kingsideAttack long
ATcdj,short
ATiWA,advancedPawn quietMove defensiveMove promotion pawnEndgame veryLong
AU0ZF,sacrifice exposedKing skewer veryLong
AU7gq,short
AUEDz,intermezzo kingsideAttack long
AVd3t,mateIn3 mate doubleCheck exposedKing long
AVeha,fork short
AW7Fj,mateIn2 mate clearance short
AWANh,quietMove discoveredAttack short
AWAUy,mateIn2 mate backRankMate short
AWQBi,fork short
AWhkE,mateIn2 mate sacrifice kingsideAttack short
AWlCt,mateIn1 mate oneMove
AXK9q,sacrifice long
AXNXx,fork long
AXTDq,defensiveMove knightEndgame short
AXa4l,mateIn2 mate kingsideAttack short
AXefs,long
AYKsj,advancedPawn short
AYQbT,mateIn2 mate sacrifice rookEndgame short
AYTpZ,fork exposedKing veryLong
AYoMu,long
AYsQ0,mateIn2 mate attraction sacrifice kingsideAttack short
AZ3Os,pin long
AZESx,mateIn1 mate kingsideAttack oneMove
AZNk4,short
AZxJj,attraction long
Aa2XW,defensiveMove short
AbCex,mateIn1 mate hangingPiece kingsideAttack oneMove
AbE46,discoveredAttack short
AbFap,mateIn2 mate short
AbLd9,fork short
AbM2f,mateIn1 mate oneMove
Abaa3,mateIn1 mate kingsideAttack oneMove
AbiJd,mateIn2 mate short
Ac7UQ,short
AcC5d,mateIn3 mate backRankMate long
AcHG3,mateIn1 mate kingsideAttack oneMove
AcTKN,short
AcjiC,mateIn1 mate kingsideAttack oneMove
ActQD,discoveredAttack kingsideAttack long
AdBX9,fork short
AdKtO,mateIn2 mate short
AdTKH,short
AdVmA,mateIn1 mate oneMove
AdZew,mateIn2 mate short
AddBw,mateIn1 mate kingsideAttack oneMove
Addsi,mateIn3 mate attraction exposedKing kingsideAttack long
Ae1TN,mateIn2 mate kingsideAttack short
AeCpr,mateIn2 mate backRankMate short
AePHD,fork short
Af2M5,mateIn2 mate sacrifice discoveredAttack pin queensideAttack short
AfDjR,mateIn2 mate short
AfdTf,mateIn2 mate short
AfphV,mateIn1 mate oneMove
Afs2b,quietMove long
Aftvv,mateIn2 mate short
AgQ4k,attraction veryLong
Agq9e,pawnEndgame long
Ah0Y1,mateIn2 mate short
AhzDO,defensiveMove rookEndgame short
Ai2EJ,mateIn1 mate smotheredMate oneMove
AiSHn,long
AiTtF,fork short
AiVWI,defensiveMove short
Aiav4,advancedPawn quietMove sacrifice promotion bishopEndgame veryLong
AilGW,mateIn1 mate oneMove
Aj3hJ,deflection advancedPawn promotion rookEndgame long
Aj8f4,skewer rookEndgame short
AjFIS,short
Ajaxh,mateIn2 mate backRankMate queenEndgame short
Ajl8B,kingsideAttack long
AkSH7,defensiveMove discoveredAttack rookEndgame long
Akhx1,advancedPawn promotion pawnEndgame veryLong
Akuo2,veryLong
Al4cJ,discoveredAttack kingsideAttack short
Al6jD,sacrifice pin veryLong
AlEMH,hangingPiece skewer long
Aljw3,mateIn2 mate short
Alsew,mateIn1 mate oneMove
AlzUf,short
AmIFE,fork clearance long
AmWJz,deflection sacrifice discoveredAttack exposedKing long
Amfpj,mateIn2 mate short
An4hk,short
AnF7s,mateIn2 mate attraction short
AnTEb,short
AnUre,mateIn3 mate long
AnkaT,short
AnwCE,mateIn1 mate smotheredMate oneMove
AnwmI,advancedPawn attackingF2F7 short
AoAov,mateIn2 mate attraction advancedPawn promotion kingsideAttack short
AoG9G,mateIn1 mate backRankMate oneMove
Aoag8,short
AosHP,mateIn1 mate oneMove
AoxrC,defensiveMove rookEndgame long
Ap2bj,long
ApnO0,mateIn1 mate oneMove
Apocf,mateIn1 mate oneMove
AqEbR,fork short
AqQ37,attraction advancedPawn promotion queenRookEndgame short
Aqhm3,mateIn1 mate oneMove
ArGd5,mateIn2 mate short
ArGxr,defensiveMove short
ArV4L,pin short
ArWWl,mateIn1 mate oneMove
Ark7e,mateIn2 mate doubleCheck short
As0TS,advancedPawn quietMove long
As7Vz,mateIn1 mate kingsideAttack oneMove
AsH9b,pin long
AsPmC,mateIn4 mate sacrifice veryLong
AsRuH,mateIn1 mate oneMove
AsVO0,mateIn2 mate short
AskFy,quietMove defensiveMove pawnEndgame long
Asq2z,skewer long
At8Li,advancedPawn discoveredAttack queenEndgame short
AtMSY,sacrifice discoveredAttack clearance kingsideAttack veryLong
AtvxQ,mateIn1 mate oneMove
AuaDW,discoveredAttack capturingDefender long
AufpA,short
Av3AS,fork exposedKing pin veryLong
AvEm2,attraction deflection sacrifice queensideAttack long
AvmH1,fork short
Aw0p4,mateIn2 mate deflection fork short
Aw1HX,mateIn2 mate short
AwFIU,mateIn1 mate oneMove
AwWSE,short
AwZHy,mateIn1 mate queenEndgame oneMove
Awfmn,clearance long
Awg5u,skewer short
Awlfn,deflection pin kingsideAttack long
Awq3U,pin clearance short
AxIN6,short
AxP4W,defensiveMove intermezzo pin veryLong
AyBWS,discoveredAttack pin short
AyJ6S,advancedPawn pin clearance short
Az0hY,discoveredAttack kingsideAttack veryLong
Az9yD,mateIn3 mate fork long
AzEJb,mateIn1 mate hangingPiece oneMove
AzGmJ,mateIn2 mate backRankMate hangingPiece short
AzZ8M,fork short
Azl4W,defensiveMove pawnEndgame long
B0UO2,fork long
B0cPt,hangingPiece long
B0o5H,long
B0rPk,long
B19Tk,short
B1Vcv,short
B1dVd,mateIn2 mate short
B1tkr,mateIn1 mate oneMove
B26fO,mateIn2 mate short
B28aD,fork short
B2mAQ,mateIn3 mate backRankMate sacrifice long
B3ZaV,short
B3cLT,long
B3ew6,mateIn2 mate attraction sacrifice short
B3n8Y,mateIn1 mate smotheredMate oneMove
B3oEC,fork short
B41kU,short
B4VVU,mateIn1 mate oneMove
B4WJW,short
B4Zfe,mateIn1 mate oneMove
B4Zi7,mateIn3 mate backRankMate sacrifice long
B4wkU,mateIn2 mate short
B4ySd,discoveredAttack capturingDefender short
B4zOb,mateIn2 mate attraction sacrifice short
B53WE,quietMove knightEndgame short
B53Zu,attraction deflection long
B56uS,mateIn2 mate backRankMate deflection short
B58tN,mateIn2 mate attraction sacrifice short
B5Lkw,short
B5dw6,mateIn3 mate fork long
B5rGN,advancedPawn quietMove promotion pawnEndgame veryLong
B6hIk,mateIn2 mate short
B6n22,fork long
B6qAs,mateIn1 mate backRankMate hangingPiece oneMove
B6tyd,pawnEndgame long
B7A3k,mateIn2 mate attraction sacrifice short
B7RhS,mateIn2 mate short
B7kfo,mateIn2 mate backRankMate fork short
B84TV,advancedPawn long
B8SgC,advancedPawn defensiveMove knightEndgame long
B8nde,mateIn3 mate fork long
B8ymv,mateIn3 mate backRankMate sacrifice long
B9QD6,mateIn2 mate short
B9Qib,mateIn1 mate oneMove
B9ZAh,mateIn1 mate rookEndgame oneMove
B9aIu,quietMove pawnEndgame veryLong
B9hLC,fork exposedKing pin veryLong
B9zwa,mateIn1 mate oneMove
BAI9X,deflection sacrifice long
BAONA,mateIn1 mate rookEndgame oneMove
BAdZw,mateIn2 mate queenRookEndgame short
BAo76,defensiveMove rookEndgame short
BAprA,mateIn2 mate advancedPawn promotion rookEndgame short
BArUP,fork short
BB48y,defensiveMove short
BB4Ht,mateIn1 mate oneMove
BBBQ7,long
BBC6T,fork short
BBG8b,mateIn3 mate backRankMate long
BBRVi,mateIn2 mate kingsideAttack short
BBdso,mateIn1 mate oneMove
BC4VC,mateIn2 mate short
BCFLC,sacrifice discoveredAttack veryLong
BCSXW,attraction advancedPawn promotion long
BCaEO,mateIn2 mate short
BCc08,mateIn2 mate backRankMate short
BCeK7,short
BCzy4,veryLong
BDCPl,mateIn2 mate short
BDIcp,mateIn1 mate oneMove
BDS6S,exposedKing long
BDYM2,long
BDYvv,mateIn1 mate kingsideAttack oneMove
BDZDV,exposedKing kingsideAttack long
BDd3v,hangingPiece short
BDez9,mateIn1 mate kingsideAttack oneMove
BDjQm,mateIn2 mate hangingPiece short
BDlxI,rookEndgame long
BDwCF,mateIn1 mate rookEndgame oneMove
BEBCL,mateIn3 mate long
BEUFs,rookEndgame long
BEphm,quietMove defensiveMove pawnEndgame short
BErCT,skewer rookEndgame short
BEvdN,pin queensideAttack short
BF34W,mateIn1 mate queenEndgame oneMove
BF5lT,mateIn2 mate kingsideAttack short
BG5lA,long
BGKe1,mateIn1 mate oneMove
BGSGB,mateIn1 mate oneMove
BGqLn,sacrifice fork long
BGw3r,kingsideAttack long
BGwAG,advancedPawn rookEndgame short
BHF8m,fork short
BHO4C,long
BHPMf,mateIn2 mate kingsideAttack short
BHQ0Q,attraction sacrifice kingsideAttack long
BHwrF,mateIn2 mate backRankMate hangingPiece short
BI8F6,exposedKing long
BIQ3P,deflection doubleCheck kingsideAttack veryLong
BIkdA,fork pin veryLong
BIwLv,deflection veryLong
BJ2TF,mateIn2 mate short
BJFBU,attraction sacrifice fork exposedKing long
BJbVG,mateIn2 mate short
BJzC5,queensideAttack short
BKjKL,mateIn1 mate kingsideAttack oneMove
BKjj9,fork long
BKqt2,short
BL1tD,short
BL8xv,short
BLHuN,advancedPawn promotion rookEndgame long
BLUW6,mateIn1 mate oneMove
BLdN8,discoveredAttack short
BMJi6,fork long
BMY3S,mateIn2 mate short
BMicv,long
BMk18,mateIn2 mate advancedPawn promotion short
BMokF,defensiveMove rookEndgame long
BMr64,mateIn2 mate deflection short
BMuiG,long
BND2H,attraction fork long
BNTW9,attraction long
BNUZp,deflection kingsideAttack long
BO6nY,mateIn3 mate long
BONDt,mateIn2 mate short
BOPTw,pin long
BOU9m,fork long
BOdjR,mateIn1 mate oneMove
BOtmC,mateIn2 mate kingsideAttack short
BPKcB,mateIn3 mate backRankMate long
BPMr0,attraction sacrifice fork long
BPN06,kingsideAttack short
BPfbA,pin short
BPiZw,sacrifice veryLong
BPoNp,fork short
BPsZg,mateIn1 mate backRankMate oneMove
BPw5f,mateIn2 mate kingsideAttack short
BQ8kq,advancedPawn defensiveMove pawnEndgame long
BQCqV,exposedKing long
BQoK5,mateIn1 mate oneMove
BR47y,mateIn1 mate oneMove
BRIAW,short
BRYM7,mateIn2 mate sacrifice short
BRd9F,mateIn2 mate short
BRizo,fork short
BSDmJ,fork short
BSHE0,defensiveMove short
BSQEH,defensiveMove pin long
BSgZR,kingsideAttack short
BSq2S,mateIn1 mate oneMove
BSvDP,mateIn2 mate kingsideAttack short
BSvzU,mateIn1 mate oneMove
BT8kv,long
BTM4x,mateIn2 mate doubleCheck short
BTTIs,mateIn2 mate backRankMate short
BTUso,mateIn2 mate short
BTban,mateIn2 mate backRankMate sacrifice short
BTgoX,mateIn2 mate short
BTqDD,mateIn1 mate oneMove
BU9mx,short
BUIFR,long
BUaC1,veryLong
BUgv6,mateIn3 mate long
BUoF9,mateIn1 mate oneMove
BUrpC,fork exposedKing long
BV0GM,mateIn3 mate deflection discoveredAttack long
BV63p,fork exposedKing veryLong
BVS9I,long
BVVkf,trappedPiece long
BVpCC,mateIn1 mate oneMove
BWKfU,deflection short
BWbQn,pin short
BWkm3,mateIn1 mate oneMove
BXFLs,veryLong
BXKuL,advancedPawn discoveredAttack kingsideAttack long
BY4Lh,intermezzo short
BYBZ9,long
BYI3P,defensiveMove pawnEndgame short
BYNIN,defensiveMove short
BYhHI,skewer rookEndgame short
BYl2x,skewer rookEndgame short
BYppM,capturingDefender rookEndgame short
BZ9ga,skewer short
BZF7R,quietMove pawnEndgame long
BZNSS,attraction deflection short
BZSkO,mateIn1 mate oneMove
BZZ5e,advancedPawn rookEndgame long
BaCwX,short
BaYNY,rookEndgame short
Baju8,advancedPawn promotion pawnEndgame long
BakFl,mateIn1 mate hangingPiece oneMove
BbFCg,long
BbI8w,mateIn1 mate kingsideAttack oneMove
BbOqm,discoveredAttack long
BbXM0,fork short
BbYpI,fork veryLong
Bbshc,mateIn1 mate backRankMate hangingPiece oneMove
BcCSi,fork short
BcJgI,quietMove pawnEndgame long
Bcaha,mateIn1 mate attackingF2F7 oneMove
Bcdft,defensiveMove long
BcdvB,short
Bcpuc,fork long
BcscK,mateIn1 mate oneMove
Bcsm9,pin long
Bcw9u,short
BcxtQ,rookEndgame short
BdVEl,mateIn2 mate short
BdZzR,mateIn1 mate oneMove
BdmIo,pin short
Be24T,mateIn1 mate oneMove
BeFE2,mateIn3 mate backRankMate sacrifice long
BektA,long
BeliL,mateIn1 mate queensideAttack oneMove
BenkT,mateIn1 mate oneMove
BesTY,deflection sacrifice fork veryLong
Bf6yc,mateIn1 mate queenEndgame oneMove
Bfp6B,mateIn2 mate short
Bga2w,mateIn2 mate short
Bh4lI,mateIn2 mate anastasiaMate attraction sacrifice kingsideAttack short
Bh5ic,mateIn2 mate short
BhGdn,discoveredAttack short
BhZ7P,rookEndgame long
Bhbd7,fork pin short
Bhd1r,short
Bhn9J,long
Bhnty,mateIn1 mate oneMove
BhuBu,rookEndgame short
BhvX0,defensiveMove short
Bi0BW,defensiveMove short
BiA6B,fork long
BiANZ,advancedPawn promotion veryLong
BiB0D,deflection short
BiKYn,fork short
BiMAi,mateIn2 mate kingsideAttack short
Bji8z,skewer rookEndgame long
Bk0DK,skewer long
Bk2yc,fork short
BkGIy,long
BkNtW,short
Bkg9A,pawnEndgame short
Bkye0,mateIn2 mate short
BlCNx,mateIn1 mate oneMove
BlrKm,mateIn1 mate oneMove
BmAeK,mateIn1 mate oneMove
BmHqF,mateIn1 mate bishopEndgame oneMove
BmMW7,mateIn1 mate kingsideAttack oneMove
BmRpz,mateIn1 mate oneMove
BmUEu,mateIn1 mate arabianMate oneMove
BmWho,exposedKing long
BmZVi,kingsideAttack long
BmbyJ,mateIn2 mate short
Bmc3d,deflection pawnEndgame short
BnjLL,pawnEndgame short
Bnqdl,mateIn1 mate kingsideAttack oneMove
BnrZ9,short
Bo12l,mateIn1 mate hangingPiece oneMove
Bo9kV,advancedPawn bishopEndgame long
BoBTS,long
BoBnO,defensiveMove pawnEndgame short
BoMe9,mateIn2 mate short
BorWC,mateIn1 mate backRankMate oneMove
Bp3yJ,advancedPawn promotion rookEndgame long
BpafQ,advancedPawn veryLong
BqQSh,long
BqeNL,sacrifice veryLong
BqhDe,mateIn2 mate short
BqyIa,mateIn2 mate short
Br7YX,mateIn2 mate queensideAttack short
BrDOQ,attraction pin long
BrOg9,short
Braex,long
BrcVB,mateIn2 mate short
BrkkN,exposedKing pin long
Brpjl,trappedPiece long
BrzjC,mateIn1 mate smotheredMate oneMove
BsFxJ,pin short
BsNxd,long
BsREH,fork short
BsRWQ,short
Bstpq,veryLong
BtCHh,mateIn1 mate oneMove
BtGg8,rookEndgame short
BtbDO,mateIn2 mate backRankMate short
BtmpQ,mateIn1 mate oneMove
Bu5d8,mateIn1 mate discoveredAttack kingsideAttack oneMove
BuFRB,clearance long
Bv7Nh,defensiveMove sacrifice long
Bve5u,discoveredAttack long
BvpSc,long
BvvNf,fork short
Bw5ug,fork short
Bw7W5,sacrifice pin veryLong
BwBqb,mateIn1 mate doubleCheck oneMove
BwiLm,mateIn2 mate short
BwlnE,skewer rookEndgame long
Bwpjw,short
Bwqi5,attraction sacrifice fork pin veryLong
Bx4mp,short
BxJw0,mateIn4 mate fork veryLong
BxLAn,mateIn1 mate oneMove
Bxgkp,fork long
ByAGn,advancedPawn sacrifice discoveredAttack veryLong
ByQ1u,fork short
Byw0a,fork short
Bywi9,mateIn2 mate doubleCheck short
Bz3Vn,pin short
Bzj1f,mateIn2 mate sacrifice short
BzjD1,skewer long
BzmMo,mateIn2 mate backRankMate sacrifice short
BztMh,mateIn1 mate kingsideAttack oneMove
Bzziy,defensiveMove hangingPiece long
C040J,advancedPawn quietMove pawnEndgame veryLong
C0BU2,discoveredAttack short
C0HNC,fork long
C0voe,mateIn1 mate oneMove
C15UC,long
C1BiH,defensiveMove short
C1Ckf,mateIn1 mate oneMove
C1Sv6,mateIn1 mate oneMove
C1cNV,mateIn2 mate kingsideAttack short
C1h2L,mateIn3 mate long
C1oFD,short
C22uC,defensiveMove discoveredAttack rookEndgame veryLong
C2Jkc,mateIn1 mate oneMove
C2SOu,mateIn1 mate oneMove
C2har,mateIn1 mate oneMove
C2oDd,mateIn1 mate kingsideAttack oneMove
C2qvB,sacrifice short
C3Orc,mateIn1 mate oneMove
C3Y6l,mateIn1 mate oneMove
C3gna,skewer queenEndgame short
C3mVY,advancedPawn rookEndgame short
C3sO6,fork exposedKing long
C4D8r,attraction sacrifice fork pin long
C4DmY,deflection skewer short
C4dxJ,short
C4nVv,pin long
C4tDn,fork long
C4xj3,attraction fork exposedKing long
C56uD,fork short
C5ExM,short
C5Ujm,mateIn2 mate short
C5ZYW,mateIn3 mate sacrifice fork long
C5ffj,quietMove bishopEndgame short
C5h2O,long
C5lbC,attraction hangingPiece long
C5tYJ,mateIn1 mate smotheredMate oneMove
C5vNj,mateIn2 mate sacrifice kingsideAttack short
C60B6,attraction sacrifice fork exposedKing veryLong
C64ic,mateIn3 mate sacrifice kingsideAttack long
C669s,fork long
C6JIt,advancedPawn fork short
C6KHJ,sacrifice short
C6jIk,mateIn2 mate short
C6n6t,short
C7EUp,mateIn2 mate short
C7Y1I,quietMove defensiveMove short
C7cTx,fork long
C7eKC,pin short
C7f96,mateIn3 mate sacrifice long
C892l,mateIn2 mate short
C8tWD,mateIn1 mate oneMove
C943v,defensiveMove pawnEndgame veryLong
C9MVe,pawnEndgame long
C9yUU,short
CAD6A,mateIn1 mate oneMove
CAPQ8,veryLong
CAVAe,attraction sacrifice long
CB3Sm,hangingPiece kingsideAttack short
CBP1v,kingsideAttack veryLong
CBqR7,mateIn3 mate exposedKing long
CBvz9,deflection pawnEndgame veryLong
CC6X1,pin long
CCF0q,long
CCHZf,mateIn2 mate attraction sacrifice pin kingsideAttack short
CCJD1,sacrifice short
CCOa2,mateIn3 mate backRankMate fork discoveredAttack long
CCTKO,mateIn1 mate oneMove
CCdD7,short
CCfA3,mateIn1 mate oneMove
CCwRN,short
CD6O5,clearance long
CDPo7,kingsideAttack long
CDknZ,pawnEndgame veryLong
CDsyc,mateIn1 mate kingsideAttack oneMove
CEH0g,capturingDefender short
CEOGZ,short
CESgp,mateIn1 mate oneMove
CEa1o,discoveredAttack short
CEz4g,exposedKing long
CF5yx,mateIn2 mate kingsideAttack short
CFErk,attraction deflection fork long
CFLjm,short
CFcb1,pin clearance long
CFjCa,mateIn1 mate kingsideAttack oneMove
CGRpu,short
CGSu2,mateIn1 mate rookEndgame oneMove
CGgXi,mateIn1 mate smotheredMate oneMove
CGqXy,mateIn2 mate queenRookEndgame kingsideAttack short
CHA0S,short
CHAr8,discoveredAttack short
CHBgJ,quietMove veryLong
CHFrf,long
CHNqn,mateIn2 mate queenRookEndgame short
CHPS8,exposedKing skewer rookEndgame long
CHfs4,long
CHksR,trappedPiece short
CHwFV,mateIn2 mate advancedPawn pawnEndgame short
CI1rt,mateIn1 mate oneMove
CI4Rt,fork short
CI74p,skewer rookEndgame long
CIatI,discoveredAttack short
CIfaG,mateIn1 mate oneMove
CInDJ,mateIn2 mate short
CInf9,hangingPiece long
CIyoz,mateIn1 mate kingsideAttack oneMove
CJ8Ui,short
CJNAZ,attraction fork long
CJY2H,fork pin long
CJj21,short
CJlfC,mateIn2 mate kingsideAttack short
CJvCa,hangingPiece short
CKTQM,fork short
CKklP,fork long
CLMCf,intermezzo short
CLgIN,fork short
CM8hF,mateIn1 mate queensideAttack oneMove
CMBIM,fork short
CMNHI,discoveredAttack long
CMh9O,mateIn2 mate backRankMate short
CMiHl,mateIn2 mate kingsideAttack short
CN4SM,hangingPiece long
CNBUD,mateIn2 mate short
CNGX7,mateIn2 mate short
CNXNp,mateIn1 mate kingsideAttack oneMove
CNlnp,discoveredAttack short
CNmqN,quietMove pawnEndgame long
CNsRa,quietMove pawnEndgame long
COTsf,short
COVLi,long
COsiT,long
CPAL1,fork short
CPfUE,mateIn2 mate short
CPnzL,mateIn1 mate oneMove
CQ6El,fork short
CQFJM,pawnEndgame short
CQX8T,mateIn1 mate oneMove
CQaT7,rookEndgame short
CQguz,mateIn2 mate fork short
CR06K,mateIn1 mate oneMove
CR88s,trappedPiece short
CSU6w,pin veryLong
CSn5E,hangingPiece long
CT0jz,advancedPawn promotion long
CT4RT,short
CT7dQ,mateIn2 mate short
CTNGD,attraction pin long
CTPxQ,mateIn1 mate oneMove
CTfq0,mateIn1 mate kingsideAttack oneMove
CTlIn,attraction deflection exposedKing interference veryLong
CTqcb,defensiveMove knightEndgame long
CUE9E,mateIn2 mate sacrifice clearance short
CUXAn,mateIn2 mate sacrifice kingsideAttack short
CUXHb,mateIn2 mate short
CUcji,fork short
CUhem,mateIn1 mate kingsideAttack oneMove
CUjRQ,advancedPawn sacrifice promotion veryLong
CUjTG,mateIn3 mate exposedKing long
CUrq5,pin long
CVAJV,mateIn1 mate hangingPiece queensideAttack oneMove
CVMcI,short
CVZLm,short
CVnV2,deflection pin short
CVspS,short
CWDsU,pawnEndgame long
CXHYp,advancedPawn rookEndgame veryLong
CXJ9t,advancedPawn exposedKing promotion long
CXosy,mateIn1 mate hangingPiece kingsideAttack oneMove
CYGWi,quietMove short
CYInh,mateIn2 mate deflection short
CYMyl,long
CYP6W,discoveredAttack long
CYiDT,quietMove defensiveMove long
CYldM,mateIn2 mate backRankMate short
CYmnn,short
CYqps,advancedPawn defensiveMove promotion long
CZB6e,short
CZtya,mateIn3 mate sacrifice exposedKing long
CZxZa,deflection fork capturingDefender long
CZy4a,short
CaAbj,deflection short
CaTRG,mateIn2 mate discoveredAttack short
Cacar,mateIn1 mate kingsideAttack oneMove
CakOq,short
CatGR,pawnEndgame long
CbMiS,mateIn2 mate backRankMate rookEndgame short
CbyZP,pawnEndgame short
Cbz7q,quietMove long
Cc4Hi,deflection exposedKing skewer long
CcWtc,defensiveMove short
Ccfwy,hangingPiece capturingDefender long
CclcF,fork short
Ccu7c,hangingPiece short
CdMcV,mateIn1 mate oneMove
CdWFo,mateIn2 mate short
CdXQW,mateIn1 mate oneMove
CeHO4,skewer queenEndgame short
CeeqC,mateIn1 mate oneMove
Cemo0,advancedPawn rookEndgame long
Cenav,hangingPiece short
CeqyD,pin short
Ceuff,long
CfTG2,mateIn3 mate backRankMate deflection long
CfXLP,mateIn2 mate queensideAttack short
Cg8Xm,quietMove defensiveMove long
CgBgm,mateIn1 mate kingsideAttack oneMove
CgxAk,mateIn1 mate oneMove
ChJND,deflection sacrifice fork veryLong
ChLin,sacrifice pin long
ChLwE,sacrifice fork veryLong
ChbvH,mateIn2 mate short
CherF,mateIn2 mate short
Chnnc,mateIn1 mate oneMove
Ci9tP,fork discoveredAttack short
CiDz7,mateIn1 mate oneMove
CiHsB,mateIn1 mate oneMove
CiNPh,pawnEndgame short
Ciopz,fork short
CisAW,queenEndgame long
CjJem,sacrifice fork long
Cjie3,long
CjjdN,mateIn1 mate rookEndgame oneMove
Ck4O9,mateIn1 mate oneMove
CkEt3,mateIn1 mate oneMove
CkbQK,mateIn3 mate long
CkdLH,mateIn1 mate oneMove
CkxRs,mateIn1 mate kingsideAttack oneMove
Cl2z6,short
ClMHp,mateIn4 mate attraction veryLong
ClYX5,defensiveMove short
Cln4S,long
CmMLz,mateIn1 mate oneMove
Cmh6f,mateIn1 mate kingsideAttack oneMove
CnE0h,mateIn2 mate rookEndgame short
CnE3z,deflection discoveredAttack short
CnKOU,mateIn2 mate backRankMate sacrifice short
Co6zt,hangingPiece short
CoPol,quietMove queenEndgame veryLong
CoQhw,mateIn2 mate kingsideAttack short
CoaGe,queensideAttack veryLong
CogsV,short
Cp4Cy,fork long
CpG6U,advancedPawn short
Cpd2B,kingsideAttack long
Cpp5m,short
CqCCH,mateIn1 mate oneMove
CqWWg,mateIn1 mate backRankMate oneMove
Cqijj,skewer short
CrBpu,fork long
CreZm,attraction sacrifice discoveredAttack kingsideAttack long
CrhzW,exposedKing long
Crxpz,exposedKing pin long
CsJWs,defensiveMove short
CsLRj,hangingPiece long
CsLTG,long
CsMwd,short
CtGMZ,long
CtOPl,sacrifice fork veryLong
CtQJx,mateIn1 mate backRankMate oneMove
CtTzl,discoveredAttack long
CtirJ,mateIn1 mate kingsideAttack oneMove
Ctlsd,exposedKing skewer long
CtpIv,long
Ctu3E,short
CuMnK,fork short
CuRGZ,defensiveMove veryLong
CuWRV,mateIn1 mate oneMove
Cv1pL,deflection advancedPawn promotion rookEndgame long
Cv9Vw,pin long
CvHoE,defensiveMove rookEndgame long
Cvd2v,mateIn2 mate short
Cvp66,mateIn1 mate backRankMate hangingPiece oneMove
Cw6Wa,mateIn2 mate queenEndgame short
CwAN0,deflection queenRookEndgame short
CwFDS,advancedPawn quietMove promotion queenEndgame veryLong
CwoEM,short
Cwtyl,attraction advancedPawn promotion rookEndgame long
CxBIO,fork pin long
Cxubi,mateIn1 mate oneMove
CxyG5,mateIn2 mate backRankMate rookEndgame short
Cy4y9,advancedPawn sacrifice bishopEndgame short
Cy5vt,mateIn1 mate oneMove
Cy96q,short
CyNxc,long
CyVrI,fork short
CycgI,quietMove long
CyvIc,fork short
CzDkv,attraction sacrifice fork long
CzQUG,exposedKing rookEndgame long
CzW5f,mateIn1 mate oneMove
D0HA9,advancedPawn bishopEndgame long
D0W4k,discoveredAttack short
D0tBZ,defensiveMove rookEndgame short
D10yq,mateIn2 mate sacrifice clearance short
D17CF,mateIn2 mate kingsideAttack short
D1EYB,mateIn1 mate kingsideAttack oneMove
D1FIM,bishopEndgame short
D1HQ8,mateIn2 mate kingsideAttack short
D1Qjk,fork short
D1QwX,hangingPiece short
D1VuY,defensiveMove fork long
D1aCX,mateIn2 mate backRankMate short
D1cZR,mateIn3 mate exposedKing long
D1fhG,mateIn1 mate kingsideAttack oneMove
D1sFR,skewer short
D21Fj,attraction sacrifice kingsideAttack long
D2Ltt,mateIn2 mate sacrifice clearance kingsideAttack short
D32D0,mateIn1 mate oneMove
D3YgA,deflection skewer veryLong
D3e4m,mateIn2 mate rookEndgame short
D3rZA,mateIn1 mate oneMove
D3tiG,mateIn2 mate backRankMate rookEndgame short
D3w6F,mateIn2 mate queensideAttack short
D4HMS,veryLong
D4Jwm,mateIn1 mate kingsideAttack oneMove
D4UYu,fork short
D4gDn,advancedPawn short
D4tzb,fork short
D5Tzp,short
D5YpU,attraction advancedPawn promotion short
D5ijk,mateIn1 mate oneMove
D5vAO,mateIn4 mate queenRookEndgame veryLong
D67Xx,long
D67xV,fork short
D686y,deflection short
D69GE,sacrifice fork long
D6Afs,attraction sacrifice fork long
D6Uvw,mateIn1 mate bishopEndgame oneMove
D78YW,mateIn1 mate hangingPiece oneMove
D7j7s,mateIn1 mate attackingF2F7 oneMove
D83RV,short
D8Ged,fork short
D8V9K,mateIn3 mate pin long
D8o2H,mateIn1 mate oneMove
D9BFo,mateIn1 mate oneMove
D9ErM,short
D9Hr2,mateIn2 mate backRankMate deflection short
D9fMk,mateIn3 mate attraction sacrifice long
DAJhg,sacrifice intermezzo pin kingsideAttack long
DAOIK,advancedPawn long
DATUl,rookEndgame long
DAXQZ,mateIn1 mate oneMove
DAbrO,mateIn2 mate sacrifice fork short
DAg9g,mateIn2 mate short
DAnrb,deflection long
DB32h,mateIn1 mate oneMove
DBLH7,advancedPawn promotion pawnEndgame long
DBRLS,short
DBmMj,fork long
DCWrj,pin kingsideAttack long
DCbOH,kingsideAttack long
DCfi1,mateIn2 mate attackingF2F7 short
DDAFd,mateIn1 mate oneMove
DDUYE,quietMove clearance long
DDWd3,long
DDbSW,mateIn2 mate short
DDgol,mateIn2 mate deflection short
DDrC0,mateIn1 mate hangingPiece queensideAttack oneMove
DDzgs,fork discoveredAttack short
DEL7x,mateIn1 mate oneMove
DEXjp,skewer short
DEkTc,mateIn1 mate attackingF2F7 oneMove
DEyJO,mateIn1 mate oneMove
DFLO9,trappedPiece short
DFXOy,mateIn1 mate kingsideAttack oneMove
DFwQn,mateIn3 mate backRankMate sacrifice long
DG07w,short
DG2Cc,discoveredAttack rookEndgame long
DG6Xv,bishopEndgame short
DGBCX,defensiveMove rookEndgame short
DGNmW,mateIn2 mate short
DGRig,kingsideAttack long
DGuCa,long
DGyjw,mateIn2 mate backRankMate short
DH6Km,defensiveMove bishopEndgame long
DHBCN,discoveredAttack short
DHDj1,short
DHvfn,exposedKing long
DHymc,short
DHzDy,mateIn2 mate kingsideAttack short
DIFQt,quietMove long
DIffH,defensiveMove short
DIkfj,exposedKing kingsideAttack long
DInsn,mateIn2 mate short
DJ7id,mateIn1 mate smotheredMate oneMove
DJdoo,mateIn2 mate short
DJiSE,mateIn2 mate rookEndgame short
DJr0n,mateIn3 mate exposedKing queensideAttack long
DJtOx,defensiveMove long
DKEUX,sacrifice short
DKfRb,advancedPawn discoveredAttack short
DKhoV,quietMove veryLong
DKthw,trappedPiece long
DLf1Z,defensiveMove pawnEndgame long
DLoYO,long
DLvyA,discoveredAttack short
DM8W6,mateIn2 mate short
DMJR8,mateIn2 mate kingsideAttack short
DMSyE,long
DMUp2,mateIn2 mate short
DMcLV,long
DMctH,mateIn1 mate oneMove
DN43w,mateIn2 mate kingsideAttack short
DN4u7,quietMove short
DNEww,mateIn1 mate oneMove
DNRLj,mateIn3 mate attraction sacrifice long
DNYFE,trappedPiece short
DNap0,hangingPiece long
DNjs1,mateIn1 mate oneMove
DNpKV,mateIn2 mate backRankMate hangingPiece short
DNq8A,fork short
DNrTS,quietMove long
DNsts,hangingPiece veryLong
DO0LL,mateIn1 mate oneMove
DO5VQ,attraction fork long
DOWnw,short
DOsCb,deflection fork short
DOuIw,fork short
DPpKS,fork long
DPy5w,advancedPawn promotion rookEndgame veryLong
DQ9HW,trappedPiece short
DQKcO,sacrifice pin long
DQMoX,mateIn2 mate short
DQnKl,mateIn1 mate kingsideAttack oneMove
DQz1S,exposedKing skewer long
DQzQS,deflection long
DRtGk,discoveredAttack short
DSC7U,discoveredAttack short
DSefO,mateIn2 mate short
DT1ct,mateIn2 mate doubleCheck kingsideAttack short
DTOsy,deflection defensiveMove fork veryLong
DTZUz,mateIn1 mate oneMove
DThUR,long
DTm9y,short
DTmN9,fork short
DTvKc,mateIn1 mate oneMove
DTzVN,mateIn2 mate queensideAttack short
DU0ii,quietMove fork pin long
DUFHk,advancedPawn hangingPiece promotion rookEndgame short
DUMxD,mateIn2 mate short
DUTyV,mateIn1 mate backRankMate oneMove
DUViK,advancedPawn pawnEndgame long
DUW5x,mateIn2 mate backRankMate deflection short
DUzpN,mateIn2 mate short
DV0rJ,long
DVDmY,mateIn2 mate short
DVUQz,advancedPawn bishopEndgame short
DVYxb,sacrifice kingsideAttack long
DWZ63,mateIn2 mate backRankMate short
DWdpb,fork short
DWuRV,skewer short
DWxRX,exposedKing veryLong
DXBrq,short
DXlkb,advancedPawn pin short
DYBIw,queensideAttack short
DYDH2,mateIn1 mate oneMove
DYDkA,mateIn1 mate queenEndgame oneMove
DYVcu,attraction fork pin capturingDefender long
DYtom,defensiveMove pawnEndgame long
DYulJ,quietMove pawnEndgame long
DZ0EK,mateIn2 mate advancedPawn promotion short
DZ8kT,veryLong
DZEJe,sacrifice long
DZSAY,defensiveMove long
DZa39,advancedPawn hangingPiece promotion short
DZbQn,mateIn1 mate hangingPiece oneMove
DZlz3,pin long
DZnro,mateIn2 mate fork short
DZv4Q,mateIn2 mate pin kingsideAttack short
Da929,mateIn1 mate attackingF2F7 oneMove
DaCdg,rookEndgame short
DaPHJ,discoveredAttack short
DagcB,mateIn1 mate queenRookEndgame oneMove
Dan9N,discoveredAttack pin long
DatZD,mateIn2 mate backRankMate queenRookEndgame short
DavdS,fork short
DbDuM,mateIn1 mate oneMove
Dbf2o,mateIn2 mate short
Dby3h,short
Dc6yM,mateIn2 mate backRankMate short
DcPyQ,mateIn1 mate kingsideAttack oneMove
DcSmi,defensiveMove pawnEndgame short
DcTga,attraction discoveredAttack capturingDefender kingsideAttack long
DcZP1,short
Dci3G,mateIn1 mate oneMove
DcoIh,deflection short
DcxLp,mateIn1 mate oneMove
DdPCk,mateIn3 mate long
DdVqM,short
DdXBs,mateIn1 mate kingsideAttack oneMove
DdcuT,pawnEndgame veryLong
DdeGs,pin short
De7Vt,rookEndgame short
DeCOQ,mateIn2 mate short
DeVo2,short
Dejw8,deflection long
DfFvs,advancedPawn long
Dg6sh,pin long
DgK5u,defensiveMove pin short
DgMdm,sacrifice pin long
Dh6LC,mateIn1 mate oneMove
DhX2G,pin long
Dhgxp,long
Dhj6U,long
DiBq3,short
DiF7Q,mateIn2 mate short
DiTMt,mateIn2 mate kingsideAttack short
DiXZz,fork short
DjFcq,short
Djyjc,mateIn1 mate kingsideAttack oneMove
Dk8a6,mateIn1 mate kingsideAttack oneMove
DkRk6,mateIn1 mate pin oneMove
DkWoC,discoveredAttack short
Dkqil,mateIn1 mate oneMove
DkrD0,mateIn2 mate queensideAttack short
DkzkV,long
Dl7JP,long
DlA25,short
DlETg,advancedPawn promotion bishopEndgame long
DlVHQ,long
DlcqM,mateIn1 mate oneMove
Dljda,fork short
DltYX,mateIn2 mate backRankMate rookEndgame short
DlyXW,long
Dm6Mb,kingsideAttack long
DmJz8,deflection capturingDefender short
DmTSl,fork short
DmZqV,mateIn1 mate oneMove
Dmnzy,sacrifice capturingDefender short
DmrHi,mateIn3 mate quietMove long
Dn43w,mateIn1 mate oneMove
Dn5fA,mateIn1 mate kingsideAttack oneMove
Dn8BH,defensiveMove pawnEndgame short
DnCIN,mateIn4 mate anastasiaMate attraction sacrifice kingsideAttack veryLong
DnF9Z,deflection pin long
DnMSk,intermezzo long
DnOE1,mateIn2 mate short
Dnb2V,mateIn1 mate oneMove
DnfOj,attraction sacrifice long
DnkTs,skewer bishopEndgame long
Do5qA,hangingPiece short
DoFb9,long
DovuJ,mateIn2 mate short
Dp6GT,mateIn1 mate oneMove
Dp84e,kingsideAttack short
DpIEj,mateIn2 mate backRankMate queenRookEndgame short
DpIJZ,rookEndgame long
DpMyN,mateIn1 mate kingsideAttack oneMove
DpmWP,pin short
DpqkP,mateIn1 mate kingsideAttack oneMove
Dpqls,mateIn1 mate kingsideAttack oneMove
Dq1C1,deflection short
DqJZu,mateIn2 mate short
DqW18,mateIn2 mate sacrifice queensideAttack short
Dql61,short
DrBxf,mateIn2 mate doubleBishopMate short
DrRAk,pin capturingDefender veryLong
DrVqN,mateIn1 mate oneMove
DrXwY,mateIn2 mate attraction advancedPawn promotion kingsideAttack short
Drisd,mateIn1 mate oneMove
DrwfX,hangingPiece short
Ds9gU,short
Dsh8x,mateIn1 mate oneMove
Dstr0,fork short
DsxDz,kingsideAttack long
Dt8Ys,advancedPawn rookEndgame long
DtLQp,mateIn1 mate queenEndgame oneMove
DtXLb,mateIn2 mate short
DtYF6,quietMove rookEndgame short
Dtmv5,fork short
DtnNu,mateIn4 mate backRankMate deflection veryLong
Dto4Q,defensiveMove short
DtpxL,queensideAttack long
Du141,mateIn2 mate short
Du2Ux,short
Du3p3,defensiveMove rookEndgame long
Du89r,advancedPawn discoveredAttack clearance short
DuIli,discoveredAttack short
DuWBF,advancedPawn quietMove pawnEndgame veryLong
DuaAP,deflection hangingPiece long
Dujsw,advancedPawn short
DvEVv,long
Dvmbd,fork short
DwPen,defensiveMove short
DwXWC,discoveredAttack long
Dwf0U,mateIn1 mate kingsideAttack oneMove
DwnJj,fork long
DxJXJ,advancedPawn promotion pawnEndgame veryLong
DxO0F,sacrifice veryLong
DxTSs,attraction sacrifice fork exposedKing pin long
DxiIl,hangingPiece short
DximC,pawnEndgame short
DxvBm,long
DyGJH,short
DybsL,long
DykrG,pin attackingF2F7 short
Dyvrt,mateIn2 mate short
Dz7GB,quietMove rookEndgame short
DzPLr,deflection advancedPawn promotion rookEndgame veryLong
DzUkW,advancedPawn quietMove rookEndgame long
DzXTW,mateIn3 mate sacrifice long
DzlQe,rookEndgame veryLong
Dzn3T,advancedPawn collinearMove long
Dzrty,kingsideAttack long
E09zL,mateIn2 mate kingsideAttack short
E0b4N,discoveredAttack long
E0gMu,advancedPawn fork long
E0pZe,fork short
E0x6Y,mateIn2 mate short
E0ygZ,fork veryLong
E12oy,mateIn1 mate rookEndgame oneMove
E13K0,defensiveMove pawnEndgame short
E199n,clearance veryLong
E1MLJ,pawnEndgame long
E1MSr,short
E1cNR,mateIn2 mate rookEndgame short
E1tfK,long
E1xgl,deflection discoveredAttack kingsideAttack short
E1y7y,advancedPawn discoveredAttack short
E2YLd,hangingPiece short
E2fzU,skewer veryLong
E2jLg,mateIn2 mate sacrifice kingsideAttack short
E30qt,attraction deflection fork long
E3dd2,mateIn2 mate backRankMate short
E3jWd,mateIn1 mate backRankMate hangingPiece oneMove
E3ni8,exposedKing pin veryLong
E4koR,mateIn2 mate short
E5GPC,short
E5Mbq,defensiveMove long
E5Qr4,discoveredAttack long
E5V3g,rookEndgame long
E5giB,mateIn2 mate sacrifice short
E5k8P,mateIn1 mate oneMove
E5oEc,rookEndgame long
E5wH4,long
E5y7w,quietMove defensiveMove pawnEndgame veryLong
E60bs,hangingPiece intermezzo long
E68oT,fork short
E6TNt,deflection veryLong
E6kp9,advancedPawn short
E6pgc,attraction sacrifice discoveredAttack exposedKing long
E76yc,deflection advancedPawn knightEndgame veryLong
E7LyV,short
E7mVZ,mateIn1 mate doubleCheck oneMove
E7nhB,mateIn2 mate short
E7pip,fork short
E87Mz,fork long
E8LOG,short
E8Zi2,sacrifice short
E8ba9,mateIn2 mate backRankMate short
E8efA,pawnEndgame short
E8xP6,mateIn2 mate short
E9OgZ,mateIn1 mate oneMove
E9Xog,mateIn2 mate short
E9ieF,mateIn1 mate oneMove
E9o0V,mateIn3 mate sacrifice kingsideAttack long
E9sE9,advancedPawn short
EA1ZU,advancedPawn defensiveMove promotion short
EAC32,quietMove enPassant veryLong
EADUq,long
EAKrI,discoveredAttack short
EATQc,long
EAW0T,mateIn3 mate advancedPawn exposedKing promotion queenEndgame long
EAgIW,veryLong
EB8y8,kingsideAttack short
EBBXR,short
EC6PK,defensiveMove rookEndgame long
ECGUQ,discoveredAttack short
ECSpn,mateIn2 mate sacrifice short
ECayj,short
ECf5g,rookEndgame long
EDI1p,long
EDJ4s,hangingPiece long
EDqAX,rookEndgame long
EDwId,clearance veryLong
EEKj4,pawnEndgame long
EEaaC,mateIn3 mate long
EEtGr,short
EFdA8,short
EFnTn,fork veryLong
EFq6g,mateIn1 mate hangingPiece oneMove
EFuAB,hangingPiece rookEndgame short
EG0aD,pawnEndgame short
EGVb6,mateIn2 mate kingsideAttack short
EHDrU,deflection exposedKing long
EHMV1,short
EHNnk,mateIn2 mate advancedPawn fork short
EHhQ3,deflection fork veryLong
EICv9,skewer short
EIJAe,mateIn1 mate oneMove
EISF4,short
EIjeh,mateIn2 mate backRankMate sacrifice short
EJX1J,mateIn1 mate attackingF2F7 oneMove
EJZkU,mateIn2 mate fork short
EKEfN,mateIn2 mate backRankMate short
EKEwY,mateIn2 mate backRankMate sacrifice short
EKGuk,advancedPawn defensiveMove long
EKHv5,long
EKSfg,mateIn1 mate hangingPiece kingsideAttack oneMove
EKTgA,mateIn3 mate attraction sacrifice long
EKmBR,pawnEndgame short
EKqU5,mateIn2 mate doubleCheck short
ELKmc,short
ELhrT,exposedKing long
EMQhl,discoveredAttack kingsideAttack short
EMSmR,mateIn2 mate short
ENFzI,mateIn2 mate queenEndgame short
ENdqh,deflection knightEndgame short
ENitM,clearance long
ENkdO,pin long
ENloo,attraction sacrifice kingsideAttack short
EO26I,sacrifice long
EO47V,quietMove short
EOXbh,long
EOyKW,mateIn4 mate sacrifice veryLong
EOyg6,discoveredAttack short
EP0qd,mateIn1 mate oneMove
EP7U7,mateIn2 mate kingsideAttack short
EPFRC,short
EPFmo,deflection short
EPUw8,mateIn2 mate kingsideAttack short
EPdbI,mateIn1 mate kingsideAttack oneMove
EPwiS,mateIn2 mate attraction sacrifice short
EQRmy,mateIn3 mate sacrifice queensideAttack long
EQSUo,fork long
EQj8O,sacrifice fork long
EQoXm,mateIn1 mate oneMove
EQpY8,fork short
EQtDi,mateIn1 mate oneMove
ERCtS,mateIn1 mate oneMove
ERkc7,pin short
ESQM8,long
ESS8T,mateIn1 mate oneMove
ESWBS,mateIn2 mate pin kingsideAttack short
ESgkQ,mateIn1 mate oneMove
ESoJI,pin short
ESrUV,short
ESsVd,long
ETxkJ,mateIn1 mate kingsideAttack oneMove
EUNz6,fork long
EUVQ8,clearance long
EUp1A,short
EV0T4,short
EV87L,veryLong
EVQiv,bishopEndgame short
EVTh2,mateIn1 mate oneMove
EVqWO,mateIn2 mate short
EVwQh,fork short
EVyfJ,mateIn2 mate deflection kingsideAttack short
EW8Iz,veryLong
EWL2W,attraction kingsideAttack short
EWdby,mateIn2 mate short
EWrni,bishopEndgame long
EWwqV,short
EX7v5,mateIn3 mate backRankMate sacrifice long
EXFvB,pin long
EYUFv,advancedPawn clearance promotion veryLong
EYVrw,discoveredAttack short
EYkDA,attraction pin veryLong
EYshY,short
EZNHP,fork long
EZNh6,short
EZVT8,mateIn2 mate advancedPawn pawnEndgame short
EZVk9,mateIn1 mate kingsideAttack oneMove
EZWLw,mateIn1 mate kingsideAttack oneMove
EZefY,long
Ea3sX,short
Ea7D0,deflection pin short
EaKds,quietMove defensiveMove long
EarOG,attraction sacrifice discoveredAttack pin kingsideAttack long
EavoL,short
EawRw,mateIn1 mate oneMove
Ec328,long
Ec89Z,long
EcGr1,attraction sacrifice fork veryLong
EcZk2,deflection short
Ecb7Q,sacrifice kingsideAttack veryLong
Ecbmh,fork short
Eclfj,defensiveMove short
EcvKq,fork short
EdGnb,mateIn2 mate backRankMate fork short
EdPOE,mateIn2 mate backRankMate short
EdTnE,fork short
Ee3BE,mateIn2 mate short
Ee4op,fork short
EeBrm,advancedPawn defensiveMove long
EeJQq,sacrifice skewer long
EeX1j,mateIn1 mate oneMove
Eee9T,quietMove rookEndgame long
EeeCZ,attraction advancedPawn promotion long
EehbB,mateIn1 mate doubleCheck oneMove
EenN1,long
Eetmj,mateIn3 mate backRankMate long
Eev1s,fork short
Eex0M,mateIn2 mate kingsideAttack short
EfDEG,short
EfNzO,defensiveMove fork pin long
Efak7,sacrifice pin kingsideAttack veryLong
EfrKj,quietMove long
Efvbs,skewer queenEndgame short
EgMOu,advancedPawn short
EgQAs,fork short
EgR1f,attraction fork long
EgpVJ,mateIn2 mate sacrifice short
Eh248,mateIn1 mate oneMove
Eh6Y7,sacrifice long
EhfKl,mateIn1 mate oneMove
EhxrG,short
Ei9GO,fork long
EiAhB,mateIn3 mate smotheredMate doubleCheck sacrifice kingsideAttack long
EiICf,mateIn1 mate oneMove
EiRr9,fork exposedKing veryLong
EiyCD,fork discoveredAttack short
EjD1F,short
EjJC6,mateIn1 mate oneMove
EjY7Y,rookEndgame veryLong
Ek9Yt,fork exposedKing long
EkKNN,fork long
EkQj7,mateIn1 mate oneMove
EkVqR,hangingPiece intermezzo capturingDefender short
EkciD,attraction exposedKing long
ElDHX,exposedKing veryLong
Ele8m,quietMove defensiveMove queenRookEndgame long
Elpt6,long
Em2A7,short
EmD6q,short
EmE9i,mateIn1 mate oneMove
EmNE0,sacrifice pin veryLong
EmZgK,long
EmkNx,advancedPawn short
Emq9x,attraction kingsideAttack long
Emrvl,discoveredAttack short
EmuOR,mateIn3 mate sacrifice queensideAttack long
Emzub,fork long
EncDh,mateIn1 mate oneMove
Engq1,mateIn1 mate pin oneMove
EnoOo,queenRookEndgame short
EnvZ5,mateIn2 mate pin short
EoIpM,mateIn3 mate sacrifice long
EoT0X,sacrifice fork clearance long
EoizH,mateIn1 mate oneMove
EotV3,pawnEndgame veryLong
EovqY,attraction discoveredAttack short
EpU9u,pawnEndgame long
EpVKU,deflection pin clearance long
EpwFM,long
Eq4FS,trappedPiece short
EqNyi,long
EqQpS,mateIn1 mate queensideAttack oneMove
EqYAS,queenRookEndgame short
Eqeu0,mateIn1 mate kingsideAttack oneMove
Eqiq7,mateIn2 mate kingsideAttack short
EqsX3,advancedPawn bishopEndgame veryLong
ErBd6,mateIn1 mate oneMove
Erb0o,mateIn1 mate oneMove
ErfWa,deflection quietMove veryLong
ErvjW,quietMove pawnEndgame long
ErzZK,mateIn2 mate backRankMate short
Es7yv,skewer rookEndgame short
EsAGa,fork clearance long
EsMAq,fork short
Esf0Y,long
EsihF,fork short
Et3hY,mateIn1 mate oneMove
EtQX6,mateIn2 mate short
EtdDF,deflection long
EuFSS,mateIn2 mate short
EuIzW,short
EuVIR,long
EuncA,fork pin short
EvFO1,pin clearance veryLong
EvJ3X,short
EvSBO,mateIn1 mate oneMove
Evvor,discoveredAttack short
Ew4BQ,mateIn1 mate oneMove
EwFkR,mateIn3 mate sacrifice long
EwIfR,kingsideAttack veryLong
EwLyR,knightEndgame veryLong
EwexH,pawnEndgame long
Ewthe,mateIn1 mate oneMove
Exhee,mateIn2 mate short
EynZZ,veryLong
Eyp5W,mateIn3 mate sacrifice exposedKing long
EyxW3,long
EzaOB,short
Ezkhm,long
F07Me,mateIn2 mate short
F0eil,discoveredAttack short
F0l13,deflection exposedKing rookEndgame veryLong
F0yGI,exposedKing rookEndgame veryLong
F13wL,deflection fork long
F1P49,mateIn2 mate short
F23yx,mateIn2 mate attraction sacrifice kingsideAttack short
F2NxR,mateIn2 mate short
F2Pui,skewer short
F2cjb,mateIn2 mate attraction advancedPawn promotion kingsideAttack short
F3EL7,deflection short
F3ctE,mateIn3 mate long
F43du,long
F4Cda,mateIn1 mate oneMove
F4LYA,short
F4c2b,pawnEndgame long
F4ntR,mateIn1 mate advancedPawn attackingF2F7 oneMove
F5B1Q,mateIn2 mate rookEndgame short
F5Hm2,discoveredAttack kingsideAttack short
F5OV5,mateIn1 mate rookEndgame oneMove
F5Xwy,fork short
F638S,short
F6PDA,queensideAttack short
F6Rla,long
F6l04,advancedPawn veryLong
F6nHL,exposedKing rookEndgame long
F710r,long
F7Dzy,short
F7GgL,discoveredAttack long
F7QdU,short
F7RWD,mateIn2 mate short
F7SpS,discoveredAttack kingsideAttack short
F8Ejx,defensiveMove long
F8Jgp,short
F8Neo,mateIn2 mate attraction deflection short
F8QEJ,fork short
F8S1L,fork short
F99IN,deflection short
F9Aee,mateIn2 mate queensideAttack short
F9Ucb,advancedPawn rookEndgame long
F9miL,mateIn2 mate backRankMate sacrifice short
F9pbH,long
FAEyY,mateIn3 mate backRankMate long
FAI2F,mateIn1 mate dovetailMate oneMove
FALk9,fork short
FAUbn,discoveredAttack short
FAmuU,mateIn1 mate oneMove
FAxt8,mateIn2 mate rookEndgame short
FB1d8,knightEndgame short
FBXMJ,skewer rookEndgame short
FCUlv,mateIn2 mate short
FCV4c,quietMove trappedPiece veryLong
FDfim,mateIn2 mate fork short
FDq6f,long
FDurJ,fork short
FE1rP,mateIn2 mate short
FE47U,sacrifice short
FEHTr,mateIn2 mate backRankMate queenEndgame short
FELUs,mateIn1 mate oneMove
FEOeS,advancedPawn promotion short
FEuzD,sacrifice veryLong
FFEpb,mateIn2 mate short
FFNOA,mateIn2 mate short
FFSV3,mateIn2 mate attraction sacrifice short
FFZlT,mateIn2 mate doubleCheck short
FFfRG,mateIn1 mate oneMove
FGZNx,short
FGvR6,mateIn2 mate kingsideAttack short
FH2eo,mateIn1 mate kingsideAttack oneMove
FHEfm,attraction sacrifice fork long
FHGgR,pin short
FHeQt,deflection discoveredAttack bishopEndgame long
FHk47,quietMove bishopEndgame long
FHpic,mateIn1 mate advancedPawn promotion oneMove
FHsqM,mateIn1 mate kingsideAttack oneMove
FI2L5,attraction short
FIBd9,sacrifice long
FJ3n5,discoveredAttack long
FJ5da,mateIn4 mate attraction sacrifice kingsideAttack veryLong
FJ8d0,exposedKing queenRookEndgame long
FJHuQ,pin short
FJSMV,queenRookEndgame short
FJUAK,mateIn1 mate oneMove
FJYHy,fork short
FJj7H,quietMove defensiveMove pawnEndgame long
FJjfB,defensiveMove long
FK6vG,short
FKMyT,long
FKNGJ,mateIn2 mate short
FKfnW,mateIn2 mate short
FKkTf,attraction pin long
FKnYo,pin clearance short
FL3Zx,mateIn1 mate oneMove
FLCpU,deflection short
FLDck,mateIn1 mate kingsideAttack oneMove
FLEMa,mateIn1 mate kingsideAttack oneMove
FLKmC,knightEndgame short
FLSIE,sacrifice clearance queensideAttack long
FLTKb,mateIn2 mate short
FLYLu,short
FLZjc,mateIn2 mate kingsideAttack short
FLokM,short
FLxtq,defensiveMove short
FMWdy,mateIn1 mate backRankMate oneMove
FMXa4,pawnEndgame short
FMuVk,mateIn2 mate kingsideAttack short
FMvml,mateIn1 mate oneMove
FN7iz,mateIn2 mate short
FNgp6,discoveredAttack short
FNwmn,mateIn1 mate oneMove
FNxNh,fork short
FNy2F,short
FOBHr,mateIn2 mate short
FPolC,fork short
FPvzC,fork long
FQ41H,mateIn1 mate oneMove
FQ9AW,deflection pin long
FQL5a,mateIn1 mate oneMove
FQLwY,advancedPawn fork exposedKing veryLong
FQVRE,mateIn1 mate hangingPiece oneMove
FQfri,quietMove pawnEndgame long
FQiP4,advancedPawn short
FRY0q,mateIn2 mate short
FRizR,quietMove defensiveMove pawnEndgame long
FRluT,advancedPawn quietMove defensiveMove knightEndgame veryLong
FRqOb,mateIn1 mate kingsideAttack oneMove
FRqlx,mateIn2 mate short
FS2QD,short
FS70C,quietMove pawnEndgame long
FS7FV,mateIn3 mate backRankMate sacrifice long
FSD87,hangingPiece long
FSfVu,mateIn1 mate oneMove
FSryL,pin short
FSsPP,defensiveMove veryLong
FSyPw,short
FT3kP,kingsideAttack long
FT9Hx,short
FTJOT,fork short
FTMLg,short
FTOtO,short
FTSKY,fork long
FTpnK,fork short
FTsqY,mateIn2 mate kingsideAttack short
FUDp8,attraction advancedPawn fork veryLong
FUcd8,mateIn2 mate short
FUegc,attraction sacrifice short
FUieN,short
FUkLp,advancedPawn rookEndgame short
FUoTm,mateIn1 mate oneMove
FUqDj,mateIn1 mate oneMove
FUrAn,defensiveMove pawnEndgame long
FUwUu,advancedPawn hangingPiece promotion knightEndgame long
FV2x5,short
FV8PI,mateIn2 mate sacrifice short
FVEHm,xRayAttack long
FVMlJ,mateIn1 mate oneMove
FVevV,advancedPawn defensiveMove short
FViGD,mateIn1 mate oneMove
FVyd3,mateIn2 mate short
FW2zw,advancedPawn pawnEndgame long
FWDaN,mateIn3 mate backRankMate sacrifice long
FWDds,mateIn3 mate backRankMate long
FWEGS,mateIn1 mate smotheredMate oneMove
FWK72,mateIn1 mate kingsideAttack oneMove
FX1jl,long
FX3h5,fork long
FX6fX,fork short
FXd6B,mateIn1 mate kingsideAttack oneMove
FXexJ,defensiveMove pin short
FY7q7,bishopEndgame long
FYjCS,deflection discoveredAttack pin kingsideAttack long
FYrDn,hangingPiece long
FYznq,mateIn1 mate oneMove
FZ3HF,mateIn1 mate attackingF2F7 oneMove
FZAG3,short
FZD4B,mateIn1 mate kingsideAttack oneMove
FZPOx,mateIn2 mate short
FZst2,attraction sacrifice veryLong
FZyD9,defensiveMove pawnEndgame long
Fa0OH,mateIn2 mate attraction short
FaRmG,long
FaiBd,defensiveMove exposedKing pin veryLong
Favk6,short
Fb8HJ,mateIn1 mate oneMove
FbbBH,mateIn1 mate oneMove
FbeVZ,veryLong
FbuDh,mateIn1 mate pin oneMove
FcApV,fork short
FcY9M,mateIn1 mate rookEndgame oneMove
FcdE4,mateIn1 mate kingsideAttack oneMove
FctJJ,mateIn2 mate kingsideAttack short
Fcwri,defensiveMove short
FdHQ4,fork short
FdIux,mateIn1 mate oneMove
FdPYv,mateIn1 mate hookMate oneMove
FdUKC,mateIn3 mate rookEndgame long
Fddvn,short
Fdu3c,discoveredAttack short
FdzNZ,mateIn1 mate oneMove
Fe3Jj,mateIn2 mate short
FeEyK,mateIn2 mate short
FerBG,mateIn1 mate queensideAttack oneMove
FfEjw,quietMove long
FfKqS,mateIn1 mate oneMove
FfTD2,attraction fork veryLong
FfTWd,fork long
FfWqO,long
FfYAJ,mateIn1 mate rookEndgame oneMove
Ffngf,sacrifice exposedKing kingsideAttack veryLong
FfohL,discoveredAttack long
FfqJe,defensiveMove long
FgLSS,attraction sacrifice fork long
FgNqr,mateIn2 mate short
FgmW4,fork short
FhMX8,mateIn2 mate kingsideAttack short
FhaX6,mateIn2 mate backRankMate short
FhkB1,mateIn3 mate backRankMate long
Fhmcl,mateIn1 mate kingsideAttack oneMove
Fi368,long
FiBUP,advancedPawn quietMove pawnEndgame long
FiCm6,discoveredAttack short
FiU08,mateIn2 mate backRankMate short
FiU6S,mateIn4 mate backRankMate veryLong
FiZxU,mateIn1 mate oneMove
FikxS,discoveredAttack short
Fiohr,attraction sacrifice fork long
FjF71,mateIn1 mate oneMove
FjG64,advancedPawn fork long
FjHhc,sacrifice pin veryLong
FjOPu,skewer kingsideAttack veryLong
FjWTS,mateIn1 mate oneMove
Fk3yv,mateIn3 mate exposedKing long
Fk7T1,mateIn1 mate oneMove
FkGDP,defensiveMove short
FkHyE,fork hangingPiece long
FkeeH,fork short
FkwPE,pin short
Fl7xc,mateIn1 mate oneMove
FlBCj,short
FlCKp,defensiveMove bishopEndgame short
FlFao,defensiveMove short
FlO8X,advancedPawn rookEndgame long
FljnX,mateIn1 mate oneMove
FludH,defensiveMove rookEndgame short
Flyvh,defensiveMove enPassant pawnEndgame short
Fm3D2,mateIn2 mate advancedPawn kingsideAttack short
Fm90b,long
FmATz,mateIn1 mate hookMate oneMove
FmBLm,defensiveMove long
Fmp7V,advancedPawn promotion rookEndgame veryLong
FnM6M,discoveredAttack short
FnTmV,mateIn1 mate oneMove
FnecK,fork long
Fo9Ez,defensiveMove short
FofmH,sacrifice fork attackingF2F7 long
Fonon,deflection knightEndgame long
Fp83G,quietMove long
FpatM,mateIn2 mate short
Fpblg,long
Fq2oC,short
FqD8X,fork short
FqHi0,long
FqcPJ,deflection sacrifice pin long
Fqe1L,mateIn1 mate oneMove
Fr9vE,fork short
FrGsF,long
FrS1u,advancedPawn promotion long
FrVok,fork long
FrYVS,pin long
FroHV,mateIn1 mate oneMove
Fs2dJ,pin short
FsLkb,mateIn1 mate oneMove
FsMNj,advancedPawn sacrifice promotion veryLong
Fsawc,clearance long
FsrT3,mateIn2 mate short
Ftjlh,quietMove skewer long
FtlIl,mateIn1 mate hangingPiece kingsideAttack oneMove
FtpS0,advancedPawn exposedKing promotion pawnEndgame veryLong
FuAsw,mateIn2 mate short
FuKAm,rookEndgame long
FuMSc,advancedPawn short
FuURL,clearance short
Fuf8A,attraction deflection advancedPawn promotion long
Fuke5,mateIn2 mate short
FupoF,kingsideAttack short
FurPr,pawnEndgame long
Fure8,advancedPawn rookEndgame short
Fv1Kt,deflection discoveredAttack short
Fv4en,fork short
FvUmB,fork veryLong
Fvei5,mateIn1 mate hangingPiece oneMove
Fvilc,deflection rookEndgame long
Fvr6B,pin short
Fw4pv,mateIn1 mate oneMove
Fw7Pc,mateIn1 mate kingsideAttack oneMove
FwJmz,mateIn2 mate short
FwK7s,quietMove short
Fwhgt,hangingPiece short
FwuvA,advancedPawn quietMove veryLong
Fx0P7,advancedPawn rookEndgame short
Fx9Q5,mateIn1 mate oneMove
FxCNK,fork short
Fxc1N,fork veryLong
FxgMC,short
Fxkrg,fork short
Fxvaz,mateIn1 mate oneMove
FyUUg,fork veryLong
FyeAo,capturingDefender short
Fyug4,discoveredAttack veryLong
Fz37q,advancedPawn short
Fz5yn,mateIn4 mate kingsideAttack veryLong
FzAgE,pawnEndgame long
FzGm5,fork short
FzKl0,mateIn1 mate kingsideAttack oneMove
Fza6H,defensiveMove rookEndgame long
FzaHL,long
FzdT5,pawnEndgame short
Fzvws,mateIn4 mate pin queensideAttack veryLong
G0XNT,mateIn2 mate short
G0dA2,advancedPawn bishopEndgame long
G0lJ4,long
G1iv1,attackingF2F7 short
G1lGD,long
G1t2R,short
G2Ojo,defensiveMove short
G2g8F,advancedPawn promotion long
G3DgJ,advancedPawn interference short
G3S4u,quietMove defensiveMove pawnEndgame veryLong
G3SKE,mateIn2 mate kingsideAttack short
G3xXt,short
G4Atv,veryLong
G4ICK,skewer rookEndgame short
G4SBR,mateIn3 mate exposedKing rookEndgame long
G4YZx,advancedPawn rookEndgame long
G4jAf,attraction sacrifice discoveredAttack queensideAttack long
G56a2,defensiveMove trappedPiece short
G58jG,fork long
G59sr,mateIn1 mate kingsideAttack oneMove
G5Dqg,mateIn3 mate sacrifice clearance kingsideAttack long
G5RM3,mateIn2 mate backRankMate short
G5XQG,mateIn1 mate kingsideAttack oneMove
G5a2m,mateIn1 mate oneMove
G5j0Q,quietMove queenEndgame long
G66tq,short
G6O29,discoveredAttack short
G6RIV,mateIn3 mate clearance long
G6TYn,mateIn1 mate kingsideAttack oneMove
G6yen,attraction fork long
G79XY,mateIn1 mate oneMove
G7JPE,short
G7PjA,fork short
G7fNN,mateIn3 mate backRankMate long
G8Dwa,fork long
G8TyQ,mateIn2 mate pin short
G8hZg,mateIn1 mate oneMove
G8jXh,fork long
G91BU,mateIn1 mate oneMove
G97OI,mateIn2 mate backRankMate short
G9JOo,mateIn1 mate rookEndgame oneMove
G9aAz,mateIn2 mate fork short
G9dlF,advancedPawn fork exposedKing veryLong
G9igv,defensiveMove rookEndgame short
G9zzD,discoveredAttack short
GAL9Y,mateIn1 mate oneMove
GArsZ,fork long
GAvSr,fork short
GBLh6,discoveredAttack long
GBPVZ,discoveredAttack short
GBQQM,advancedPawn long
GBWJZ,long
GBXtM,mateIn1 mate oneMove
GBblP,advancedPawn short
GBgfy,fork short
GBmEu,deflection long
GBumz,mateIn2 mate kingsideAttack short
GCLfO,fork long
GCUM9,pin veryLong
GCurE,mateIn1 mate hangingPiece oneMove
GD5zb,fork short
GDFFr,mateIn1 mate oneMove
GDHoh,mateIn2 mate short
GDOCu,hangingPiece long
GDPCT,pin kingsideAttack short
GDvbQ,advancedPawn veryLong
GEBBD,mateIn1 mate oneMove
GEHtT,intermezzo pin long
GEdgK,mateIn1 mate smotheredMate oneMove
GEjfB,short
GF9kb,attraction sacrifice fork discoveredAttack exposedKing collinearMove veryLong
GFS3h,mateIn3 mate backRankMate sacrifice long
GFaNl,short
GFmzt,deflection advancedPawn promotion rookEndgame short
GG0Ct,exposedKing long
GGVBC,veryLong
GGWHJ,rookEndgame short
GHAci,advancedPawn promotion rookEndgame veryLong
GHKW3,discoveredAttack short
GHV3O,mateIn2 mate short
GHjhY,fork long
GIIfB,mateIn1 mate oneMove
GIQka,mateIn1 mate oneMove
GIffV,quietMove short
GIrqW,mateIn1 mate kingsideAttack oneMove
GJXXS,mateIn1 mate backRankMate oneMove
GJXaB,quietMove sacrifice skewer veryLong
GKWeZ,pawnEndgame long
GKiIk,intermezzo short
GLiC0,discoveredAttack short
GLrGy,fork short
GLuQ9,long
GMOrO,short
GMQjb,discoveredAttack short
GMbxr,advancedPawn defensiveMove long
GMilo,mateIn2 mate short
GOHMm,mateIn3 mate long
GOI8d,mateIn2 mate short
GOQzQ,mateIn1 mate kingsideAttack oneMove
GOwAm,mateIn1 mate oneMove
GPF67,fork short
GParg,mateIn1 mate oneMove
GPfAR,mateIn1 mate oneMove
GPlwO,advancedPawn queenEndgame short
GQJp9,attraction sacrifice discoveredAttack long
GQMI5,exposedKing veryLong
GQZ2o,mateIn1 mate queenRookEndgame oneMove
GQuaR,mateIn3 mate attraction doubleCheck sacrifice kingsideAttack long
GR1yD,discoveredAttack short
GR7D6,pawnEndgame veryLong
GR92O,fork discoveredAttack long
GRBvf,mateIn1 mate queensideAttack oneMove
GRCuf,mateIn1 mate oneMove
GRqtI,short
GSVIr,mateIn4 mate anastasiaMate attraction sacrifice fork veryLong
GSfqj,mateIn2 mate backRankMate queenRookEndgame short
GSj7H,advancedPawn fork veryLong
GSkHM,advancedPawn quietMove promotion veryLong
GSqgA,fork short
GT5N5,fork short
GT7Z1,defensiveMove pawnEndgame short
GT92Z,short
GTA3k,sacrifice discoveredAttack exposedKing long
GTC65,deflection short
GTS30,pin short
GTcEI,kingsideAttack long
GTdBa,mateIn2 mate sacrifice kingsideAttack short
GTlmm,pin short
GUQZf,advancedPawn kingsideAttack short
GUTHT,attraction deflection sacrifice fork long
GUZwQ,mateIn1 mate oneMove
GVHYi,mateIn2 mate kingsideAttack short
GVSNt,mateIn3 mate long
GVg8s,short
GVv04,hangingPiece long
GWLWB,advancedPawn promotion queenEndgame long
GWkjV,hangingPiece short
GWsL9,mateIn1 mate oneMove
GWu5P,mateIn1 mate kingsideAttack oneMove
GX0Ci,short
GXb1Y,long
GXdr0,long
GXmHs,deflection long
GXx6L,mateIn1 mate backRankMate hangingPiece oneMove
GY7Zu,trappedPiece discoveredAttack short
GYMn8,advancedPawn pin clearance rookEndgame long
GYOUS,short
GYYlH,fork short
GYpjA,defensiveMove long
GZ3Pc,mateIn2 mate backRankMate short
GZLaS,mateIn3 mate exposedKing long
GZN63,discoveredAttack exposedKing long
GZeYR,exposedKing rookEndgame long
GZf89,mateIn1 mate oneMove
GZj3g,advancedPawn knightEndgame long
GZlxr,pawnEndgame long
GZreQ,mateIn1 mate kingsideAttack oneMove
GZudA,long
GZwwr,pin long
Gaddl,pin short
GajfW,mateIn1 mate kingsideAttack oneMove
Gakeb,mateIn1 mate oneMove
Gb1sh,mateIn1 mate advancedPawn pawnEndgame oneMove
Gb6jK,mateIn2 mate backRankMate sacrifice short
Gb7h4,mateIn2 mate short
GbKVU,fork short
GbOcW,short
GbVK6,mateIn2 mate short
Gbbub,mateIn1 mate oneMove
GcP3E,rookEndgame long
GcRDZ,deflection sacrifice short
GcTwp,xRayAttack short
Gcvdj,defensiveMove veryLong
GdGP4,quietMove long
GdZFl,mateIn2 mate short
GdwUm,mateIn2 mate kingsideAttack short
Ge2IP,mateIn2 mate xRayAttack kingsideAttack short
Ge3Nj,mateIn2 mate kingsideAttack short
Ge6SP,advancedPawn quietMove promotion pawnEndgame veryLong
GeRCP,skewer rookEndgame long
GefoN,quietMove exposedKing rookEndgame veryLong
GewFl,short
Gf9OS,mateIn1 mate oneMove
GfITz,defensiveMove veryLong
GfQmJ,mateIn1 mate oneMove
GfmqB,long
GfwU5,mateIn1 mate oneMove
Gg1EQ,mateIn3 mate sacrifice long
GgFAE,bishopEndgame short
GgQfz,discoveredAttack short
GgmAV,fork long
GgwVk,defensiveMove pawnEndgame short
Gh2Qq,mateIn2 mate queenRookEndgame short
GhEQm,attraction sacrifice fork long
GhJRl,mateIn1 mate oneMove
GhQgC,short
GhTLP,sacrifice kingsideAttack long
GhTML,kingsideAttack long
GhZyk,mateIn2 mate kingsideAttack short
GhdoE,mateIn1 mate oneMove
Ghivq,short
GhuVx,mateIn2 mate advancedPawn promotion short
GhzQc,mateIn1 mate attackingF2F7 oneMove
GiN7n,defensiveMove pawnEndgame short
GiT4D,mateIn2 mate short
GiZyS,mateIn2 mate pin short
GikZB,mateIn1 mate rookEndgame oneMove
GjK8A,mateIn1 mate oneMove
GjX1g,short
Gjbtq,short
GjrZ2,fork short
GkCl6,mateIn2 mate short
GkpR1,fork short
Gl3xV,kingsideAttack long
Gl4U0,short
Gl4kH,short
GlWGW,short
GlYNx,mateIn1 mate kingsideAttack oneMove
Glh0H,pawnEndgame short
GlvkF,discoveredAttack short
Gm4wu,rookEndgame short
GmRXa,mateIn2 mate kingsideAttack short
Gmc0q,long
GmhL8,mateIn1 mate backRankMate oneMove
Gmojx,defensiveMove bishopEndgame short
GmyRX,mateIn2 mate short
Gne57,short
Gngqt,kingsideAttack short
Go1Lw,long
Go421,exposedKing long
GoMxY,skewer rookEndgame short
Gp1HS,hangingPiece short
GpPff,pin short
Gphtp,mateIn1 mate hangingPiece oneMove
GprdP,pin long
Gq6Ws,attraction sacrifice fork rookEndgame long
GqLXi,discoveredAttack short
GqU8M,short
GqVxt,mateIn2 mate short
GrFYL,mateIn3 mate sacrifice long
GrJ0A,mateIn2 mate fork short
GrNG3,quietMove long
GrWvf,skewer rookEndgame short
GrieQ,fork short
Grrja,hangingPiece long
Grrjj,mateIn2 mate short
GsBY7,exposedKing pin long
GsDaI,mateIn2 mate backRankMate sacrifice short
GsJNJ,pin short
GsW1N,mateIn1 mate oneMove
GshzG,fork short
GspCi,mateIn2 mate short
Gtu3u,mateIn2 mate queensideAttack short
GuCMH,attraction long
GuL5b,exposedKing long
GuOff,mateIn3 mate backRankMate sacrifice long
GuQfz,short
GuYlU,hangingPiece long
GudnP,mateIn1 mate queenEndgame oneMove
GulTH,mateIn1 mate backRankMate oneMove
GutbR,short
GvTkX,fork long
Gva7R,advancedPawn quietMove bishopEndgame veryLong
Gvhji,mateIn1 mate oneMove
Gvv0o,mateIn1 mate oneMove
Gw0YZ,mateIn2 mate doubleCheck short
GwTrW,fork short
GwhHM,short
GwnFC,mateIn1 mate oneMove
Gwnr0,skewer bishopEndgame short
Gwqbz,mateIn1 mate oneMove
GwuGg,mateIn2 mate short
Gx6Br,pin long
Gx7yC,mateIn2 mate doubleCheck short
Gx8co,sacrifice queensideAttack long
GxAqn,short
GxRQ0,mateIn1 mate oneMove
Gxsn2,mateIn2 mate short
GyZ8j,pin short
Gz5TA,enPassant short
GzEJi,pin short
GzTpX,quietMove defensiveMove long
Gzlqk,fork short
H04BX,queenEndgame short
H0x5R,defensiveMove rookEndgame short
H12A0,mateIn1 mate oneMove
H1KPv,long
H1LPz,long
H1RaT,deflection rookEndgame long
H1nml,veryLong
H1qVP,bishopEndgame short
H1ylb,pin kingsideAttack short
H2Prk,skewer rookEndgame short
H2agg,mateIn1 mate oneMove
H32Gp,discoveredAttack long
H3Nr2,attraction fork long
H4CRS,fork short
H4aT2,short
H4vQt,fork exposedKing long
H5DKL,mateIn3 mate exposedKing long
H5MAx,discoveredAttack kingsideAttack short
H5PTI,long
H5l91,mateIn1 mate kingsideAttack oneMove
H5xN3,advancedPawn promotion short
H6C1D,skewer long
H6FgF,advancedPawn promotion knightEndgame veryLong
H6e5t,attraction intermezzo kingsideAttack short
H6hEz,advancedPawn long
H6uqU,mateIn1 mate oneMove
H7Psm,fork short
H7Sw7,mateIn3 mate sacrifice pin clearance kingsideAttack long
H8Lt8,short
H8eU6,discoveredAttack short
H8iOe,short
H9PqK,defensiveMove long
H9ac0,skewer short
H9bhP,deflection advancedPawn sacrifice exposedKing promotion rookEndgame long
H9cHN,mateIn1 mate oneMove
H9gZw,mateIn1 mate oneMove
H9vLE,discoveredAttack long
H9yUO,mateIn1 mate oneMove
HA8oA,mateIn2 mate hangingPiece short
HAJTZ,mateIn1 mate oneMove
HB6lS,mateIn2 mate short
HBSCi,mateIn1 mate kingsideAttack oneMove
HCgL7,veryLong
HCguc,advancedPawn quietMove long
HCjLK,pin capturingDefender long
HCo22,skewer long
HD0as,mateIn1 mate oneMove
HD6b9,fork short
HD7Of,intermezzo short
HDIHQ,fork long
HDNFi,mateIn1 mate oneMove
HDTWz,mateIn2 mate deflection short
HDgMH,mateIn2 mate short
HDia3,advancedPawn exposedKing promotion long
HDuIV,deflection long
HDzTs,mateIn1 mate oneMove
HEcEb,mateIn2 mate kingsideAttack short
HEjqY,quietMove queenEndgame long
HEqLY,mateIn1 mate kingsideAttack oneMove
HFBCw,fork long
HFDMe,fork short
HFH7q,discoveredAttack long
HFOgv,advancedPawn knightEndgame long
HFctW,mateIn1 mate oneMove
HFleO,fork pin short
HGfjZ,mateIn1 mate oneMove
HH703,discoveredAttack queensideAttack short
HHM5i,pin kingsideAttack short
HHajD,hangingPiece short
HHmw8,mateIn1 mate oneMove
HHnPx,pin short
HI0gR,mateIn3 mate backRankMate sacrifice long
HIHyx,fork pin long
HIc9X,defensiveMove long
HIxQX,mateIn1 mate oneMove
HJ0jl,fork short
HJNg0,mateIn3 mate kingsideAttack long
HJWqR,hangingPiece short
HK1bO,pin clearance long
HK4YQ,capturingDefender short
HK5We,mateIn2 mate short
HK7cb,short
HKMA5,mateIn1 mate oneMove
HKRqr,pin kingsideAttack long
HL0qv,mateIn1 mate kingsideAttack oneMove
HL25Z,attraction fork veryLong
HLICb,advancedPawn discoveredAttack long
HLOPv,short
HLYSr,mateIn1 mate queensideAttack oneMove
HLaQZ,long
HLwtt,short
HMFFb,attraction veryLong
HMGBe,mateIn1 mate bishopEndgame oneMove
HMY36,mateIn2 mate attraction sacrifice kingsideAttack short
HMaNc,mateIn3 mate smotheredMate doubleCheck sacrifice kingsideAttack long
HN7dy,fork short
HN9yL,mateIn1 mate oneMove
HNIwR,pin long
HNY2K,mateIn1 mate hangingPiece oneMove
HNaZW,mateIn3 mate backRankMate sacrifice long
HNcNt,kingsideAttack short
HNwKQ,deflection hangingPiece long
HONQG,short
HOaHu,long
HOxeE,mateIn2 mate short
HPGRr,pin short
HPWcW,mateIn1 mate queensideAttack oneMove
HPd75,mateIn1 mate kingsideAttack oneMove
HPuJ7,defensiveMove sacrifice bishopEndgame long
HPz7U,mateIn2 mate kingsideAttack short
HQ9rC,discoveredAttack kingsideAttack short
HQQcS,mateIn2 mate hookMate queensideAttack short
HQbim,deflection short
HQhjS,mateIn1 mate kingsideAttack oneMove
HRYM8,skewer long
HRfRs,fork long
HRrjo,mateIn2 mate doubleCheck short
HS3Gb,fork long
HSB20,sacrifice discoveredAttack long
HSBNx,bishopEndgame short
HSF2N,mateIn1 mate queenRookEndgame oneMove
HSRcV,mateIn2 mate sacrifice discoveredAttack kingsideAttack short
HSTem,trappedPiece short
HT51s,fork short
HTbUN,fork short
HTcYF,mateIn2 mate backRankMate sacrifice short
HTkD2,long
HUVLV,mateIn2 mate pin short
HUbhx,mateIn1 mate smotheredMate oneMove
HUejg,mateIn1 mate rookEndgame oneMove
HUzwQ,mateIn4 mate sacrifice queensideAttack veryLong
HV0Jq,mateIn3 mate backRankMate sacrifice long
HVIyv,mateIn1 mate kingsideAttack oneMove
HVp1L,discoveredAttack short
HW7Qp,fork discoveredAttack short
HW8nc,mateIn2 mate sacrifice kingsideAttack short
HWE1d,long
HWKyY,mateIn1 mate kingsideAttack oneMove
HWkAZ,attraction defensiveMove sacrifice discoveredAttack veryLong
HWwze,discoveredAttack short
HX8M4,deflection kingsideAttack short
HXXkE,mateIn1 mate oneMove
HXnro,mateIn1 mate backRankMate oneMove
HY8LQ,fork short
HYShl,short
HYWkL,short
HYcan,fork exposedKing long
HYeq3,short
HYr3l,discoveredAttack short
HZ0B6,discoveredAttack interference short
HZCDn,kingsideAttack long
HZGQ4,advancedPawn rookEndgame long
HZNpd,trappedPiece short
HZZW2,mateIn1 mate attackingF2F7 oneMove
HZjKG,short
HZu4P,advancedPawn defensiveMove promotion veryLong
HZxlZ,mateIn1 mate oneMove
HaKiA,long
HaUDW,veryLong
HaWH9,skewer rookEndgame short
HalBU,fork long
HbF0T,pawnEndgame long
Hc2cl,mateIn2 mate short
Hc6d7,short
HcCVx,discoveredAttack short
HdEYC,mateIn2 mate rookEndgame short
HdZnF,advancedPawn promotion short
HdcM7,mateIn2 mate backRankMate queenRookEndgame short
HdntA,kingsideAttack long
He5G6,queenEndgame long
HeWVG,attraction fork long
HelMd,advancedPawn quietMove rookEndgame short
HezHS,exposedKing long
HfCNg,mateIn1 mate smotheredMate oneMove
HfHbK,mateIn3 mate deflection kingsideAttack long
HfVvY,mateIn2 mate short
Hfc1o,mateIn3 mate long
HfiRq,long
HfjRU,long
HfmkQ,pin kingsideAttack long
Hfynf,trappedPiece short
Hg3sW,advancedPawn queenEndgame long
HgHpT,mateIn3 mate exposedKing long
HgbZj,hangingPiece bishopEndgame short
Hh8pX,mateIn2 mate short
HhQHC,defensiveMove short
HhXEC,defensiveMove rookEndgame short
Hhfxo,fork long
HhjfR,mateIn2 mate backRankMate short
Hi7Fy,short
HiELN,mateIn2 mate anastasiaMate pin short
HiWcj,mateIn1 mate oneMove
HiY5F,long
HibNn,mateIn3 mate hangingPiece exposedKing long
Hiv73,sacrifice kingsideAttack long
HiwMW,mateIn2 mate fork short
HjFJK,discoveredAttack short
HjSaI,mateIn2 mate deflection short
Hjnr8,short
Hjybs,discoveredAttack veryLong
HkIOP,fork short
HkyO2,defensiveMove fork long
HlXlR,sacrifice clearance short
Hles6,mateIn1 mate oneMove
HmETV,attraction fork long
HmRcK,fork short
HmjLI,mateIn2 mate short
HmzLY,mateIn2 mate short
HnChW,mateIn1 mate rookEndgame oneMove
HnIFy,short
HnxxK,mateIn2 mate short
Ho6kI,hangingPiece long
HoARi,long
HoFsY,short
HoSi1,short
HoUs7,mateIn3 mate exposedKing long
HoiUO,pin short
Houba,mateIn2 mate hangingPiece short
HozIW,mateIn1 mate hangingPiece oneMove
HpACS,mateIn3 mate backRankMate long
HpJd7,quietMove defensiveMove bishopEndgame long
HpNg7,advancedPawn veryLong
HpR3U,mateIn1 mate queenEndgame oneMove
HpiTe,fork short
Hpjnu,short
Hq5en,mateIn2 mate backRankMate queenRookEndgame short
HqkG3,mateIn1 mate oneMove
HrLZc,fork exposedKing veryLong
HrLtm,short
HsA5h,mateIn1 mate kingsideAttack oneMove
HsXlK,mateIn2 mate fork hangingPiece short
HsbRU,defensiveMove hangingPiece short
HslJS,fork long
HsmAT,xRayAttack kingsideAttack short
HtAGt,mateIn1 mate oneMove
HtNQZ,mateIn1 mate oneMove
HtNTc,short
HtU9f,attraction sacrifice pin long
HuJFQ,mateIn1 mate oneMove
HuTko,short
HuivV,mateIn1 mate hookMate oneMove
HunF9,mateIn2 mate kingsideAttack short
Hv8HG,mateIn1 mate oneMove
HvIUu,short
HvSxK,long
HvUj1,long
HvdGY,mateIn1 mate oneMove
HvgbH,mateIn1 mate oneMove
Hvln7,deflection long
Hvlxg,fork short
Hvrjq,mateIn1 mate attackingF2F7 oneMove
Hvrzi,advancedPawn long
HvtVf,fork long
HvwFF,sacrifice discoveredAttack long
HvxGr,fork interference long
Hw0Oc,mateIn1 mate pin oneMove
Hw3Fp,defensiveMove pin long
HwCOJ,mateIn1 mate oneMove
HwkWd,short
Hwx9j,mateIn3 mate deflection queensideAttack long
Hx5JP,mateIn2 mate short
HxbfF,mateIn2 mate advancedPawn promotion short
HyCqb,mateIn2 mate short
HymPE,quietMove short
Hyolj,mateIn2 mate short
Hyuvm,bishopEndgame long
Hze4r,long
I058r,advancedPawn defensiveMove rookEndgame short
I0NsW,long
I0Ux8,mateIn2 mate queenRookEndgame short
I0amn,short
I0eNg,intermezzo short
I0hYq,exposedKing queensideAttack long
I0mWj,mateIn1 mate oneMove
I13hw,mateIn1 mate oneMove
I19F5,mateIn2 mate short
I2Ga6,mateIn1 mate oneMove
I2Qs4,mateIn2 mate short
I2ZbP,mateIn1 mate oneMove
I2lLU,fork short
I3dYX,deflection long
I4HW3,defensiveMove short
I4Nhm,advancedPawn quietMove pawnEndgame veryLong
I4UPD,mateIn2 mate backRankMate queenEndgame short
I4VJq,long
I4u5a,quietMove long
I4xWd,advancedPawn fork veryLong
I5Hgp,fork short
I5jdh,deflection pin short
I6308,mateIn2 mate sacrifice queensideAttack short
I6W4Q,mateIn2 mate short
I76Xi,discoveredAttack short
I7N9M,advancedPawn sacrifice promotion long
I8EK0,discoveredAttack long
I8bK2,skewer long
I8cZ5,mateIn2 mate pin short
I9Odo,mateIn4 mate hookMate quietMove sacrifice exposedKing clearance veryLong
I9f6u,mateIn2 mate short
I9gkx,deflection sacrifice veryLong
IA48O,deflection advancedPawn promotion rookEndgame long
IAKoR,mateIn1 mate oneMove
IAPaR,rookEndgame short
IB5rE,fork short
IBKcj,sacrifice long
IBWLR,mateIn1 mate oneMove
IBc7S,mateIn1 mate oneMove
IBhSa,fork veryLong
IC0Gl,skewer short
ICAdL,hangingPiece pin queenRookEndgame veryLong
ICBaf,mateIn1 mate oneMove
ICDhH,mateIn1 mate queenEndgame oneMove
ICKvE,short
ICgKj,exposedKing pin long
ICiy2,defensiveMove long
ICr7t,pin long
IDHoU,exposedKing long
IDOu3,fork short
IDacv,mateIn1 mate oneMove
IDlNh,advancedPawn defensiveMove rookEndgame long
IDyDB,pawnEndgame long
IE7Ow,fork short
IEO9U,short
IEWVR,hangingPiece long
IEgDU,mateIn1 mate oneMove
IF6Cf,veryLong
IFCDk,short
IFZN0,mateIn3 mate long
IFmjA,mateIn1 mate oneMove
IGBIb,mateIn2 mate backRankMate short
IGDmL,kingsideAttack short
IGjIX,mateIn1 mate oneMove
IGsGe,mateIn1 mate oneMove
IHEiK,deflection long
IHMgd,attraction sacrifice fork long
IHRAk,short
IHTsv,long
IHoFC,mateIn2 mate short
IIAZP,defensiveMove short
IIEtf,mateIn2 mate short
IILsf,mateIn2 mate doubleBishopMate bishopEndgame short
IJ9EH,attraction deflection clearance veryLong
IJCuH,quietMove pawnEndgame short
IJqRM,pin short
IK9Sn,mateIn1 mate oneMove
IKMVB,defensiveMove long
IKR9i,mateIn1 mate kingsideAttack oneMove
IKYyY,short
IKg7B,discoveredAttack short
IKw68,mateIn1 mate oneMove
ILKAG,mateIn2 mate short
ILp8z,fork long
ILx0W,mateIn2 mate hangingPiece short
IM16W,hangingPiece long
IMC60,deflection pin long
IMUVz,pawnEndgame long
IMm19,discoveredAttack short
IMuZt,mateIn2 mate attraction short
INLHN,fork short
INbLz,fork long
INcKT,discoveredAttack short
INkBi,discoveredAttack long
INo2Q,discoveredAttack short
INoVx,mateIn2 mate short
INwjn,mateIn1 mate oneMove
INzhV,kingsideAttack short
IOGZb,exposedKing veryLong
IOSGH,short
IOgjm,attraction sacrifice kingsideAttack long
IOnCd,mateIn2 mate backRankMate short
IOoc1,hangingPiece short
IOtO5,mateIn4 mate sacrifice fork veryLong
IPQcA,mateIn2 mate kingsideAttack short
IPQy0,mateIn1 mate oneMove
IPSKB,mateIn2 mate hookMate kingsideAttack short
IPo3Q,mateIn2 mate doubleCheck sacrifice short
IPpJY,mateIn1 mate oneMove
IQE7B,defensiveMove long
IQQs8,mateIn1 mate oneMove
IQzaF,long
IREeL,interference long
IRb0Y,advancedPawn promotion rookEndgame long
IRe2u,mateIn2 mate discoveredAttack short
ISEmA,long
ISXEB,skewer short
ISdDE,mateIn1 mate backRankMate hangingPiece oneMove
ISlp9,mateIn1 mate oneMove
ISnhe,mateIn1 mate kingsideAttack oneMove
ITRea,short
ITtwI,defensiveMove long
IURRL,mateIn1 mate oneMove
IUZCH,fork long
IV9Uu,skewer short
IVFlg,rookEndgame long
IVJc7,discoveredAttack bishopEndgame short
IVZuy,fork long
IVcCu,mateIn2 mate sacrifice discoveredAttack kingsideAttack short
IVcIG,mateIn3 mate backRankMate deflection fork long
IVgBE,mateIn1 mate kingsideAttack oneMove
IVt7w,kingsideAttack short
IVzvt,pawnEndgame short
IWJDM,mateIn3 mate backRankMate sacrifice long
IWjuG,mateIn3 mate long
IWxIF,discoveredAttack short
IXHWN,kingsideAttack short
IXod1,mateIn1 mate backRankMate oneMove
IY2VL,mateIn1 mate smotheredMate oneMove
IY4Oa,defensiveMove bishopEndgame short
IYzFy,short
IZXCL,mateIn1 mate oneMove
IZkur,advancedPawn sacrifice rookEndgame short
IZuSR,mateIn1 mate hangingPiece oneMove
Ia3b5,mateIn2 mate short
IaA9Y,short
IamcE,defensiveMove rookEndgame long
IaoEJ,mateIn3 mate backRankMate sacrifice long
Ib2UR,mateIn1 mate kingsideAttack oneMove
Ib4sW,mateIn2 mate short
Ib5X9,mateIn2 mate sacrifice short
IbCj6,enPassant pawnEndgame long
Ibc7L,fork short
Ibguk,mateIn3 mate doubleCheck long
IcDj5,defensiveMove fork long
IcJDh,hangingPiece short
IcRd7,mateIn2 mate sacrifice kingsideAttack short
IcZ9l,mateIn3 mate backRankMate sacrifice long
IcfLB,mateIn1 mate oneMove
Icnl2,quietMove long
Icp3b,mateIn2 mate kingsideAttack short
IcsuI,mateIn2 mate sacrifice short
Icwd3,mateIn2 mate short
IcxZw,quietMove queenEndgame long
Id349,fork short
IdL2a,mateIn1 mate backRankMate hangingPiece oneMove
IeJeA,skewer veryLong
IeNm9,quietMove long
IebJu,short
IewK9,pin long
IfL9R,fork intermezzo long
IfXfg,fork short
IfzN2,mateIn2 mate short
Ig5Zd,quietMove pawnEndgame short
IgPZL,hangingPiece veryLong
IgX6d,mateIn1 mate oneMove
IgZq5,fork short
IgZub,deflection advancedPawn promotion bishopEndgame long
IgntD,interference long
IgqkQ,advancedPawn promotion rookEndgame long
Igx2o,advancedPawn queenEndgame long
Ih8vK,hangingPiece short
IhQpD,mateIn3 mate backRankMate sacrifice long
IiEmD,mateIn1 mate kingsideAttack oneMove
IiOXi,mateIn2 mate pin short
IiV96,mateIn1 mate pin oneMove
IiXT5,mateIn1 mate kingsideAttack oneMove
IimRR,short
IinXO,mateIn3 mate attraction sacrifice discoveredAttack pin kingsideAttack long
IjEC4,defensiveMove short
IjQbb,defensiveMove pawnEndgame veryLong
IjRUj,short
IjTkW,mateIn1 mate oneMove
IjwZk,mateIn2 mate short
Ijztu,deflection advancedPawn promotion rookEndgame long
IkNtm,mateIn1 mate backRankMate oneMove
IkXkn,mateIn1 mate oneMove
IkmKJ,deflection fork short
Ikns7,short
Il1xr,mateIn1 mate kingsideAttack oneMove
IlPtp,attraction sacrifice fork pin long
IlcFz,short
IltyQ,fork short
IlxmV,fork short
IlyYp,discoveredAttack pin kingsideAttack long
ImOTC,mateIn2 mate short
Imii1,mateIn1 mate oneMove
ImtrO,mateIn2 mate short
Imuiq,short
ImzUr,advancedPawn pawnEndgame long
In2BX,long
IodcF,defensiveMove long
IojPQ,mateIn1 mate oneMove
Iokqf,sacrifice kingsideAttack veryLong
Iox9v,fork short
Ip6kL,fork short
IpYad,short
IplxK,advancedPawn promotion pawnEndgame long
Ipu55,trappedPiece long
IqBF9,quietMove defensiveMove veryLong
IqJuE,mateIn1 mate backRankMate hangingPiece oneMove
IqZwC,short
Iqedc,advancedPawn knightEndgame short
IrNm8,fork short
IrOTu,fork short
IrUmx,short
Irh1F,deflection exposedKing long
IsFxL,mateIn1 mate oneMove
IsRi0,deflection veryLong
Ispc2,long
ItAtk,mateIn1 mate oneMove
ItKJ7,mateIn2 mate backRankMate short
ItOhr,quietMove defensiveMove pawnEndgame short
ItQtL,skewer short
ItV2v,kingsideAttack long
Itchy,mateIn1 mate oneMove
IuLPY,mateIn2 mate backRankMate short
IuO4R,short
IuOfT,deflection knightEndgame short
IuS6L,mateIn1 mate oneMove
IuTYr,defensiveMove hangingPiece long
IuZGu,fork long
IunwP,mateIn2 mate backRankMate advancedPawn promotion rookEndgame short
IvE4M,mateIn2 mate kingsideAttack short
IvTUv,sacrifice kingsideAttack short
IvVip,short
IvfhA,defensiveMove pin long
Ivt22,exposedKing skewer long
Ivu7P,defensiveMove rookEndgame short
IvvOY,attraction advancedPawn fork discoveredAttack promotion veryLong
IwT5G,intermezzo short
IwlBn,mateIn1 mate oneMove
Ix3db,pin long
Ix5A0,sacrifice long
IxEMG,mateIn1 mate kingsideAttack oneMove
IxGjk,short
IxOZN,short
IxUrG,mateIn2 mate short
Iz0ZM,mateIn3 mate backRankMate long
Iz8JI,pin long
IzHkz,fork short
IznEF,pawnEndgame long
J096V,mateIn2 mate rookEndgame short
J0iTA,fork short
J0kQK,long
J16ji,advancedPawn short
J1FVW,mateIn2 mate short
J1Sw2,kingsideAttack short
J1ZGc,mateIn1 mate oneMove
J1paE,quietMove pawnEndgame long
J1qPb,mateIn2 mate fork short
J2H1B,mateIn1 mate oneMove
J2MD6,mateIn1 mate oneMove
J2nay,mateIn3 mate long
J3HK4,mateIn2 mate attraction sacrifice short
J3RG0,mateIn1 mate oneMove
J3SZ8,mateIn2 mate sacrifice short
J3esr,mateIn1 mate oneMove
J3kU6,mateIn3 mate attraction advancedPawn discoveredAttack kingsideAttack long
J3xMp,discoveredAttack short
J3z7i,mateIn1 mate kingsideAttack oneMove
J42v8,fork short
J4Tdt,fork short
J4ToU,mateIn1 mate oneMove
J4YgD,mateIn3 mate long
J569X,mateIn1 mate oneMove
J5Dy8,mateIn1 mate kingsideAttack oneMove
J5Fh9,pin kingsideAttack long
J5nHb,quietMove pawnEndgame short
J5yVU,defensiveMove short
J60cL,long
J6CZh,mateIn1 mate oneMove
J6pP1,skewer long
J6qjC,veryLong
J70Y4,queenEndgame short
J74Wl,fork short
J7K88,exposedKing long
J7VVr,short
J7hff,mateIn1 mate oneMove
J7iRz,short
J7lsJ,mateIn1 mate oneMove
J7pm7,mateIn1 mate oneMove
J7uA7,mateIn1 mate hangingPiece oneMove
J7voH,veryLong
J7wxR,advancedPawn long
J85XM,fork short
J8jBr,short
J8p9F,mateIn2 mate backRankMate short
J8zzy,defensiveMove pawnEndgame long
J97A2,mateIn2 mate short
J99iS,mateIn2 mate short
J99yN,mateIn3 mate advancedPawn exposedKing collinearMove promotion kingsideAttack long
J9Qnc,mateIn2 mate short
J9Y6v,fork long
J9gGP,mateIn1 mate oneMove
J9peI,quietMove pawnEndgame veryLong
J9tBv,mateIn3 mate sacrifice exposedKing kingsideAttack long
JA6oA,veryLong
JA7b2,short
JA9SJ,defensiveMove queenEndgame short
JAa5F,attraction sacrifice fork exposedKing long
JAeUR,hangingPiece long
JAfHr,advancedPawn short
JAoln,pin long
JArzc,mateIn1 mate attackingF2F7 oneMove
JB3wb,mateIn4 mate attraction sacrifice kingsideAttack veryLong
JBC9y,discoveredAttack kingsideAttack short
JBCl1,deflection veryLong
JBMWJ,mateIn1 mate oneMove
JBUiY,long
JBWkV,defensiveMove long
JBzN7,short
JC3X8,advancedPawn pin long
JCV5K,fork short
JCqs6,mateIn2 mate short
JCsTT,long
JCycw,defensiveMove kingsideAttack long
JCyra,sacrifice long
JD9vD,mateIn2 mate short
JDGx2,exposedKing long
JDotT,defensiveMove fork long
JDtwW,long
JDuOH,mateIn2 mate fork short
JEAsQ,kingsideAttack long
JEEaq,mateIn1 mate queenEndgame oneMove
JEhKb,short
JElJw,attraction long
JF3S2,mateIn1 mate kingsideAttack oneMove
JFObW,hangingPiece exposedKing kingsideAttack long
JFhoh,mateIn1 mate oneMove
JFjt2,fork short
JFv41,mateIn2 mate kingsideAttack short
JG4f8,short
JG9nF,mateIn3 mate backRankMate sacrifice long
JGNcP,mateIn1 mate pin oneMove
JGVzT,defensiveMove pin veryLong
JGpuE,short
JH01g,fork short
JH0FT,discoveredAttack long
JHNm0,attraction queensideAttack long
JHf28,deflection long
JHuaw,deflection short
JI0go,advancedPawn long
JICki,trappedPiece short
JIRM3,discoveredAttack short
JIYYL,short
JIo7J,mateIn2 mate short
JIyRK,fork short
JJPsq,long
JJwjk,long
JKtlJ,sacrifice long
JKvCh,long
JL10v,mateIn1 mate oneMove
JLEfT,fork short
JLGO7,short
JLPeh,doubleCheck sacrifice fork veryLong
JLfDP,mateIn2 mate short
JLnpL,advancedPawn intermezzo short
JM5BS,fork short
JMNWR,fork long
JMXtl,mateIn3 mate attraction sacrifice kingsideAttack long
JMehF,mateIn3 mate attraction sacrifice pin long
JMws7,fork long
JN0LD,advancedPawn short
JN7Zn,mateIn1 mate oneMove
JNDc1,deflection advancedPawn short
JNVi2,fork hangingPiece short
JNaUq,sacrifice kingsideAttack veryLong
JNaxV,exposedKing long
JNe5g,mateIn3 mate backRankMate long
JNhPR,fork long
JNxgl,short
JOJM8,fork skewer long
JOLoH,mateIn1 mate oneMove
JOcO6,discoveredAttack kingsideAttack short
JOqCG,sacrifice discoveredAttack kingsideAttack veryLong
JPdxX,mateIn1 mate oneMove
JPgza,mateIn3 mate deflection exposedKing long
JPpdr,defensiveMove intermezzo long
JPr89,defensiveMove short
JPzAP,quietMove rookEndgame veryLong
JQ37M,mateIn1 mate oneMove
JQEb7,mateIn2 mate deflection short
JQXJz,mateIn3 mate long
JQfIW,mateIn2 mate anastasiaMate short
JR5Ny,veryLong
JRHBf,advancedPawn long
JRIMw,mateIn1 mate oneMove
JRmfM,mateIn1 mate oneMove
JSGhP,rookEndgame short
JSJpI,mateIn3 mate backRankMate sacrifice long
JSPrT,mateIn2 mate sacrifice pin kingsideAttack short
JSZwP,mateIn2 mate short
JSpWs,pin long
JT495,defensiveMove rookEndgame short
JT9dQ,mateIn2 mate deflection short
JTVon,mateIn2 mate rookEndgame short
JU3Bl,short
JUWzN,mateIn3 mate long
JUe7U,bishopEndgame long
JUmI7,mateIn2 mate queenRookEndgame short
JUmuj,mateIn2 mate short
JUnfN,trappedPiece rookEndgame long
JV6Es,pin short
JVPGH,short
JVYfh,short
JVeac,pin short
JVxkI,defensiveMove pawnEndgame long
JW7E7,mateIn1 mate oneMove
JWNSS,long
JWZyG,sacrifice fork clearance long
JWeL4,fork long
JWmPD,attraction long
JWx6R,defensiveMove bishopEndgame short
JXDJy,fork long
JXU1D,hangingPiece short
JXXR4,mateIn1 mate oneMove
JY8me,attraction veryLong
JY9du,long
JY9y7,mateIn2 mate backRankMate sacrifice short
JYEkd,mateIn1 mate oneMove
JYleV,fork short
JYqmD,long
JYwif,pin short
JZ9Jd,defensiveMove sacrifice discoveredAttack clearance long
JaMBG,deflection long
JaU3q,mateIn2 mate attraction sacrifice short
JawPJ,discoveredAttack queensideAttack long
JaxWr,fork short
JazTi,trappedPiece long
JbAGW,deflection long
JcjFE,rookEndgame short
Jd8kA,fork short
JdMlt,mateIn1 mate oneMove
JddKe,mateIn1 mate kingsideAttack oneMove
JeQRq,pin long
JeVax,advancedPawn promotion pawnEndgame long
JeXZL,quietMove defensiveMove rookEndgame short
Jf1jp,long
JfRC8,discoveredAttack kingsideAttack short
JfTxU,mateIn1 mate queensideAttack oneMove
Jfefp,fork long
JfgMu,deflection skewer kingsideAttack long
Jg4Hp,fork short
Jg7Gk,mateIn2 mate rookEndgame short
JgCil,mateIn1 mate oneMove
Jgfwf,defensiveMove long
Jgojq,bishopEndgame short
JgzLH,trappedPiece short
JhPsz,attraction sacrifice fork long
JhShu,mateIn3 mate backRankMate sacrifice long
JhWni,long
JhbNq,hangingPiece long
Ji5Lj,mateIn2 mate short
JiHpY,skewer queenEndgame short
JiLwx,defensiveMove rookEndgame short
JiU5k,mateIn1 mate oneMove
Jicm2,defensiveMove queenRookEndgame short
Jikv6,mateIn1 mate oneMove
JiqNh,mateIn2 mate sacrifice pin kingsideAttack short
Jj2qX,advancedPawn promotion veryLong
Jj7D3,quietMove knightEndgame short
Jj89X,fork intermezzo short
JjUZz,mateIn1 mate backRankMate oneMove
Jjk8J,fork hangingPiece long
Jjt1e,short
Jju0Z,fork short
Jk21Q,mateIn3 mate queenEndgame long
JkQ1Q,mateIn2 mate pin kingsideAttack short
JkX6H,mateIn1 mate oneMove
Jku9t,mateIn2 mate short
Jl9sw,pin long
JlK3A,long
Jlm1H,defensiveMove knightEndgame short
JmDad,quietMove exposedKing long
JmQ2t,short
JmRJ7,mateIn2 mate short
Jn4Le,mateIn2 mate arabianMate short
JnXcJ,rookEndgame short
JnXp0,pin short
Jnqjf,kingsideAttack long
Jnu3E,fork short
Jnum9,advancedPawn exposedKing pawnEndgame long
JnzAX,defensiveMove short
Jo37O,sacrifice queensideAttack veryLong
JoOrb,mateIn1 mate backRankMate oneMove
JoWyF,mateIn2 mate kingsideAttack short
JoriX,knightEndgame long
Jp1Dm,long
Jp9Dp,sacrifice pin long
JpAqs,queenEndgame short
JpB3X,defensiveMove pawnEndgame long
JpCBT,mateIn1 mate hangingPiece kingsideAttack oneMove
JpqFz,defensiveMove bishopEndgame long
Jpv1l,queenRookEndgame short
JpvkN,advancedPawn promotion long
Jq3Ij,short
Jq7vS,fork short
Jq8lA,short
Jq97L,mateIn3 mate backRankMate long
JqKTs,fork long
JqRe5,fork short
JqTPW,short
JqUG5,mateIn2 mate kingsideAttack short
JqeeJ,defensiveMove rookEndgame short
Jqp9e,mateIn3 mate backRankMate sacrifice long
Jqt5O,mateIn2 mate anastasiaMate fork short
JrCIZ,short
JrOKV,long
JrftF,short
Jrvsp,short
JsBNn,mateIn1 mate oneMove
JsEgS,fork short
JsS2J,short
JsdPt,attraction sacrifice fork long
JsdhS,fork short
Jseap,fork long
JsoQH,mateIn2 mate advancedPawn kingsideAttack short
JszR5,defensiveMove pawnEndgame short
Jt8sp,long
JtHTB,quietMove veryLong
JtW9N,intermezzo short
JtYQp,long
JtbJ9,mateIn1 mate pin kingsideAttack oneMove
JtkhA,pawnEndgame long
Ju4Jx,long
Ju75G,mateIn2 mate kingsideAttack short
JuHOr,mateIn2 mate backRankMate advancedPawn promotion queenRookEndgame short
JuSnR,fork long
JuTs6,attraction sacrifice fork long
JuUis,mateIn2 mate sacrifice short
Jue9i,attraction deflection veryLong
JuewO,mateIn1 mate kingsideAttack oneMove
Jv0Lq,quietMove rookEndgame long
Jvkwp,fork short
JvrqW,discoveredAttack long
Jw3nl,mateIn3 mate discoveredAttack kingsideAttack long
JwFAI,intermezzo short
JwR9v,defensiveMove long
JwhEa,advancedPawn rookEndgame short
JwnpI,mateIn3 mate backRankMate sacrifice long
JxAcn,mateIn1 mate hangingPiece oneMove
JxI6T,veryLong
JxM5E,mateIn1 mate oneMove
Jxa2S,short
JxoNn,fork short
JyUIB,advancedPawn queenRookEndgame short
JyVE4,mateIn2 mate short
JyWyS,long
JyX6m,pawnEndgame long
Jyb5h,mateIn1 mate oneMove
Jybku,attraction deflection pin veryLong
Jz4qT,mateIn1 mate oneMove
JzcZQ,mateIn1 mate oneMove
K0ANA,mateIn2 mate sacrifice short
K0DE1,mateIn2 mate queensideAttack short
K0QyK,short
K0nFG,mateIn1 mate oneMove
K0vVz,advancedPawn short
K1JJb,mateIn3 mate pin long
K1JxR,deflection rookEndgame long
K1Mzg,pin short
K1Yv9,advancedPawn sacrifice promotion long
K1zls,skewer short
K2M4g,mateIn1 mate oneMove
K2ceE,long
K3NCg,mateIn1 mate oneMove
K41WU,discoveredAttack long
K4JOE,mateIn1 mate advancedPawn rookEndgame oneMove
K4PzE,fork short
K4fyL,mateIn3 mate doubleCheck sacrifice kingsideAttack long
K5vp4,long
K65d5,short
K6EW5,hangingPiece short
K6v9Y,pin short
K6weU,mateIn1 mate oneMove
K70PY,fork short
K7I5y,pin short
K7KNA,veryLong
K7R6f,mateIn1 mate queenEndgame oneMove
K7XWM,long
K7cCf,mateIn1 mate oneMove
K7eGn,mateIn3 mate sacrifice long
K7fZh,mateIn2 mate sacrifice kingsideAttack short
K7iZP,short
K7lNa,mateIn1 mate kingsideAttack oneMove
K7o43,mateIn3 mate quietMove rookEndgame long
K7phL,skewer rookEndgame short
K883u,mateIn1 mate oneMove
K8DVF,rookEndgame short
K8RjD,discoveredAttack exposedKing interference long
K8YNw,fork short
K8kBP,mateIn2 mate short
K8lM2,mateIn1 mate oneMove
K8sct,short
K95iQ,short
K975R,mateIn2 mate backRankMate short
K9BSd,mateIn2 mate short
K9cFG,defensiveMove veryLong
K9h4U,short
K9wtC,quietMove veryLong
KAEH0,defensiveMove pawnEndgame long
KANzl,mateIn3 mate sacrifice long
KAPQo,mateIn1 mate kingsideAttack oneMove
KASjj,rookEndgame short
KAZ52,bishopEndgame short
KAqTp,mateIn2 mate backRankMate advancedPawn promotion short
KB6zu,mateIn1 mate hookMate oneMove
KB9PL,hangingPiece kingsideAttack long
KBFHE,deflection short
KBOjg,mateIn3 mate exposedKing long
KBPK7,mateIn2 mate short
KBSPO,fork short
KBYhE,attraction pin queensideAttack veryLong
KBc1y,attraction doubleCheck short
KBd55,pin long
KBdo6,mateIn1 mate kingsideAttack oneMove
KBuCP,intermezzo short
KC39o,kingsideAttack short
KCD6F,mateIn2 mate deflection short
KCFxo,veryLong
KCSg0,skewer rookEndgame short
KCdzP,mateIn2 mate short
KCeiy,long
KCgem,advancedPawn quietMove sacrifice long
KD4tv,mateIn1 mate oneMove
KDQZq,fork short
KDiei,defensiveMove pin long
KE9qy,mateIn1 mate oneMove
KENsw,short
KF1s1,attraction sacrifice fork long
KFHE3,quietMove defensiveMove veryLong
KFSgE,mateIn1 mate queensideAttack oneMove
KFaUR,pawnEndgame long
KFvWy,advancedPawn promotion rookEndgame long
KGXXe,attraction quietMove sacrifice enPassant kingsideAttack veryLong
KGgxx,fork discoveredAttack long
KHasT,fork short
KHoYF,attraction sacrifice kingsideAttack long
KI0Qo,long
KIHSA,defensiveMove long
KIQdh,long
KIWdi,deflection fork short
KIdTu,quietMove short
KInp0,fork short
KIxPZ,quietMove defensiveMove queenEndgame veryLong
KJ78K,defensiveMove rookEndgame veryLong
KJSPc,fork short
KJooZ,short
KJpFr,trappedPiece rookEndgame short
KJqvM,bishopEndgame veryLong
KJsST,mateIn1 mate oneMove
KKkI0,discoveredAttack kingsideAttack long
KKkQ2,long
KKznh,pawnEndgame long
KL9Mg,defensiveMove hangingPiece long
KLInj,fork short
KLXXy,long
KLvjw,kingsideAttack short
KMT5d,discoveredAttack long
KMoQ4,advancedPawn promotion long
KMptE,long
KN91a,quietMove exposedKing skewer long
KNABi,mateIn2 mate short
KNdQ3,mateIn1 mate oneMove
KNmta,mateIn1 mate oneMove
KNrk1,mateIn1 mate smotheredMate oneMove
KNrw5,advancedPawn knightEndgame short
KNxXd,short
KNzKn,mateIn2 mate deflection short
KOQVL,mateIn2 mate backRankMate short
KOVWW,long
KOrZV,pin kingsideAttack short
KOtoD,sacrifice short
KP7uq,short
KP8dU,xRayAttack discoveredAttack long
KPBbV,pin short
KPOJL,mateIn1 mate kingsideAttack oneMove
KPlwh,pawnEndgame short
KPq5b,mateIn1 mate oneMove
KQ9Pz,advancedPawn clearance promotion rookEndgame long
KQjdR,veryLong
KQvB6,exposedKing pin long
KR4Cz,short
KRQcK,deflection kingsideAttack long
KRRkd,mateIn1 mate oneMove
KRwJa,deflection long
KS3pd,short
KS8n8,collinearMove pin veryLong
KSH2U,mateIn2 mate discoveredAttack kingsideAttack short
KSnJ3,deflection short
KT3Uk,fork long
KTupF,pawnEndgame long
KUu8U,deflection long
KVOBf,defensiveMove long
KVgyw,mateIn2 mate fork short
KVhUu,mateIn1 mate oneMove
KW59H,discoveredAttack kingsideAttack short
KW5m6,discoveredAttack short
KWufz,fork long
KX8m1,fork short
KXUo0,advancedPawn exposedKing queenEndgame long
KXZAK,fork short
KXwOb,mateIn3 mate long
KYacG,long
KYnUv,xRayAttack exposedKing long
KYpjm,pin short
KZ3aW,pin short
KZ6Mi,mateIn2 mate short
KZN4q,mateIn1 mate oneMove
KZP5L,deflection advancedPawn promotion rookEndgame short
KZQKJ,veryLong
KZQsm,mateIn2 mate short
KZysb,mateIn2 mate queenRookEndgame short
Ka4MO,deflection exposedKing long
KaQOF,mateIn2 mate kingsideAttack short
KacZe,long
KaivE,long
Kb4Ky,mateIn1 mate oneMove
Kb5XS,short
KbBgb,sacrifice discoveredAttack exposedKing kingsideAttack long
KbD1z,long
KbDFI,short
KbEpk,mateIn1 mate oneMove
KbRdw,mateIn2 mate smotheredMate sacrifice kingsideAttack short
Kbs3W,fork long
KbuRV,mateIn2 mate deflection short
KcIYg,mateIn1 mate oneMove
KcO2o,mateIn2 mate short
KcP3f,pawnEndgame long
KcbtV,mateIn1 mate queenRookEndgame oneMove
KccJt,mateIn1 mate oneMove
KctIY,sacrifice intermezzo long
Kd07S,mateIn3 mate long
Kd5vb,short
Kd8WZ,mateIn2 mate smotheredMate sacrifice kingsideAttack short
KdRi1,mateIn1 mate oneMove
KeElR,advancedPawn rookEndgame veryLong
KeIN0,discoveredAttack short
KeUMu,pawnEndgame short
KeWBS,pin veryLong
KegsH,fork long
KemRd,short
Ker85,long
Kf72i,short
KfAYE,fork short
KfIQS,mateIn1 mate doubleBishopMate oneMove
Kfmbd,mateIn1 mate oneMove
KgODe,kingsideAttack long
KgYCS,mateIn1 mate oneMove
Kh6tz,fork long
KhECh,short
Khh7X,mateIn1 mate kingsideAttack oneMove
Ki2br,pawnEndgame veryLong
Ki9Z4,mateIn1 mate oneMove
KiA02,mateIn2 mate backRankMate fork short
KickI,discoveredAttack kingsideAttack short
KiqGb,mateIn1 mate oneMove
KiuqQ,long
Kj4hP,mateIn1 mate advancedPawn promotion oneMove
KjMOJ,quietMove fork veryLong
KjS2b,advancedPawn promotion long
KjmXr,mateIn1 mate oneMove
KjpcL,hangingPiece discoveredAttack short
Kju2D,fork long
Kk82D,kingsideAttack long
KkEaO,short
KkK4x,defensiveMove pawnEndgame long
Kkbp7,pin long
KkhsK,long
Kl4zj,fork short
Klqj5,short
KmOMf,advancedPawn long
KmdER,fork short
KmpE3,intermezzo long
Kn0rH,long
KnAcn,quietMove long
KnLDv,quietMove long
KncFD,fork long
Ko04x,short
Ko06Z,short
Ko6Ke,short
KoEuC,attraction sacrifice pin long
KoQEv,advancedPawn short
KoRHM,fork intermezzo long
KofHn,mateIn2 mate deflection short
KozqM,discoveredAttack short
KpOoo,mateIn2 mate deflection short
KpSFE,attraction sacrifice fork long
KpTzC,pin long
KpjvY,deflection kingsideAttack short
Kpsvq,mateIn1 mate oneMove
KqIMc,defensiveMove bishopEndgame short
KqQPQ,short
KqT36,mateIn1 mate oneMove
Kqe7U,mateIn2 mate short
KqkNK,fork short
Kqm2p,quietMove pawnEndgame long
Kqsam,mateIn1 mate oneMove
KqvEh,defensiveMove pawnEndgame veryLong
Kqvmi,fork long
Kqz2c,rookEndgame short
KrC0s,advancedPawn pin veryLong
KrC3A,mateIn2 mate kingsideAttack short
KrHka,advancedPawn promotion pawnEndgame short
Krp4i,mateIn2 mate short
Ks8J2,mateIn1 mate hookMate oneMove
KsMj3,fork exposedKing veryLong
KsWSl,defensiveMove knightEndgame short
KskHD,pin long
Ksovt,mateIn2 mate pin queensideAttack short
KstS9,mateIn2 mate attraction doubleCheck sacrifice short
KtNZH,discoveredAttack long
KtZas,mateIn2 mate backRankMate sacrifice short
Ktfp4,fork short
KtgWl,defensiveMove rookEndgame short
KtjgA,pin long
KtoCA,advancedPawn short
KulE9,short
Kv3PW,mateIn1 mate oneMove
Kv4Dm,pin short
KvoGp,long
Kw5Jn,deflection short
Kw7KT,mateIn1 mate oneMove
KwTFW,mateIn2 mate backRankMate short
Kwghj,discoveredAttack veryLong
Kx5sM,mateIn3 mate pin long
KxQRJ,mateIn1 mate oneMove
KxVj4,mateIn1 mate hangingPiece oneMove
KxhYy,bishopEndgame long
KxnOs,bishopEndgame short
KxxUF,advancedPawn quietMove defensiveMove knightEndgame veryLong
Ky8Sq,mateIn1 mate kingsideAttack oneMove
KyIEQ,short
KycPi,defensiveMove short
KzCgP,mateIn1 mate kingsideAttack oneMove
KzO9b,deflection short
KzeBQ,deflection kingsideAttack long
KzhDX,advancedPawn veryLong
KzyEY,long
L0T3W,fork short
L0cSD,skewer rookEndgame long
L11tu,mateIn1 mate smotheredMate oneMove
L13XR,fork short
L1Vqt,hangingPiece veryLong
L1afk,mateIn1 mate rookEndgame oneMove
L1k7C,defensiveMove short
L1lam,short
L23Rm,mateIn1 mate attackingF2F7 oneMove
L29tE,fork short
L2Jaj,fork pin short
L2Qw3,kingsideAttack veryLong
L2i4p,attraction sacrifice fork exposedKing long
L2jSi,veryLong
L2nps,fork exposedKing long
L2rYi,fork short
L2vhj,mateIn1 mate oneMove
L32Q4,mateIn3 mate attraction sacrifice long
L32uy,deflection skewer bishopEndgame long
L3MY5,mateIn2 mate short
L3NPf,mateIn1 mate oneMove
L3UeY,mateIn2 mate attraction sacrifice kingsideAttack short
L3dia,advancedPawn sacrifice bishopEndgame long
L4KcP,deflection interference long
L4Pqx,mateIn2 mate short
L4Rpc,deflection attackingF2F7 long
L4iQS,mateIn2 mate fork short
L4wqi,short
L5CTB,long
L5Cvp,mateIn1 mate oneMove
L5LvD,mateIn1 mate oneMove
L5O6C,sacrifice veryLong
L5Yoz,pin long
L5wJu,fork long
L5ysM,fork short
L6AMc,veryLong
L740I,mateIn2 mate queensideAttack short
L787W,pin short
L7CZ2,short
L7DEE,attraction advancedPawn short
L7TPq,defensiveMove knightEndgame short
L7uQQ,mateIn1 mate oneMove
L7vSS,mateIn2 mate backRankMate short
L7ytV,mateIn2 mate attraction sacrifice short
L89fU,mateIn3 mate fork long
L8M4B,mateIn1 mate kingsideAttack oneMove
L8Rgt,mateIn2 mate discoveredAttack short
LA89u,pawnEndgame long
LA9lZ,attraction deflection short
LAD9r,veryLong
LAEMP,mateIn3 mate sacrifice clearance long
LAJo3,attraction sacrifice fork veryLong
LAZhN,trappedPiece long
LAa7S,exposedKing skewer long
LB1Bm,short
LB41M,mateIn1 mate pin oneMove
LB6Ok,fork short
LBJga,mateIn2 mate backRankMate short
LBTW9,skewer long
LBb4g,attraction sacrifice fork long
LBfh9,quietMove long
LBnrC,fork short
LC7BV,defensiveMove rookEndgame long
LCXJf,short
LChaO,queenEndgame short
LCkzx,long
LD8Fw,mateIn4 mate veryLong
LDH6a,mateIn3 mate discoveredAttack kingsideAttack long
LDRlK,discoveredAttack short
LDTKJ,discoveredAttack short
LDlAb,mateIn1 mate oneMove
LE9mJ,defensiveMove fork veryLong
LEAMz,advancedPawn promotion veryLong
LEP7C,attraction sacrifice fork long
LEWas,quietMove defensiveMove rookEndgame long
LEt5z,mateIn2 mate attraction advancedPawn kingsideAttack short
LFHpt,rookEndgame long
LFbzD,deflection fork long
LFfc6,long
LFpFb,skewer long
LFr58,mateIn2 mate short
LG8AK,short
LGzmY,mateIn2 mate hangingPiece pin kingsideAttack short
LHMRE,rookEndgame short
LHRQX,fork short
LHtLk,rookEndgame long
LIWV6,mateIn4 mate attraction sacrifice veryLong
LIbrG,quietMove pin veryLong
LIfDj,fork short
LIfOk,mateIn2 mate rookEndgame short
LIuup,hangingPiece long
LJ7tH,short
LJ8LV,pin long
LJCVA,mateIn2 mate short
LJIUN,mateIn1 mate oneMove
LJOd6,bishopEndgame short
LJmPv,mateIn1 mate doubleCheck oneMove
LJwbR,defensiveMove long
LK2dz,pin long
LK9wz,mateIn3 mate backRankMate sacrifice long
LKF5Y,long
LL4E2,knightEndgame short
LL7wP,fork long
LLHS7,mateIn3 mate attraction kingsideAttack long
LLJAo,mateIn4 mate attraction veryLong
LLONP,short
LLo8l,mateIn2 mate short
LLomU,short
LN4KP,short
LN8j2,mateIn3 mate backRankMate sacrifice long
LNCLk,mateIn1 mate oneMove
LNEXq,mateIn1 mate kingsideAttack oneMove
LNFJR,fork long
LNoCd,quietMove long
LNu1B,short
LNvn0,quietMove pawnEndgame long
LOX6W,fork short
LOmDJ,fork long
LOpHp,mateIn2 mate attraction sacrifice kingsideAttack short
LPwyO,short
LQ16e,mateIn5 mate attraction sacrifice queensideAttack veryLong
LQXT8,attraction queensideAttack long
LQcZh,mateIn1 mate oneMove
LQpjz,pin short
LRAQg,long
LRWbK,mateIn2 mate fork short
LRb3h,pin short
LRhEA,mateIn2 mate deflection short
LRxhm,mateIn1 mate oneMove
LS67h,deflection queensideAttack short
LS7gz,defensiveMove short
LSA4N,fork short
LSLiL,advancedPawn promotion veryLong
LSmq0,short
LT6SO,mateIn1 mate backRankMate hangingPiece oneMove
LTH2s,short
LTUAZ,advancedPawn sacrifice exposedKing attackingF2F7 long
LTo6V,mateIn1 mate oneMove
LTsKl,mateIn2 mate short
LU3Pm,quietMove pawnEndgame long
LUEwF,mateIn2 mate backRankMate short
LUH6m,mateIn2 mate short
LVROS,mateIn2 mate kingsideAttack short
LVdrM,attraction deflection sacrifice kingsideAttack long
LVhJm,attraction deflection sacrifice fork long
LVi6D,sacrifice long
LWole,mateIn1 mate kingsideAttack oneMove
LXC84,mateIn1 mate oneMove
LXmn6,mateIn1 mate oneMove
LXn05,mateIn1 mate oneMove
LXuqv,discoveredAttack short
LYCSu,deflection pin long
LYlqT,short
LYrhI,mateIn1 mate hangingPiece kingsideAttack oneMove
LYtI6,long
LYw31,short
LZTRK,pawnEndgame long
LZuxB,pin short
LZvkD,attraction fork long
LZwh8,pin short
La9Uz,fork pin short
LaB1F,mateIn1 mate kingsideAttack oneMove
LaT8v,pin short
Lb282,long
LbQLz,advancedPawn bishopEndgame short
LblFn,long
Lbq28,advancedPawn long
LcS3R,knightEndgame long
LcWXi,mateIn2 mate backRankMate fork short
LcjGY,defensiveMove long
LdKt9,discoveredAttack short
Lda5x,defensiveMove queenEndgame short
Ldb2O,mateIn1 mate oneMove
LdmZu,advancedPawn short
LdmfU,fork short
LduHX,advancedPawn promotion long
LeS6d,mateIn2 mate sacrifice short
LeTI4,queenEndgame long
LeZ4Z,mateIn1 mate hangingPiece kingsideAttack oneMove
Lecvf,mateIn2 mate short
LeiKs,long
Leo2q,deflection fork long
Lf5P4,deflection short
LfAUs,kingsideAttack long
LfAaJ,mateIn1 mate oneMove
LfGG9,discoveredAttack long
LfM0v,mateIn1 mate oneMove
LfUyp,mateIn1 mate kingsideAttack oneMove
LfXVy,fork veryLong
LfYFn,attraction sacrifice kingsideAttack long
LfeCt,mateIn1 mate kingsideAttack oneMove
LfjyQ,attraction hangingPiece skewer veryLong
Lfy1a,attraction sacrifice fork long
LgZdg,fork short
LhPjl,mateIn1 mate kingsideAttack oneMove
LhQGx,veryLong
LhTxv,deflection queenEndgame short
LhbpF,quietMove rookEndgame long
LhsrG,defensiveMove queenEndgame long
Li2ij,fork short
Li3RK,mateIn3 mate long
Li5vl,mateIn1 mate oneMove
LiLcC,veryLong
Lieft,short
LifwO,deflection long
LioDb,pin long
Lj02C,mateIn1 mate oneMove
Lj04f,mateIn3 mate backRankMate sacrifice long
LjAj3,short
LjHZs,short
LjmOv,short
Lk9Ii,fork short
LkJcp,mateIn1 mate hangingPiece oneMove
LkMgW,mateIn2 mate sacrifice kingsideAttack short
LkQ1a,mateIn1 mate oneMove
LkWnX,mateIn2 mate advancedPawn promotion short
LkbHb,mateIn3 mate backRankMate long
Lku0x,skewer pin long
LkwC6,mateIn1 mate oneMove
LlAVT,advancedPawn sacrifice kingsideAttack short
Lm7NK,mateIn2 mate advancedPawn rookEndgame short
LmEI9,deflection short
LmIOe,mateIn1 mate oneMove
LmLdw,mateIn2 mate attraction short
LmMY0,mateIn2 mate kingsideAttack short
LmY26,mateIn1 mate oneMove
LmZnU,mateIn2 mate short
LmuNr,short
LnDfA,mateIn2 mate short
LnDq2,fork short
LnaxS,quietMove pawnEndgame veryLong
LnoZo,skewer short
Lo2ON,mateIn1 mate oneMove
LoErD,mateIn2 mate kingsideAttack short
LoSRN,advancedPawn short
LohEn,defensiveMove short
Lp0ea,advancedPawn knightEndgame long
Lp5fA,mateIn2 mate backRankMate sacrifice short
LpC8a,mateIn2 mate short
LpI4Q,mateIn2 mate kingsideAttack short
LpLDj,mateIn2 mate backRankMate short
Lq7oa,sacrifice veryLong
LqC0Z,veryLong
LqC81,mateIn1 mate oneMove
LqdnE,long
LqrhV,mateIn1 mate oneMove
LrSxF,long
LrVWK,mateIn1 mate oneMove
LrmKM,fork short
LruM3,mateIn2 mate short
Lrygi,advancedPawn exposedKing promotion knightEndgame long
LrzOD,quietMove pawnEndgame veryLong
Ls2or,interference rookEndgame short
LsEqI,fork short
LsHDH,fork long
LsZUt,deflection bishopEndgame short
LspUj,pin short
Lt7C7,mateIn1 mate oneMove
LtpdN,pin capturingDefender short
LtylH,short
Lu6Do,fork short
LuVBE,kingsideAttack long
LujcL,discoveredAttack short
Lum1l,rookEndgame long
LumNf,quietMove long
Luz0R,sacrifice fork veryLong
LvAL7,sacrifice queenRookEndgame long
LvFQ5,mateIn2 mate kingsideAttack short
LvGcp,mateIn2 mate pin queensideAttack short
LvP5R,bishopEndgame long
LvQDk,short
LvTT5,mateIn1 mate oneMove
LvejF,capturingDefender short
Lvvca,mateIn1 mate oneMove
LvzD7,short
Lvzpf,short
Lw37f,defensiveMove short
LwNTj,mateIn2 mate sacrifice short
Lwh0B,advancedPawn quietMove exposedKing pawnEndgame long
Lwiig,mateIn1 mate backRankMate oneMove
Lwj3W,mateIn1 mate hangingPiece oneMove
Lwkax,advancedPawn promotion long
LxBnn,defensiveMove pin long
LxM4D,quietMove pawnEndgame veryLong
LxQJo,short
LyPgX,discoveredAttack short
LyQij,mateIn1 mate kingsideAttack oneMove
LyiJQ,mateIn1 mate kingsideAttack oneMove
LyrT7,mateIn1 mate oneMove
Lyu3R,mateIn1 mate oneMove
Lz59l,short
LzaXs,defensiveMove long
LzwYN,knightEndgame short
LzxNa,long
M00fP,fork short
M0dsp,mateIn1 mate kingsideAttack oneMove
M11Q6,long
M13oi,kingsideAttack long
M1Vy3,skewer rookEndgame short
M1olT,fork short
M2Nee,hangingPiece pin kingsideAttack long
M2RCj,mateIn1 mate oneMove
M2zUu,quietMove hangingPiece long
M3EgU,mateIn4 mate attraction deflection sacrifice pin veryLong
M3Kvh,fork short
M3O9K,fork long
M3WjK,mateIn1 mate oneMove
M3eHO,deflection long
M4kwB,queenEndgame short
M4owv,mateIn1 mate oneMove
M4s7q,discoveredAttack short
M5VYL,short
M5Vm7,short
M5lzq,mateIn1 mate oneMove
M6Bvn,mateIn1 mate queenEndgame oneMove
M6DqC,discoveredAttack veryLong
M6OLT,mateIn1 mate kingsideAttack oneMove
M6ZOf,long
M6gQ0,defensiveMove long
M6pvy,mateIn2 mate backRankMate short
M72rt,advancedPawn long
M76wi,mateIn1 mate hangingPiece oneMove
M7QaV,fork long
M7tEJ,mateIn1 mate oneMove
M83d3,sacrifice short
M8Hf3,skewer long
M8LnB,short
M8hB1,veryLong
M9071,mateIn1 mate oneMove
M92Dy,long
M93ft,defensiveMove bishopEndgame short
M9An6,mateIn1 mate oneMove
M9DF1,mateIn2 mate sacrifice short
M9Kjz,quietMove long
M9Qpo,mateIn1 mate oneMove
M9WdT,discoveredAttack veryLong
M9p9y,defensiveMove pawnEndgame short
MAF44,mateIn1 mate oneMove
MB2yQ,fork short
MB6lz,mateIn2 mate advancedPawn short
MBKgb,long
MBd0e,short
MBk5N,mateIn1 mate hangingPiece kingsideAttack oneMove
MBy48,long
MC4tk,short
MCIK4,mateIn3 mate attraction sacrifice queensideAttack long
MCLaF,advancedPawn long
MCO7k,defensiveMove pawnEndgame long
MCVxy,mateIn2 mate short
MCzow,deflection discoveredAttack long
MDDF1,mateIn1 mate oneMove
MDHcB,mateIn2 mate short
MDN5I,long
MDe73,mateIn1 mate hangingPiece kingsideAttack oneMove
MDtwu,mateIn1 mate kingsideAttack oneMove
ME4Q2,mateIn2 mate short
ME5WY,fork long
ME6b4,mateIn1 mate kingsideAttack oneMove
MEV0c,long
MF2ys,fork short
MF4TC,mateIn1 mate hangingPiece oneMove
MFBnf,long
MFC0t,mateIn1 mate oneMove
MFRuP,fork short
MFcT1,mateIn2 mate short
MFnal,mateIn3 mate backRankMate sacrifice long
MFrkG,exposedKing long
MG16o,mateIn3 mate discoveredAttack pin attackingF2F7 long
MG5Y4,mateIn1 mate oneMove
MG6Nt,short
MGB65,intermezzo short
MGYtA,interference short
MGbmS,castling veryLong
MGeUf,attraction sacrifice skewer pin clearance veryLong
MHqo9,defensiveMove pawnEndgame veryLong
MHrQP,short
MI5la,short
MIFB5,mateIn1 mate oneMove
MIH6j,pin long
MIOs6,short
MIOxx,short
MIQR1,short
MIalb,short
MIvVZ,mateIn1 mate oneMove
MIy04,fork long
MJFnz,mateIn1 mate oneMove
MJKTz,mateIn1 mate oneMove
MKCBH,attraction advancedPawn exposedKing promotion rookEndgame veryLong
MKDLs,mateIn1 mate kingsideAttack oneMove
MKJUl,fork long
MKb4i,fork long
MKthE,advancedPawn short
MLQhE,mateIn2 mate sacrifice short
MLfW5,advancedPawn knightEndgame short
MM0c2,defensiveMove attackingF2F7 rookEndgame short
MM4vp,mateIn1 mate oneMove
MMEiw,fork short
MMP0H,mateIn1 mate oneMove
MMQBG,mateIn2 mate kingsideAttack short
MMTql,advancedPawn quietMove bishopEndgame long
MMZcy,mateIn3 mate long
MMkol,quietMove defensiveMove pin long
MMsmn,fork short
MMtjX,mateIn1 mate hangingPiece kingsideAttack oneMove
MMw7r,mateIn1 mate oneMove
MMwY3,mateIn2 mate queenEndgame short
MN75D,advancedPawn promotion knightEndgame short
MPJzg,long
MPTjO,sacrifice discoveredAttack kingsideAttack veryLong
MPhEl,mateIn1 mate oneMove
MPpee,kingsideAttack short
MQb1D,hangingPiece pin short
MQfgP,short
MQmed,mateIn1 mate oneMove
MQnry,short
MR4Q2,defensiveMove short
MRabG,advancedPawn queenEndgame long
MRs6C,mateIn1 mate oneMove
MRtFZ,mateIn2 mate backRankMate short
MRvcl,fork short
MS1nS,short
MS9g0,mateIn1 mate oneMove
MSDAY,short
MSJ2T,mateIn2 mate short
MSNeR,deflection skewer short
MT7Mh,short
MTc7g,mateIn2 mate backRankMate short
MTkG2,advancedPawn short
MTm0J,pawnEndgame short
MTuHr,fork short
MTz0w,long
MU0Gc,mateIn1 mate attackingF2F7 oneMove
MU5hQ,fork short
MUBov,veryLong
MUK46,long
MUQ94,mateIn3 mate exposedKing long
MUYn6,veryLong
MUr3Z,fork long
MUuI1,attraction fork long
MUzRY,mateIn2 mate rookEndgame short
MV8v1,mateIn1 mate oneMove
MVd5Z,mateIn3 mate attraction sacrifice kingsideAttack long
MVhBl,short
MVvSC,attraction sacrifice long
MW1TS,hangingPiece short
MWF3I,mateIn5 mate doubleCheck kingsideAttack veryLong
MWJw3,fork short
MWbMe,mateIn2 mate kingsideAttack short
MWkMn,skewer short
MWlDO,short
MXF9g,advancedPawn veryLong
MXH0M,fork short
MXSlJ,mateIn2 mate kingsideAttack short
MXzzM,kingsideAttack long
MYPLT,mateIn2 mate sacrifice short
MYW9M,defensiveMove exposedKing skewer rookEndgame long
MYqMO,attraction pin long
MZ0cW,intermezzo capturingDefender short
MZKLa,mateIn1 mate oneMove
MZOni,mateIn1 mate backRankMate hangingPiece oneMove
MZSxO,attraction sacrifice kingsideAttack veryLong
MZUZ5,defensiveMove long
MZdbM,mateIn1 mate oneMove
MZjYe,fork short
MZu4D,discoveredAttack pin short
MZwZs,defensiveMove pawnEndgame veryLong
Ma5Tg,short
Ma6uw,mateIn1 mate oneMove
MaJhN,veryLong
Mapgp,quietMove defensiveMove short
MaryP,queensideAttack short
Mb3Ro,short
Mb86t,deflection discoveredAttack short
MbfML,long
MbvS6,mateIn1 mate oneMove
McIUl,mateIn1 mate oneMove
McJSx,mateIn2 mate kingsideAttack short
McQgC,mateIn2 mate fork short
McVsz,mateIn1 mate oneMove
Mcsyf,mateIn1 mate kingsideAttack oneMove
Mcvq7,mateIn1 mate oneMove
Mcy4X,mateIn3 mate long
Md1Tg,discoveredAttack short
Md5vS,mateIn1 mate oneMove
MdHIw,hangingPiece short
MdU1y,queenEndgame short
MdUO2,mateIn3 mate deflection exposedKing long
MdZCG,pawnEndgame short
MduZD,mateIn2 mate short
MeGzY,veryLong
MeHOY,long
MeJwO,mateIn2 mate backRankMate short
MeOWw,mateIn1 mate attackingF2F7 oneMove
Mf6x4,long
MfQfS,short
MfUcA,mateIn1 mate oneMove
MfWqi,xRayAttack pin short
Mfl02,mateIn3 mate sacrifice kingsideAttack long
Mg2iL,fork hangingPiece exposedKing long
MgI9V,mateIn2 mate smotheredMate sacrifice kingsideAttack short
Mgadx,pin kingsideAttack long
MggnM,short
MgkHF,mateIn2 mate short
MgwAs,exposedKing pin long
Mh63o,fork short
MhDN2,mateIn1 mate oneMove
MhKQK,mateIn1 mate oneMove
MhhhN,advancedPawn fork discoveredAttack long
MhjiY,rookEndgame short
Mi95s,advancedPawn quietMove rookEndgame veryLong
Mi9rK,long
MiKwM,mateIn1 mate kingsideAttack oneMove
MiMr2,sacrifice exposedKing kingsideAttack long
MiP8a,clearance short
MiQyl,pin long
MiR9o,hangingPiece short
MiaGw,fork short
MiiYt,mateIn1 mate rookEndgame oneMove
MitRP,mateIn2 mate attackingF2F7 short
Mj1wW,short
Mj5S5,fork pin long
Mk8Si,kingsideAttack short
MkPbK,fork long
MkViu,long
Mkkuj,discoveredAttack short
MkzZw,mateIn1 mate oneMove
MlkzT,defensiveMove pawnEndgame long
MlvcS,long
MlyID,mateIn1 mate oneMove
MmtSV,short
MmvCd,fork veryLong
MnaYi,short
Mnube,attraction sacrifice fork long
Mny0i,long
Mo6mY,queenEndgame short
MoiGl,mateIn2 mate kingsideAttack short
Mp9wx,short
MpDNU,pawnEndgame long
MpEZG,mateIn2 mate kingsideAttack short
MpKCA,queenEndgame long
MphHK,mateIn1 mate kingsideAttack oneMove
MpjpZ,mateIn1 mate oneMove
Mpkwm,kingsideAttack short
MqGtq,mateIn1 mate oneMove
MqhtA,short
MqkvW,mateIn3 mate backRankMate sacrifice long
Mqoqv,fork short
MqsVW,advancedPawn exposedKing knightEndgame long
Mqt9f,fork long
MqtpO,deflection discoveredAttack veryLong
MrjuV,mateIn2 mate queenRookEndgame short
Mrq2C,long
MrxUe,fork short
Ms6K7,mateIn2 mate kingsideAttack short
MsOPZ,mateIn2 mate short
MsRgV,deflection long
MsWlH,mateIn1 mate oneMove
MsXoP,fork veryLong
MsncW,mateIn1 mate oneMove
MszMf,short
Mt26I,deflection long
MtVfY,mateIn2 mate short
MtqUz,short
MtrIx,defensiveMove short
MuMZ2,advancedPawn defensiveMove long
MuR6C,short
MujlM,advancedPawn pawnEndgame veryLong
MuxK0,mateIn4 mate backRankMate veryLong
MvB9O,quietMove defensiveMove pawnEndgame long
MvJbY,attraction queensideAttack long
MvQ2y,deflection skewer short
MvTSQ,mateIn2 mate short
MvUro,mateIn2 mate short
MvaF3,short
Mwb9a,mateIn1 mate rookEndgame oneMove
MwkDB,mateIn2 mate queenRookEndgame short
MwpP1,advancedPawn defensiveMove promotion veryLong
MxaH0,mateIn1 mate oneMove
MxrQH,mateIn1 mate oneMove
MyV7r,mateIn1 mate oneMove
MyVdI,mateIn2 mate short
MyZFi,mateIn3 mate backRankMate hangingPiece long
Myiv3,defensiveMove knightEndgame long
Myjnd,veryLong
MzFxO,short
N00x8,mateIn1 mate kingsideAttack oneMove
N01Q3,short
N0Qlr,discoveredAttack short
N0kVX,short
N10bX,long
N15M8,skewer queenRookEndgame short
N1D3p,bishopEndgame long
N1H5t,defensiveMove short
N1Uix,deflection advancedPawn exposedKing long
N1XEz,long
N1ku1,discoveredAttack short
N22my,deflection short
N24Kq,veryLong
N27Wo,mateIn1 mate oneMove
N2BVK,mateIn1 mate queensideAttack oneMove
N2E1K,mateIn1 mate hangingPiece kingsideAttack oneMove
N2OJg,fork discoveredAttack long
N2Wgu,advancedPawn sacrifice pawnEndgame long
N2XR1,long
N2YBw,attackingF2F7 long
N2ZzW,fork exposedKing long
N2fkZ,defensiveMove short
N2foO,kingsideAttack long
N3Hki,rookEndgame short
N3Ofq,skewer rookEndgame long
N3Txs,mateIn2 mate backRankMate queenRookEndgame short
N3YfQ,attraction deflection sacrifice discoveredAttack kingsideAttack veryLong
N3fpT,mateIn3 mate backRankMate sacrifice long
N3ocm,short
N3q6p,hangingPiece short
N3vfm,discoveredAttack long
N4Ga8,kingsideAttack short
N4VOw,intermezzo short
N51O5,mateIn2 mate backRankMate short
N5IuU,discoveredAttack long
N5K5E,mateIn3 mate attraction long
N5gZT,trappedPiece clearance long
N5oKm,mateIn1 mate smotheredMate oneMove
N6Eu2,short
N6GRg,discoveredAttack rookEndgame long
N6HwD,mateIn1 mate oneMove
N6SFP,discoveredAttack capturingDefender long
N6b2S,pawnEndgame short
N7rZZ,mateIn2 mate backRankMate sacrifice short
N82zg,mateIn2 mate short
N83vM,mateIn2 mate short
N8MnB,fork short
N8yoC,mateIn1 mate oneMove
N9AQe,hangingPiece long
N9pzn,collinearMove short
N9zQR,quietMove defensiveMove long
NALIx,mateIn3 mate attraction sacrifice pin long
NAVPZ,advancedPawn rookEndgame short
NAuLd,short
NAvHa,mateIn1 mate queenEndgame oneMove
NBGKL,kingsideAttack short
NBkOz,mateIn2 mate short
NBuLw,mateIn2 mate short
NBwl6,mateIn2 mate discoveredAttack short
NByI7,attraction advancedPawn sacrifice fork discoveredAttack veryLong
NC4EU,deflection exposedKing long
NC4ut,mateIn2 mate short
NCEyv,short
NCRVr,short
NCS96,short
NDYzP,discoveredAttack short
NDpSH,veryLong
NDtGL,mateIn1 mate oneMove
NDugG,deflection short
NEOMO,attraction deflection sacrifice fork long
NEQpI,mateIn1 mate attackingF2F7 oneMove
NETHI,short
NEVfD,long
NEl0i,long
NEtwV,fork short
NFUfR,mateIn2 mate short
NFh5V,advancedPawn quietMove veryLong
NFw9y,pin long
NFzWd,attraction long
NG8m2,quietMove pin veryLong
NGHuo,mateIn1 mate kingsideAttack oneMove
NGtFU,long
NHAwW,mateIn1 mate oneMove
NHMd3,quietMove short
NHb0a,mateIn1 mate kingsideAttack oneMove
NHcl6,fork hangingPiece long
NHhJ5,pin short
NHk00,fork veryLong
NIsXI,pawnEndgame long
NJCTF,mateIn2 mate rookEndgame short
NJILM,mateIn2 mate short
NJRR0,quietMove long
NJWKA,mateIn2 mate short
NJhq7,rookEndgame short
NJjCC,short
NJm8D,short
NJnO9,defensiveMove short
NK5KX,exposedKing pin veryLong
NKCQ1,hangingPiece long
NKEk1,mateIn1 mate rookEndgame oneMove
NKFUY,pin clearance short
NKKxE,mateIn1 mate backRankMate hangingPiece oneMove
NKLoZ,skewer long
NKu77,short
NL80U,fork exposedKing long
NLL9Y,fork short
NLl6b,mateIn1 mate oneMove
NLoKM,fork short
NLqvO,hangingPiece short
NLwcV,mateIn1 mate oneMove
NLwoe,pin short
NLyf0,defensiveMove long
NMEKv,long
NMJcI,short
NMsbw,kingsideAttack short
NMyoK,fork short
NNGwX,mateIn1 mate oneMove
NNLGS,quietMove defensiveMove bishopEndgame veryLong
NNQ5n,advancedPawn bishopEndgame short
NNb8D,mateIn2 mate attackingF2F7 short
NNjE8,mateIn1 mate oneMove
NNmH5,mateIn2 mate attraction sacrifice short
NNrri,mateIn1 mate oneMove
NNyA6,xRayAttack fork long
NNzXU,fork veryLong
NOHZ7,fork queenRookEndgame long
NOlgz,advancedPawn fork promotion underPromotion long
NPROd,fork short
NPRwH,mateIn1 mate oneMove
NPbui,long
NPtuU,mateIn3 mate long
NQ8QN,quietMove sacrifice discoveredAttack veryLong
NQSEK,mateIn2 mate intermezzo short
NQbsR,intermezzo short
NR2Id,mateIn1 mate oneMove
NR8C8,fork short
NRCcw,pin short
NRT4a,discoveredAttack short
NRVV3,mateIn1 mate oneMove
NRcEx,mateIn2 mate short
NRoo4,fork short
NRpFB,interference short
NRr58,mateIn1 mate kingsideAttack oneMove
NRxsp,mateIn1 mate oneMove
NSLLR,skewer short
NSbgq,advancedPawn pawnEndgame long
NSezi,short
NSuWe,mateIn1 mate oneMove
NTgrb,trappedPiece rookEndgame long
NU1px,deflection veryLong
NU252,mateIn1 mate oneMove
NU3Jm,fork short
NU8vf,fork long
NUJLS,pin short
NUKr6,advancedPawn bishopEndgame veryLong
NUacY,attraction deflection short
NUrnk,hangingPiece exposedKing kingsideAttack long
NVFIu,advancedPawn pin promotion short
NVYM8,mateIn1 mate oneMove
NVi7H,attraction queensideAttack veryLong
NVx5f,mateIn2 mate backRankMate short
NWAgu,mateIn2 mate fork short
NWEWR,queenEndgame short
NWSNn,advancedPawn exposedKing long
NWjUm,mateIn1 mate oneMove
NXFza,mateIn1 mate queensideAttack oneMove
NXQQi,fork long
NXgZA,rookEndgame veryLong
NXsOG,mateIn3 mate sacrifice kingsideAttack long
NYGo4,mateIn3 mate xRayAttack hangingPiece long
NYeFr,veryLong
NYk0y,pin long
NYpp2,fork short
NYuRD,mateIn1 mate hangingPiece queensideAttack oneMove
NYv3I,pin short
NZFhR,kingsideAttack short
NZKLX,exposedKing long
NZPTe,attraction fork long
NZYLV,mateIn2 mate attraction sacrifice kingsideAttack short
NZZDW,fork short
NZZo5,mateIn3 mate backRankMate sacrifice long
NZcY0,mateIn1 mate oneMove
NZfXA,mateIn1 mate oneMove
NZuta,attraction sacrifice pin kingsideAttack veryLong
NZv0J,mateIn2 mate queensideAttack short
Na2Wx,intermezzo pin short
NaOBF,rookEndgame short
Nabra,pin short
NbOpp,mateIn1 mate oneMove
NbPz8,defensiveMove long
NbWHy,defensiveMove knightEndgame short
NbfB7,mateIn1 mate hangingPiece oneMove
NcHTB,short
NcM8t,mateIn2 mate short
NcP0M,attraction short
NcYEo,mateIn1 mate advancedPawn oneMove
NcaJK,long
Ncdgv,mateIn2 mate attraction sacrifice kingsideAttack short
Nch4n,short
Nchlk,mateIn1 mate oneMove
Ncht5,exposedKing long
NdE3x,long
NdlCN,short
NeGRq,exposedKing long
NeREZ,mateIn1 mate oneMove
Neakx,mateIn1 mate oneMove
NelRi,kingsideAttack long
NerEt,mateIn3 mate attraction sacrifice long
NexxD,kingsideAttack veryLong
Nf31p,pawnEndgame long
NfAQQ,short
NfXOy,mateIn1 mate oneMove
NfZbi,skewer short
Nfb0k,fork rookEndgame long
NfxcV,pin short
NgHoZ,veryLong
NhMXe,short
NhPyR,mateIn2 mate queensideAttack short
NhVKY,mateIn1 mate pin oneMove
Nhgoh,long
Ni0P4,pin long
NigKO,fork long
Nj8vs,mateIn2 mate short
NjB4J,mateIn2 mate short
NjBi0,fork long
NjLCl,mateIn4 mate sacrifice kingsideAttack veryLong
NjTuA,fork long
NjfvP,mateIn3 mate sacrifice long
NkFr5,mateIn2 mate short
NkMQb,long
Nl2fA,mateIn3 mate backRankMate sacrifice long
Nlfkj,advancedPawn quietMove promotion pawnEndgame veryLong
NlpVI,attraction exposedKing long
Nm6sP,mateIn3 mate backRankMate long
NmEgv,mateIn1 mate oneMove
NmPnc,mateIn2 mate short
NmWYP,advancedPawn short
Nmrtw,mateIn1 mate backRankMate oneMove
NnGaS,fork short
NnKAr,mateIn2 mate short
NnQDr,short
NnZrQ,fork long
Nnhos,mateIn1 mate oneMove
No0nL,mateIn2 mate backRankMate queenRookEndgame short
No7po,pin long
NoXCk,mateIn3 mate attraction sacrifice kingsideAttack long
NpDzP,mateIn1 mate oneMove
NpTPx,mateIn1 mate hangingPiece oneMove
Nq8KU,mateIn1 mate kingsideAttack oneMove
NqNf5,pawnEndgame long
NqPm0,defensiveMove rookEndgame long
NqkZi,fork long
NquGV,advancedPawn defensiveMove rookEndgame long
Nr1LK,mateIn2 mate short
Nr9Ai,fork short
NrPf1,long
NrmxQ,mateIn2 mate short
Nryic,mateIn2 mate short
Ns0iE,advancedPawn rookEndgame long
NsTJG,mateIn1 mate knightEndgame oneMove
Nsogd,long
NtEVK,mateIn1 mate kingsideAttack oneMove
NtJkJ,skewer rookEndgame long
NtLmX,fork short
NtT5X,defensiveMove short
Ntn5d,mateIn1 mate kingsideAttack oneMove
NtwMs,short
NuCkQ,deflection exposedKing rookEndgame long
NuLha,defensiveMove long
NuMg3,hangingPiece short
NuWA5,mateIn1 mate kingsideAttack oneMove
NurL4,short
Nusjw,mateIn1 mate kingsideAttack oneMove
Nv9HL,mateIn2 mate short
NvGcW,quietMove long
NvMSm,short
NvgOM,mateIn1 mate oneMove
NvrsD,fork long
Nvsmf,short
NwEQG,queensideAttack long
NwEtY,deflection advancedPawn promotion rookEndgame long
NwSJY,quietMove short
NwVl6,mateIn2 mate short
NwhFf,long
NwrWR,long
NwsfS,kingsideAttack short
Nwuzt,mateIn1 mate hangingPiece oneMove
Nx8fl,mateIn2 mate short
NxIUt,mateIn3 mate sacrifice kingsideAttack long
NxYHN,quietMove short
Nxd1E,mateIn2 mate pin short
NxozS,defensiveMove short
NxraD,mateIn1 mate queenRookEndgame oneMove
Nxsl6,trappedPiece short
NyDmC,mateIn1 mate oneMove
NyFYX,mateIn3 mate sacrifice clearance long
NyFnX,mateIn2 mate backRankMate fork short
NyO5q,fork short
NynWm,mateIn1 mate oneMove
NyzMf,rookEndgame short
Nz2Xq,advancedPawn rookEndgame long
Nz7oW,advancedPawn pin veryLong
NzOgY,mateIn1 mate kingsideAttack oneMove
Nza7v,mateIn1 mate oneMove
Nzg0E,mateIn2 mate clearance kingsideAttack short
NzjOk,mateIn5 mate sacrifice veryLong
Nzjdu,short
Nzy5X,sacrifice pawnEndgame long
O0V3O,advancedPawn defensiveMove short
O0ZQl,fork short
O0nvy,attraction sacrifice fork long
O0yR7,rookEndgame short
O1b0g,fork trappedPiece short
O1der,mateIn2 mate pin kingsideAttack short
O1fqC,short
O1fr2,long
O1zx2,hangingPiece short
O25kh,mateIn1 mate oneMove
O272Q,attraction sacrifice fork long
O2Bha,mateIn2 mate short
O2D9I,mateIn2 mate short
O2OeS,fork long
O2Qq9,mateIn2 mate short
O2nvy,attraction fork discoveredAttack pin long
O2v46,mateIn2 mate short
O33hR,mateIn2 mate kingsideAttack short
O3H6N,intermezzo long
O3w4m,mateIn1 mate oneMove
O4vmY,mateIn2 mate backRankMate rookEndgame short
O56AE,fork short
O5J4N,mateIn1 mate queenEndgame oneMove
O5mLG,mateIn1 mate oneMove
O61Lb,defensiveMove veryLong
O63DW,mateIn2 mate kingsideAttack short
O65rB,mateIn1 mate oneMove
O6WpT,mateIn2 mate short
O6Yd5,mateIn1 mate oneMove
O72l2,advancedPawn exposedKing promotion bishopEndgame veryLong
O7O8Z,attraction advancedPawn sacrifice discoveredAttack exposedKing long
O7TEK,mateIn2 mate doubleCheck short
O7TWD,deflection long
O7nIm,fork long
O7qv3,hangingPiece short
O7sSS,mateIn1 mate oneMove
O8AUZ,deflection defensiveMove discoveredAttack pin long
O8Pkn,intermezzo kingsideAttack long
O9CCx,deflection doubleCheck fork veryLong
O9OB5,advancedPawn pawnEndgame long
O9QN2,mateIn2 mate short
O9zdG,fork short
OA6vK,short
OAkrw,sacrifice fork long
OAvjM,mateIn3 mate long
OAwWu,mateIn1 mate pin oneMove
OB1Aw,long
OBB4o,mateIn2 mate kingsideAttack short
OBCEX,long
OBz8p,fork long
OCAmd,long
OCAsn,short
OChXF,mateIn2 mate kingsideAttack short
OCn4p,mateIn1 mate rookEndgame oneMove
OCpf8,mateIn1 mate kingsideAttack oneMove
ODDrR,interference short
ODFi5,sacrifice fork long
ODKEM,defensiveMove long
ODMc9,mateIn1 mate smotheredMate oneMove
ODPUB,deflection short
ODRDG,mateIn2 mate sacrifice short
ODXBs,mateIn1 mate queensideAttack oneMove
ODyPf,fork long
OEcCl,skewer long
OFnQq,mateIn2 mate short
OFxUD,mateIn2 mate arabianMate short
OG0Q7,mateIn2 mate short
OGGeL,advancedPawn discoveredAttack long
OGRtq,mateIn1 mate advancedPawn promotion oneMove
OGWTZ,skewer short
OGYpY,mateIn1 mate oneMove
OGpen,xRayAttack short
OH3qm,mateIn1 mate oneMove
OH9GN,short
OH9X6,capturingDefender knightEndgame long
OHaHL,defensiveMove pawnEndgame long
OHg4G,advancedPawn promotion pawnEndgame long
OHhjH,mateIn1 mate attackingF2F7 oneMove
OHthr,defensiveMove clearance rookEndgame veryLong
OI9QF,attraction sacrifice fork long
OIKXn,capturingDefender short
OIeNZ,long
OIkIT,mateIn2 mate kingsideAttack short
OIlTZ,mateIn3 mate backRankMate sacrifice long
OJFzg,skewer rookEndgame short
OJYFs,sacrifice kingsideAttack short
OJhQ3,short
OJxQp,mateIn2 mate short
OJzU1,quietMove long
OKJj7,mateIn3 mate exposedKing long
OKcEU,mateIn2 mate short
OL1Dq,discoveredAttack long
OL2Oo,mateIn2 mate discoveredAttack short
OLP61,discoveredAttack kingsideAttack long
OLX2u,short
OMKXw,doubleCheck fork short
OMhIN,mateIn3 mate fork long
OMsHD,short
ONKKu,mateIn1 mate oneMove
ONNPS,short
ONaaJ,mateIn1 mate oneMove
ONtSy,rookEndgame veryLong
ONwNy,advancedPawn doubleCheck defensiveMove clearance veryLong
ONxre,mateIn2 mate deflection short
OO2pq,mateIn1 mate kingsideAttack oneMove
OO6Rv,sacrifice long
OOHNj,short
OOatJ,defensiveMove long
OOutz,fork short
OPmii,pin long
OQAwu,intermezzo pin long
OQaCQ,mateIn1 mate kingsideAttack oneMove
OQbuv,fork short
OQeXz,mateIn1 mate oneMove
OQhpe,deflection queensideAttack short
OQzis,short
ORJtX,short
ORKWc,short
OSInk,mateIn2 mate fork short
OSOb2,discoveredAttack pin long
OSfeP,pin short
OSqq5,fork short
OT5Gp,long
OTRtP,rookEndgame short
OTVTJ,quietMove pawnEndgame long
OTnWN,rookEndgame short
OTxHC,fork short
OUWN1,mateIn1 mate knightEndgame oneMove
OUlP8,short
OV1Pl,discoveredAttack long
OVTUf,mateIn2 mate rookEndgame short
OVlJw,short
OVu8R,attraction deflection fork exposedKing pin long
OW2nf,rookEndgame short
OW4ml,long
OWMZc,pin short
OWr5P,discoveredAttack short
OX8GG,fork short
OXTRj,short
OXcuI,attraction fork long
OXspT,quietMove fork veryLong
OY9Te,pin short
OYHaN,mateIn3 mate backRankMate sacrifice xRayAttack long
OZG41,short
OZkjg,mateIn2 mate short
OZtUs,fork short
Oa0tL,fork long
OaXIB,fork short
OamDO,mateIn1 mate queenEndgame oneMove
OanMY,queenEndgame short
OatE8,short
ObSZs,defensiveMove sacrifice long
Obk5v,advancedPawn quietMove rookEndgame veryLong
Obtu1,fork short
OcFOw,mateIn1 mate oneMove
OciUk,discoveredAttack kingsideAttack short
OcnhH,mateIn1 mate oneMove
OdUpS,fork clearance long
OdlJA,rookEndgame long
OdpJh,short
Oe0SS,advancedPawn short
OeeBH,mateIn1 mate oneMove
OejhF,mateIn1 mate oneMove
Oek4j,discoveredAttack short
OemY6,long
OfGkr,skewer rookEndgame short
OfU6R,mateIn1 mate kingsideAttack oneMove
OfV3K,pin short
OfcAC,mateIn1 mate bodenMate oneMove
OflAR,deflection sacrifice long
OfsIR,short
Og0jd,defensiveMove pawnEndgame short
OgLAC,quietMove long
Ogdfi,advancedPawn exposedKing bishopEndgame long
OguY9,fork knightEndgame short
Oh8Qd,attraction sacrifice fork long
OhL14,mateIn1 mate oneMove
OhVWi,discoveredAttack short
OhjDj,short
OhtxJ,bishopEndgame short
OhuD2,trappedPiece short
Oi2cx,mateIn1 mate kingsideAttack oneMove
Oi7UP,fork long
OiKUb,fork short
OilJ3,mateIn1 mate oneMove
OitU7,mateIn2 mate short
OiwZc,short
Oiz32,intermezzo capturingDefender long
Oj6EW,mateIn1 mate oneMove
OjFED,queenEndgame short
OjgMR,short
OjlUJ,mateIn1 mate pin kingsideAttack oneMove
OjruY,deflection rookEndgame long
OjwCM,long
Ok21R,advancedPawn pawnEndgame short
Ok74d,short
OkBYh,mateIn2 mate kingsideAttack short
OkCsw,mateIn3 mate advancedPawn long
OkLDJ,mateIn2 mate doubleCheck kingsideAttack short
OkUZX,mateIn3 mate long
OkVDK,long
OkW7H,defensiveMove pawnEndgame short
OkaTE,fork short
Oki78,mateIn3 mate sacrifice exposedKing long
OkmXN,mateIn1 mate oneMove
OktAR,mateIn1 mate oneMove
OkuId,short
Ol5KN,pin long
Ol7no,short
OlDv6,mateIn3 mate backRankMate sacrifice long
OlLDw,deflection short
OlN8G,quietMove pawnEndgame long
Olqzo,mateIn4 mate pin veryLong
OltgO,deflection fork short
OmFBM,advancedPawn defensiveMove long
OmI3P,mateIn1 mate pin oneMove
OmMeh,short
OmVtY,attraction veryLong
OmiEf,advancedPawn exposedKing rookEndgame long
Omqb0,mateIn2 mate fork short
OmvVa,defensiveMove short
Omwq4,attraction long
OnA0h,mateIn1 mate queensideAttack oneMove
OnFjR,fork rookEndgame short
Onk5A,hangingPiece long
OnpiV,discoveredAttack long
OnuAF,mateIn1 mate advancedPawn promotion oneMove
OnwfV,fork long
OoBV9,pin short
OoN1b,intermezzo short
OoTNN,mateIn1 mate attackingF2F7 oneMove
OoTZa,mateIn2 mate fork short
Oohhm,fork short
OotMQ,advancedPawn long
OoyIA,short
OpBfY,mateIn1 mate queensideAttack oneMove
OpGft,advancedPawn defensiveMove promotion pawnEndgame long
OpOsV,short
OptXd,mateIn2 mate rookEndgame short
OqHSK,skewer long
OqPaz,mateIn2 mate backRankMate short
OqaNy,deflection short
Oql9T,mateIn2 mate fork short
Oqtun,attraction short
OqvM6,sacrifice long
OrKFA,mateIn2 mate backRankMate short
OrMUE,mateIn2 mate short
OrcB8,mateIn2 mate kingsideAttack short
Ordhl,mateIn1 mate oneMove
Orvc5,advancedPawn fork promotion long
OryOF,mateIn1 mate kingsideAttack oneMove
Ot7X8,mateIn2 mate backRankMate short
OtK7W,mateIn2 mate short
OtVGD,advancedPawn defensiveMove bishopEndgame short
OtWv8,advancedPawn trappedPiece bishopEndgame short
OtXRS,pin short
OtZlW,fork short
OtdKl,long
Otjw1,deflection skewer short
OtzXE,mateIn2 mate short
Oue9K,mateIn2 mate short
OuihO,short
Ovs3Q,mateIn1 mate oneMove
Ovuvu,kingsideAttack short
OwPUr,pin short
Owx08,short
Ox2cK,mateIn1 mate kingsideAttack oneMove
OxCGV,mateIn1 mate backRankMate oneMove
OxMEU,mateIn2 mate doubleCheck queensideAttack short
OxP9g,advancedPawn quietMove promotion short
OxkAi,mateIn3 mate backRankMate sacrifice xRayAttack long
Oy59P,quietMove knightEndgame veryLong
OyMgZ,fork short
OyUjx,short
Oyn4S,mateIn2 mate backRankMate sacrifice short
OzHNV,long
OzbyP,mateIn1 mate kingsideAttack oneMove
Ozjmj,quietMove hangingPiece long
P04Ci,mateIn5 mate sacrifice veryLong
P0Dr6,mateIn1 mate attackingF2F7 oneMove
P0Hhb,mateIn3 mate attraction sacrifice kingsideAttack long
P0SOv,attraction sacrifice veryLong
P0Tfg,mateIn4 mate attraction sacrifice veryLong
P0lNZ,mateIn1 mate bodenMate oneMove
P0rzq,deflection rookEndgame veryLong
P0wRs,mateIn2 mate short
P0zZ7,discoveredAttack short
P1Dy8,pin short
P1SqX,veryLong
P1TnO,fork short
P1fc7,rookEndgame long
P20D0,quietMove long
P3I9Q,short
P3dXv,attraction fork exposedKing long
P3qti,mateIn1 mate queensideAttack oneMove
P3yFN,mateIn2 mate short
P4WDP,discoveredAttack short
P50rR,mateIn1 mate oneMove
P5Wag,mateIn2 mate sacrifice short
P5XiO,long
P6211,doubleCheck fork exposedKing veryLong
P6C4M,defensiveMove pawnEndgame veryLong
P6Juj,deflection short
P6O0b,deflection discoveredAttack short
P6jqR,short
P6tFc,capturingDefender kingsideAttack long
P74Lg,advancedPawn queenEndgame long
P7eXk,attraction sacrifice long
P85dd,attraction sacrifice short
P8CKx,long
P8Q9y,discoveredAttack clearance kingsideAttack long
P8tlg,sacrifice long
P99kG,quietMove pawnEndgame long
P9G85,defensiveMove exposedKing rookEndgame veryLong
P9M1k,short
P9Oay,quietMove long
P9aMW,long
P9qZs,pin long
P9yxk,pin short
PA6ZD,quietMove short
PASZQ,short
PATNq,mateIn1 mate kingsideAttack oneMove
PAmzp,short
PAt8e,mateIn1 mate oneMove
PB3aj,long
PB8UU,short
PBAAC,fork short
PBc0V,mateIn1 mate kingsideAttack oneMove
PCUs5,mateIn1 mate oneMove
PCVZw,fork short
PCadF,short
PCkDS,fork short
PCkwD,mateIn3 mate attraction sacrifice long
PCwgM,hangingPiece rookEndgame short
PCyqQ,mateIn3 mate deflection exposedKing long
PDRuX,advancedPawn promotion long
PDYCc,pin short
PE3Do,mateIn2 mate attackingF2F7 short
PE7is,long
PEG7p,pawnEndgame veryLong
PEWOA,defensiveMove short
PEWV6,short
PF7YZ,short
PFGJ3,short
PFL8P,fork short
PFPfQ,quietMove veryLong
PFWoV,long
PFbxe,pin short
PFqoS,skewer long
PFvzH,mateIn2 mate hangingPiece short
PGJuq,queenEndgame short
PGSt0,mateIn1 mate oneMove
PGTyO,long
PGzyk,advancedPawn promotion short
PHAVT,mateIn1 mate pin oneMove
PHQRe,mateIn1 mate oneMove
PHihb,mateIn2 mate short
PHmoh,long
PHoDv,mateIn2 mate short
PHoez,mateIn1 mate kingsideAttack oneMove
PHrVT,short
PISms,pin long
PIZil,defensiveMove long
PIdyz,short
PIikE,veryLong
PInpD,mateIn1 mate advancedPawn promotion oneMove
PIqkV,mateIn2 mate backRankMate sacrifice short
PJ7RB,mateIn3 mate long
PJI61,quietMove long
PJkXm,defensiveMove pin long
PJmGw,defensiveMove queenEndgame long
PJnmX,short
PK9Ic,mateIn1 mate oneMove
PKBFP,mateIn1 mate kingsideAttack oneMove
PKBWf,mateIn3 mate long
PKhBL,mateIn1 mate backRankMate queenRookEndgame oneMove
PL7cQ,mateIn2 mate short
PLVRs,long
PLjUI,sacrifice fork long
PLpOy,quietMove rookEndgame long
PLqoF,short
PMK5h,short
PMSh6,mateIn1 mate kingsideAttack oneMove
PMfRq,mateIn2 mate attackingF2F7 short
PMsp1,short
PN7xg,attraction fork exposedKing long
PNGUW,mateIn2 mate queensideAttack short
PNJxt,attraction fork long
PNMBu,discoveredAttack long
PNTHS,defensiveMove short
PNjT3,mateIn1 mate oneMove
PNlkK,short
PNvHm,exposedKing veryLong
POI2C,quietMove long
PP78U,skewer queensideAttack long
PP8PG,discoveredAttack long
PPNED,discoveredAttack enPassant long
PPS9x,mateIn1 mate kingsideAttack oneMove
PPVLz,fork short
PPfTM,attraction sacrifice fork long
PPgcQ,mateIn2 mate short
PPivQ,deflection pin long
PPmEw,sacrifice exposedKing veryLong
PPoh7,sacrifice fork long
PPpPU,fork short
PPyKX,mateIn1 mate queenRookEndgame oneMove
PPytn,defensiveMove pawnEndgame long
PQ4Il,trappedPiece clearance long
PQD4j,mateIn1 mate oneMove
PQfRk,short
PRPDD,short
PRPep,mateIn2 mate backRankMate short
PReR6,advancedPawn promotion knightEndgame short
PSFrt,mateIn2 mate short
PSjKn,mateIn1 mate kingsideAttack oneMove
PSvD6,mateIn1 mate oneMove
PSx3t,mateIn1 mate oneMove
PT8Hm,advancedPawn short
PU83w,mateIn1 mate oneMove
PUZQe,mateIn3 mate long
PUuTz,long
PUxAv,fork veryLong
PV6EX,long
PV6UA,short
PVJ1O,mateIn1 mate oneMove
PVJC6,mateIn2 mate backRankMate short
PVLMG,hangingPiece short
PVdA6,quietMove defensiveMove rookEndgame veryLong
PWA6u,skewer short
PWBEK,mateIn1 mate oneMove
PWIjM,attraction sacrifice clearance kingsideAttack long
PWXCt,mateIn2 mate short
PWY9O,mateIn2 mate attraction kingsideAttack short
PWdEs,hangingPiece long
PWiU5,pawnEndgame short
PXS2x,mateIn1 mate oneMove
PXuPn,deflection short
PYJDK,mateIn1 mate oneMove
PYLkj,advancedPawn exposedKing long
PYOO5,kingsideAttack veryLong
PYUuf,quietMove enPassant short
PYjGc,mateIn1 mate kingsideAttack oneMove
PYyxC,advancedPawn doubleCheck kingsideAttack long
PZ29u,advancedPawn rookEndgame long
PZDbN,mateIn1 mate oneMove
PZcpp,short
PaAvo,defensiveMove veryLong
PaFUj,defensiveMove pawnEndgame veryLong
PaGgl,mateIn4 mate discoveredAttack enPassant kingsideAttack veryLong
PaOfQ,attraction sacrifice skewer veryLong
PaVLj,advancedPawn sacrifice short
PaWxu,short
PbXFr,pin kingsideAttack long
PbZLH,mateIn2 mate short
PbbcT,mateIn1 mate oneMove
Pbfc5,xRayAttack long
Pc1Me,mateIn2 mate kingsideAttack short
Pc23V,long
Pc3sp,short
Pc9IT,sacrifice veryLong
PccyQ,short
Pcghk,mateIn1 mate oneMove
Pch6X,fork short
PcjzI,mateIn3 mate long
Pd1rq,mateIn2 mate short
PdLjm,sacrifice exposedKing skewer long
PdPh3,mateIn1 mate oneMove
PdQ2Z,mateIn1 mate oneMove
PdewZ,mateIn2 mate bodenMate sacrifice queensideAttack short
Pdq7t,quietMove defensiveMove bishopEndgame long
PeF91,fork short
PeUDm,mateIn1 mate attackingF2F7 oneMove
PeX8W,mateIn2 mate short
Peezt,attraction sacrifice short
Per7C,fork short
Per8l,mateIn1 mate kingsideAttack oneMove
Peu8e,mateIn3 mate long
Pf6ks,short
PfNX2,discoveredAttack pin long
PftNi,queensideAttack veryLong
PfvDv,advancedPawn veryLong
PgEP1,discoveredAttack long
PgEzw,fork short
PgIvp,intermezzo short
PgJ8N,fork short
PgXJW,quietMove short
PgafZ,deflection rookEndgame short
PggWp,sacrifice kingsideAttack long
Ph4MI,mateIn2 mate short
PhIma,fork short
PhNSx,mateIn2 mate pin short
PhPcd,short
PhQds,skewer long
PhQzx,mateIn5 mate attraction sacrifice fork veryLong
Pi0Sr,defensiveMove short
PiFqD,quietMove exposedKing skewer rookEndgame veryLong
PiL06,mateIn1 mate oneMove
PiTVx,long
PjCg9,fork long
PjFjw,mateIn2 mate short
PjnnG,mateIn1 mate oneMove
Pk36I,deflection defensiveMove long
PkCvf,kingsideAttack short
PkHTX,short
PkMFf,pin long
PkTQT,mateIn1 mate oneMove
PkrTh,long
Pktb0,mateIn1 mate oneMove
Plafn,quietMove defensiveMove knightEndgame long
Plbv8,discoveredAttack short
Pm8AK,pin short
PmAzw,defensiveMove discoveredAttack long
PmFyV,pin kingsideAttack short
PmVJf,mateIn2 mate discoveredAttack short
PmcCB,quietMove pawnEndgame long
Pmsvn,short
PnBtv,long
PnIB5,mateIn1 mate oneMove
PnPCP,fork short
PnfnS,attraction fork capturingDefender long
PnnYv,mateIn2 mate short
PnolS,advancedPawn bishopEndgame long
Po5tx,mateIn1 mate kingsideAttack oneMove
Po9Kc,short
PoC8x,mateIn2 mate advancedPawn short
PoFtV,rookEndgame short
Poeyt,short
Pom7q,mateIn2 mate short
Pop5l,advancedPawn hangingPiece long
PoshZ,veryLong
PpfeX,kingsideAttack short
PpxiW,long
PqMeO,fork exposedKing long
PqO9l,mateIn2 mate short
PqYDQ,mateIn1 mate oneMove
Pqq5M,mateIn2 mate short
Pr1U3,mateIn1 mate queenRookEndgame oneMove
PrBFc,skewer long
PrYAh,fork hangingPiece long
PrfFa,fork trappedPiece short
PsS84,attraction sacrifice fork long
PsVSp,advancedPawn clearance queenEndgame long
PsaL1,mateIn2 mate intermezzo short
PseBf,mateIn1 mate oneMove
PsfvR,mateIn1 mate hangingPiece oneMove
PsiGd,long
PsjBl,mateIn3 mate sacrifice long
PskHC,advancedPawn defensiveMove rookEndgame short
PsldY,fork long
Psq87,deflection short
PtCGV,mateIn1 mate oneMove
PtSAT,advancedPawn quietMove veryLong
PtcXJ,long
Ptv4y,mateIn2 mate sacrifice kingsideAttack short
PuOqS,defensiveMove pawnEndgame long
PuW6w,mateIn2 mate short
PudbJ,advancedPawn hangingPiece promotion veryLong
Pv2Qi,short
PvCfq,capturingDefender short
PvDDZ,queensideAttack long
PvdlE,mateIn3 mate backRankMate sacrifice long
Pvec1,attraction sacrifice fork pin long
PwE7Y,fork short
PwEjF,pin short
PwOum,mateIn2 mate attraction sacrifice short
PwaCC,queensideAttack long
PwetU,short
PwqPo,sacrifice long
PxAKa,discoveredAttack pin long
PxCf4,short
Pxfai,discoveredAttack short
PxlRV,long
Py2A0,skewer rookEndgame short
PyJJt,short
Pybll,mateIn2 mate advancedPawn short
PyiPQ,veryLong
PynIE,mateIn2 mate deflection short
Pyul6,mateIn3 mate queensideAttack long
Pz3Gu,short
Pz7jC,mateIn1 mate anastasiaMate oneMove
PzN1a,rookEndgame long
Pzc3p,pin short
Q07hP,mateIn1 mate oneMove
Q15sr,mateIn2 mate short
Q1675,quietMove defensiveMove long
Q1FPq,mateIn1 mate hangingPiece queensideAttack oneMove
Q1jmz,fork short
Q23Yn,fork short
Q23iK,queenEndgame long
Q27Mm,advancedPawn promotion veryLong
Q2FwG,mateIn1 mate oneMove
Q2OWl,mateIn2 mate attraction short
Q2RIT,fork long
Q2fXH,mateIn2 mate pin short
Q2gyF,bishopEndgame short
Q2jeM,advancedPawn fork short
Q3Gae,skewer short
Q3Qle,mateIn1 mate rookEndgame oneMove
Q3s4J,advancedPawn defensiveMove hangingPiece rookEndgame long
Q45wj,long
Q4Dlo,advancedPawn sacrifice promotion veryLong
Q4PfH,knightEndgame short
Q4YNi,attraction fork long
Q5oYp,mateIn1 mate oneMove
Q62zi,mateIn2 mate sacrifice discoveredAttack queensideAttack short
Q6MV4,deflection bishopEndgame short
Q6SJS,short
Q6TTF,advancedPawn quietMove fork promotion veryLong
Q6a3G,long
Q6wnQ,queensideAttack long
Q6xgo,defensiveMove fork long
Q7AS7,defensiveMove long
Q7DTk,attraction sacrifice pin veryLong
Q7NAJ,quietMove long
Q7klN,skewer long
Q7yBs,attraction sacrifice fork long
Q7yQ5,mateIn1 mate oneMove
Q8Gj3,mateIn1 mate kingsideAttack oneMove
Q8eRS,short
Q8f2V,hangingPiece short
Q8x29,fork short
Q8yzy,mateIn2 mate sacrifice discoveredAttack short
Q98qY,long
Q9WaE,skewer short
Q9WdM,mateIn2 mate doubleCheck short
QA9of,kingsideAttack long
QAVXD,mateIn3 mate attraction sacrifice kingsideAttack long
QAbw4,sacrifice veryLong
QAcKv,short
QBKET,kingsideAttack short
QBLoz,discoveredAttack kingsideAttack short
QBTEk,mateIn1 mate oneMove
QC0A8,long
QC2sn,fork short
QC9yu,mateIn2 mate short
QCDsB,advancedPawn hangingPiece veryLong
QCHnJ,intermezzo clearance long
QCUDv,mateIn2 mate collinearMove short
QCUZD,short
QCpjq,defensiveMove hangingPiece knightEndgame short
QCqeY,discoveredAttack kingsideAttack long
QDbp2,defensiveMove hangingPiece short
QDgSY,advancedPawn promotion pawnEndgame veryLong
QDvvS,long
QE3Ro,hangingPiece capturingDefender long
QE4uI,quietMove veryLong
QEGRJ,long
QEUFm,advancedPawn promotion rookEndgame long
QEUJR,advancedPawn promotion long
QF92k,mateIn1 mate kingsideAttack oneMove
QFVi6,pawnEndgame long
QGHOc,mateIn2 mate short
QGKr3,mateIn4 mate discoveredAttack veryLong
QGYfL,discoveredAttack short
QGo1U,hangingPiece intermezzo short
QGr0D,mateIn2 mate short
QGssO,sacrifice short
QGvRn,short
QH18O,exposedKing pin veryLong
QH3xC,long
QHZEv,fork long
QI12X,pawnEndgame long
QI5o9,deflection fork long
QIJSE,mateIn2 mate short
QIaBM,hangingPiece long
QJ1V3,mateIn2 mate backRankMate short
QJBFW,pawnEndgame short
QJCvU,fork short
QJK55,fork short
QJOFw,mateIn1 mate kingsideAttack oneMove
QJRHz,hangingPiece short
QJa4Z,short
QJoW1,rookEndgame short
QJp3G,mateIn2 mate backRankMate short
QJwP2,mateIn1 mate rookEndgame oneMove
QKKPG,fork short
QKLeG,long
QKLhd,advancedPawn defensiveMove rookEndgame long
QKSTv,long
QKlJ5,deflection pawnEndgame veryLong
QL3zd,fork short
QL9kj,defensiveMove fork long
QLM1x,exposedKing veryLong
QLdM5,fork long
QLetG,deflection exposedKing long
QLf0V,short
QLsG2,mateIn2 mate short
QM761,mateIn1 mate oneMove
QMPpI,mateIn2 mate short
QMWsZ,fork exposedKing long
QMeML,skewer long
QMtrA,mateIn1 mate kingsideAttack oneMove
QN66r,defensiveMove fork long
QNN9E,fork short
QNSD6,short
QOj5f,advancedPawn promotion short
QOqFi,discoveredAttack short
QOzDF,long
QPSdg,mateIn2 mate fork short
QPccL,mateIn3 mate long
QPfOw,pin veryLong
QPlpX,advancedPawn promotion long
QPr2p,mateIn1 mate oneMove
QPwS5,mateIn1 mate oneMove
QPy2M,kingsideAttack long
QQQv7,fork short
QQUbl,short
QQcwl,sacrifice interference long
QQgph,advancedPawn long
QRMsg,mateIn3 mate long
QRQAW,mateIn1 mate queenRookEndgame oneMove
QRfUO,defensiveMove capturingDefender long
QRiL9,fork hangingPiece short
QRvAp,fork long
QS3Lz,mateIn1 mate kingsideAttack oneMove
QSLBN,advancedPawn sacrifice rookEndgame short
QSUAZ,mateIn1 mate hangingPiece oneMove
QSdSM,long
QSmbV,advancedPawn queenEndgame short
QSvbt,discoveredAttack short
QTyjo,queenEndgame short
QU1VZ,veryLong
QUGtk,short
QURDZ,fork exposedKing long
QUdkT,defensiveMove veryLong
QUnXJ,mateIn2 mate fork short
QVE8w,mateIn2 mate attraction advancedPawn promotion short
QVKya,mateIn3 mate attraction doubleCheck sacrifice fork long
QVL0L,mateIn1 mate hangingPiece kingsideAttack oneMove
QVTVF,short
QWAh1,mateIn1 mate anastasiaMate oneMove
QWAxx,advancedPawn pin short
QWMwJ,mateIn2 mate short
QWgSj,defensiveMove pawnEndgame long
QWhKI,mateIn2 mate backRankMate sacrifice short
QWsWL,intermezzo long
QXBGU,hangingPiece short
QXJ8O,mateIn2 mate kingsideAttack short
QXNDJ,advancedPawn discoveredAttack queensideAttack long
QXyg1,discoveredAttack short
QY0nC,quietMove short
QZ8jQ,mateIn1 mate oneMove
QZDLs,advancedPawn exposedKing promotion queenEndgame veryLong
QZFn4,short
QZK2B,mateIn1 mate queenRookEndgame oneMove
QZKAs,advancedPawn quietMove sacrifice exposedKing veryLong
QZdSK,sacrifice fork long
QaATM,kingsideAttack short
QaBan,discoveredAttack long
QaOk3,mateIn2 mate backRankMate sacrifice short
QaRSt,mateIn1 mate oneMove
Qabsn,fork short
QahJq,defensiveMove hangingPiece knightEndgame short
Qalhg,pawnEndgame long
QbJP3,quietMove bishopEndgame short
QbWb6,long
Qc5k4,fork short
QcIhD,mateIn1 mate oneMove
QcSy6,quietMove long
Qcrgs,short
QcsV7,mateIn1 mate kingsideAttack oneMove
Qcvm1,mateIn1 mate oneMove
Qd0eb,sacrifice fork long
QdDOS,mateIn2 mate rookEndgame short
QdMV1,rookEndgame short
QdN5J,long
QdT0Y,short
QdVXv,fork short
QddcD,pawnEndgame veryLong
Qdz1a,fork short
QeW5r,long
QeZkE,mateIn1 mate kingsideAttack oneMove
QedZs,short
Qedfl,skewer long
Qes27,mateIn2 mate backRankMate deflection pin short
Qf9N1,short
QfI8w,mateIn3 mate long
QfREO,veryLong
Qfxjz,quietMove veryLong
Qfz7i,mateIn2 mate short
Qg43C,defensiveMove pawnEndgame long
Qg6q2,mateIn1 mate kingsideAttack oneMove
QgId8,mateIn1 mate oneMove
Qgnmy,sacrifice long
QhF1m,quietMove long
QhOFR,kingsideAttack long
QhwA8,long
QiTWC,queenEndgame long
QiXaR,fork long
Qietq,pin long
QixpH,mateIn1 mate kingsideAttack oneMove
QjPb9,mateIn1 mate kingsideAttack oneMove
QjWfL,pin long
QjZmK,mateIn2 mate short
Qjh11,quietMove fork long
QjmsX,mateIn2 mate attraction sacrifice kingsideAttack short
QjnX1,short
QjqXa,defensiveMove long
QjzFw,mateIn1 mate oneMove
Qk5cD,short
Qk8qZ,long
QkKyD,mateIn1 mate oneMove
QkTWL,fork short
QkUYn,mateIn2 mate backRankMate advancedPawn promotion short
Ql9vW,rookEndgame veryLong
QlWac,mateIn2 mate queensideAttack short
QlcBT,short
QlkPc,mateIn2 mate fork discoveredAttack short
QlnRt,interference short
QlobY,veryLong
Qlvgk,exposedKing pin long
QmGap,rookEndgame short
QmQKx,attraction advancedPawn doubleCheck sacrifice fork veryLong
Qmpwb,defensiveMove short
QnPgR,advancedPawn hangingPiece promotion rookEndgame long
QndQY,pawnEndgame short
QnjiD,mateIn3 mate exposedKing long
Qnoon,long
QnzxO,mateIn3 mate fork long
QoLOq,hangingPiece long
QoLo0,mateIn1 mate oneMove
QoTZR,defensiveMove long
QoTgB,mateIn1 mate backRankMate oneMove
QoX2j,hangingPiece short
QodSP,queensideAttack long
QomnW,mateIn3 mate attraction sacrifice long
QoqWJ,defensiveMove long
QorVA,advancedPawn promotion rookEndgame veryLong
QorYa,mateIn2 mate queensideAttack short
Qp5ns,short
QpAdW,short
QpBSU,advancedPawn bishopEndgame long
QpKUz,fork exposedKing pin long
QpO4K,defensiveMove short
Qpi7C,mateIn1 mate backRankMate queenRookEndgame oneMove
QpjGx,advancedPawn short
Qpk1S,short
QpkEp,mateIn1 mate oneMove
QplsL,mateIn1 mate oneMove
QqROw,mateIn1 mate oneMove
QqRjp,advancedPawn promotion rookEndgame long
Qr5dd,fork short
QrCZj,pin clearance long
QrKPI,mateIn3 mate backRankMate sacrifice long
Qrgls,fork long
Qrhbu,mateIn1 mate oneMove
Qrlly,mateIn2 mate short
QroNI,advancedPawn exposedKing veryLong
Qsguu,advancedPawn promotion long
QssOD,long
QtCKp,short
QtDvB,fork intermezzo long
Qtbk3,short
Qtelj,trappedPiece short
QtlNh,fork long
QtnsD,kingsideAttack long
Qu3Uf,mateIn3 mate attraction rookEndgame long
QuNFr,defensiveMove hangingPiece rookEndgame short
QuRQu,mateIn1 mate smotheredMate oneMove
QujXd,deflection short
QuwMe,short
QvEM7,hangingPiece long
QvNBO,mateIn1 mate kingsideAttack oneMove
QvSAl,mateIn1 mate oneMove
QvZTk,mateIn1 mate oneMove
QvfWG,mateIn1 mate kingsideAttack oneMove
QvwmL,mateIn1 mate hangingPiece kingsideAttack oneMove
Qw6bu,fork short
Qw7Lo,deflection pin long
QwAPe,mateIn3 mate kingsideAttack long
QwVT2,long
Qwz8G,mateIn1 mate oneMove
Qx0bR,mateIn2 mate sacrifice kingsideAttack short
Qx9q0,long
QxJeJ,mateIn3 mate backRankMate long
QxJfd,long
QxKpm,mateIn2 mate short
QxUbE,mateIn2 mate short
QxhYH,long
Qy7y9,short
QyIOw,mateIn2 mate queenRookEndgame short
QybHA,mateIn1 mate oneMove
Qyjre,mateIn1 mate kingsideAttack oneMove
Qymka,fork short
Qyukc,short
Qz4FL,veryLong
QzKAY,mateIn1 mate kingsideAttack oneMove
QzLo2,mateIn2 mate rookEndgame short
QzOMz,discoveredAttack short
QzTd0,deflection sacrifice kingsideAttack long
QzUBM,fork short
QzicV,advancedPawn kingsideAttack short
QzmeR,deflection rookEndgame short
QzzO2,deflection long
R05o6,mateIn1 mate advancedPawn promotion oneMove
R0ANK,advancedPawn exposedKing long
R0APX,collinearMove veryLong
R0JGj,mateIn3 mate long
R0b3z,mateIn3 mate pin long
R0zF0,advancedPawn short
R11jh,defensiveMove hangingPiece short
R13BG,short
R13Ej,short
R1aY1,pawnEndgame veryLong
R1nup,defensiveMove short
R2AFR,short
R2BuJ,deflection skewer veryLong
R2RRh,mateIn1 mate backRankMate oneMove
R2yZ4,mateIn1 mate oneMove
R34Ri,pin short
R36V0,quietMove long
R3YiI,mateIn1 mate oneMove
R3nHQ,long
R3pOJ,sacrifice discoveredAttack pin long
R4D20,pawnEndgame long
R4T07,mateIn2 mate attraction sacrifice kingsideAttack short
R4UCF,fork short
R520d,long
R57HE,hangingPiece long
R5CJ5,mateIn1 mate hookMate oneMove
R5DB7,mateIn2 mate hangingPiece kingsideAttack short
R5If0,advancedPawn short
R5Jg1,defensiveMove long
R5cVZ,skewer clearance long
R5cZq,long
R5eCz,pawnEndgame long
R5hP4,fork short
R5kXq,advancedPawn quietMove promotion pawnEndgame veryLong
R6goz,fork long
R6qhV,fork short
R6tc6,fork long
R6yxH,mateIn1 mate oneMove
R7ERB,quietMove pawnEndgame long
R7PuI,mateIn2 mate short
R7Zoj,discoveredAttack long
R85en,mateIn1 mate oneMove
R8DDx,mateIn1 mate oneMove
R8XOf,defensiveMove pawnEndgame short
R8bCf,kingsideAttack long
R8lgY,attraction sacrifice discoveredAttack veryLong
R9Elz,short
R9REc,long
R9TSl,mateIn1 mate oneMove
RA0tP,defensiveMove pin long
RADnE,pawnEndgame long
RAQRX,mateIn2 mate short
RAWqS,mateIn1 mate oneMove
RArmF,trappedPiece bishopEndgame long
RB0sp,mateIn2 mate kingsideAttack short
RBJ3q,short
RBUht,mateIn1 mate oneMove
RC3Cs,short
RC3Fi,mateIn3 mate sacrifice fork long
RCAhY,mateIn3 mate smotheredMate doubleCheck sacrifice long
RCDuK,advancedPawn pawnEndgame long
RCKpv,fork short
RCQvt,short
RCeA2,mateIn2 mate sacrifice kingsideAttack short
RCkME,discoveredAttack capturingDefender kingsideAttack long
RCxyr,mateIn2 mate short
RD7GG,mateIn1 mate oneMove
RDBJf,attraction sacrifice fork long
RDMUX,fork veryLong
RDMfC,advancedPawn discoveredAttack veryLong
RDgmt,mateIn2 mate short
RDiB8,deflection short
RE7sW,mateIn3 mate backRankMate sacrifice long
REA5m,mateIn2 mate pin short
REYvX,long
REcKt,short
REkPp,discoveredAttack rookEndgame short
REnH8,mateIn3 mate long
REs9e,fork discoveredAttack long
REunc,mateIn3 mate backRankMate long
RFChN,fork short
RFEJv,attraction pin veryLong
RFELA,attraction sacrifice fork veryLong
RFGn2,deflection short
RFQlA,long
RFUP7,short
RFhy2,mateIn2 mate backRankMate short
RFiPT,long
RFuyb,discoveredAttack short
RFz0z,long
RG8so,enPassant short
RG9lx,advancedPawn quietMove promotion pawnEndgame veryLong
RGJA7,pawnEndgame veryLong
RGUEq,pawnEndgame veryLong
RGZio,advancedPawn quietMove promotion veryLong
RGjIt,discoveredAttack kingsideAttack short
RGjUg,attraction fork exposedKing long
RGuxh,mateIn1 mate oneMove
RHDtG,defensiveMove skewer long
RHXxx,mateIn2 mate sacrifice short
RHjN7,long
RHrJu,mateIn2 mate short
RI3z3,mateIn1 mate kingsideAttack oneMove
RIJP9,mateIn2 mate short
RIbrD,trappedPiece short
RJHqw,short
RJShk,short
RJXVr,mateIn1 mate oneMove
RKDY6,advancedPawn short
RKRCZ,short
RKUR1,fork short
RKXv7,short
RKbkD,mateIn2 mate short
RLI4x,mateIn1 mate oneMove
RLRO6,deflection discoveredAttack pin long
RLbwo,short
RMkTX,discoveredAttack long
RMzWG,mateIn2 mate short
RN7qZ,short
RNFGM,discoveredAttack pin long
RNTCE,short
RNTdm,fork short
RNheo,mateIn3 mate arabianMate sacrifice long
RNtQp,long
RNtRU,mateIn2 mate attackingF2F7 short
ROAgX,hangingPiece long
ROQKh,mateIn2 mate kingsideAttack short
ROY1e,advancedPawn promotion rookEndgame long
RP0bq,mateIn2 mate fork short
RPCgG,short
RPF5E,mateIn1 mate rookEndgame oneMove
RPGjz,pin short
RPMyS,discoveredAttack pin short
RPWgD,mateIn1 mate oneMove
RPaRc,defensiveMove fork long
RPoo1,long
RPrrp,sacrifice short
RPy7V,trappedPiece short
RPzPD,mateIn2 mate rookEndgame short
RQAVX,mateIn2 mate short
RR0J7,attraction sacrifice fork attackingF2F7 long
RR3Fk,veryLong
RRTkL,attraction sacrifice fork clearance long
RReet,mateIn1 mate kingsideAttack oneMove
RRyOv,pin short
RS4Wt,mateIn1 mate oneMove
RSFDq,skewer veryLong
RSW5O,fork short
RSin7,pin long
RT0M3,short
RT5Ny,mateIn1 mate oneMove
RTC3Z,mateIn1 mate oneMove
RTE1N,pawnEndgame short
RTHfg,mateIn5 mate discoveredAttack veryLong
RTOtC,advancedPawn sacrifice long
RTS7e,deflection short
RTp9T,deflection short
RTpyt,mateIn3 mate backRankMate xRayAttack long
RTtWb,mateIn1 mate hangingPiece oneMove
RU6qq,exposedKing kingsideAttack long
RUGYR,mateIn1 mate oneMove
RUKhk,attraction deflection exposedKing long
RUMQL,mateIn2 mate kingsideAttack short
RUa3E,mateIn1 mate oneMove
RUzdi,sacrifice pin veryLong
RVC7Y,advancedPawn exposedKing knightEndgame long
RVMEh,sacrifice fork veryLong
RVRVV,mateIn1 mate oneMove
RVhle,defensiveMove long
RVxOS,mateIn1 mate backRankMate oneMove
RW2Ae,mateIn2 mate discoveredAttack short
RWLjC,mateIn2 mate short
RWwsU,advancedPawn short
RX91R,short
RXPbx,short
RXqQ7,pawnEndgame long
RXvsA,mateIn2 mate backRankMate sacrifice short
RXyYm,mateIn2 mate short
RY1zN,mateIn3 mate queenRookEndgame long
RYGqR,mateIn2 mate xRayAttack short
RYH6X,advancedPawn promotion pawnEndgame veryLong
RYHPP,bishopEndgame short
RYspM,short
RZCo6,mateIn2 mate queenRookEndgame short
RZQbF,advancedPawn promotion rookEndgame short
RZg1n,mateIn1 mate oneMove
RZpNr,mateIn3 mate exposedKing kingsideAttack long
Ra8Es,mateIn1 mate queenEndgame oneMove
RaCQC,mateIn1 mate doubleCheck oneMove
RaZDL,mateIn1 mate hangingPiece oneMove
Rau00,exposedKing long
Rb5Pp,mateIn1 mate oneMove
RbKly,fork short
RbUrs,mateIn1 mate backRankMate oneMove
RbXkj,deflection queenEndgame long
RbZkh,mateIn2 mate short
RbfdR,mateIn2 mate kingsideAttack short
RbqRI,defensiveMove rookEndgame long
RbwMW,mateIn2 mate fork short
Rc2dY,mateIn3 mate doubleCheck long
Rc5hb,mateIn2 mate deflection short
Rc5s6,mateIn3 mate sacrifice long
RcGo2,fork short
RcIVB,mateIn2 mate short
RcK6h,advancedPawn defensiveMove sacrifice promotion rookEndgame veryLong
RcNw6,fork veryLong
RckJX,short
Rcyif,mateIn1 mate pin oneMove
Rd4aQ,attraction long
RdKat,discoveredAttack pin long
RdRqN,long
Rdkef,mateIn1 mate oneMove
RdnPX,quietMove defensiveMove short
RdnTq,mateIn1 mate queensideAttack oneMove
Rdrlc,defensiveMove rookEndgame short
Re06F,short
ReLVG,short
Rethn,fork short
Rf9f3,mateIn2 mate fork short
RfBOd,sacrifice pin short
RfFhF,xRayAttack veryLong
RfK1Q,discoveredAttack rookEndgame short
RfLgn,pawnEndgame long
RfNs3,short
Rfm7i,fork short
RfmP3,fork discoveredAttack short
Rfo4P,advancedPawn rookEndgame long
RgCcS,advancedPawn sacrifice exposedKing long
RgNe5,sacrifice short
RgVYd,defensiveMove short
RgYgm,mateIn2 mate kingsideAttack short
Rgcwp,attraction deflection sacrifice fork long
RhJkU,short
RhQJl,advancedPawn defensiveMove promotion veryLong
RhbVB,mateIn2 mate sacrifice short
Rhghl,advancedPawn defensiveMove long
Riorv,skewer rookEndgame short
RixRZ,mateIn1 mate oneMove
Rj6x3,mateIn1 mate oneMove
Rj7aR,hangingPiece long
Rj7cV,attraction fork long
Rj7em,pawnEndgame long
Rj8RO,discoveredAttack intermezzo kingsideAttack long
RjD9V,veryLong
RjPG7,mateIn2 mate short
RjXv7,defensiveMove rookEndgame short
RjaEK,mateIn1 mate oneMove
RjfQ0,rookEndgame short
Rjg5V,intermezzo capturingDefender short
RjjPu,long
RjmJD,mateIn1 mate oneMove
RkxRj,sacrifice long
RlBJO,short
RlDbu,mateIn1 mate oneMove
RlMMV,mateIn2 mate kingsideAttack short
RlXXx,long
RljDB,fork long
RloL9,long
Rm4sy,trappedPiece short
RmlDs,pin short
RoIQn,long
RoKme,attraction sacrifice discoveredAttack pin clearance castling kingsideAttack veryLong
RodSA,discoveredAttack rookEndgame short
RotZ1,pin short
Rozii,pin short
Rp5Qg,short
RpHhb,mateIn2 mate short
RpPvf,short
RqX1j,mateIn1 mate oneMove
RqZR0,attraction sacrifice long
RqeYp,fork long
RqjZ2,mateIn2 mate kingsideAttack short
Rqtfl,skewer queenEndgame long
Rr0fZ,mateIn1 mate kingsideAttack oneMove
RrY8Y,mateIn1 mate oneMove
Rrp4e,mateIn1 mate oneMove
Rryz1,mateIn1 mate oneMove
Rs15n,mateIn2 mate rookEndgame short
RsK7L,skewer long
RsNoa,attraction fork exposedKing long
Rspb9,mateIn2 mate short
Rsz2A,long
RtXnm,deflection short
RthuL,capturingDefender long
RtjVq,mateIn1 mate rookEndgame oneMove
RtxPD,mateIn1 mate rookEndgame oneMove
Ru94C,short
RuYIx,discoveredAttack exposedKing kingsideAttack long
RubK7,mateIn2 mate kingsideAttack short
RvAR1,fork short
RvYFy,mateIn2 mate discoveredAttack short
Rvd84,bishopEndgame short
RwBhU,mateIn2 mate deflection short
RwSHd,mateIn1 mate oneMove
RwSva,deflection short
RwiGM,deflection pin kingsideAttack veryLong
RxXYW,mateIn2 mate short
Rxkcb,short
RxsiS,short
Ry3JA,short
RyhNy,mateIn4 mate veryLong
RykbU,pawnEndgame short
RzC5U,attraction short
RzDTf,mateIn1 mate oneMove
Rzsa2,advancedPawn short
S00xZ,mateIn1 mate kingsideAttack oneMove
S07F7,rookEndgame long
S0EMf,long
S0Zrs,advancedPawn clearance short
S0bmu,mateIn2 mate fork short
S0kvd,long
S18cB,discoveredAttack long
S1I21,discoveredAttack long
S1Q5F,advancedPawn doubleCheck fork pin attackingF2F7 veryLong
S1Z1k,mateIn1 mate dovetailMate oneMove
S1hLE,defensiveMove short
S2ZIf,fork short
S2oyx,advancedPawn defensiveMove promotion rookEndgame long
S3E4n,mateIn3 mate doubleCheck sacrifice long
S3FK9,trappedPiece clearance long
S3bnN,mateIn2 mate short
S3nWJ,fork long
S3ntV,mateIn1 mate kingsideAttack oneMove
S3q3m,deflection advancedPawn promotion veryLong
S3wLH,rookEndgame short
S4Ve3,advancedPawn veryLong
S4Y4E,defensiveMove long
S4aln,short
S4f0H,mateIn3 mate backRankMate xRayAttack long
S4l5j,pin short
S6D0C,mateIn1 mate hangingPiece kingsideAttack oneMove
S6GhN,fork long
S6KD2,mateIn1 mate oneMove
S6OrA,discoveredAttack long
S6bSB,advancedPawn defensiveMove promotion long
S6dh3,mateIn1 mate backRankMate hangingPiece oneMove
S6nCr,mateIn1 mate advancedPawn attackingF2F7 oneMove
S7QPk,mateIn2 mate backRankMate short
S7d7X,mateIn2 mate pin short
S7tiY,sacrifice exposedKing skewer queenRookEndgame long
S8GKZ,hangingPiece short
S8OXz,fork long
S8PPK,fork veryLong
S8WMf,mateIn1 mate oneMove
S8sPx,hangingPiece intermezzo veryLong
S96iJ,defensiveMove hangingPiece rookEndgame short
S9BKc,short
S9GJF,mateIn1 mate oneMove
S9PO9,advancedPawn promotion pawnEndgame long
S9eMx,discoveredAttack long
S9jSZ,advancedPawn sacrifice fork pin veryLong
S9mLg,fork long
S9rtU,defensiveMove rookEndgame long
SABvs,advancedPawn sacrifice fork promotion veryLong
SAs9D,kingsideAttack veryLong
SB1nA,long
SB4sn,mateIn2 mate backRankMate deflection short
SBCLE,defensiveMove pawnEndgame short
SBJxd,interference short
SBOen,rookEndgame short
SBQPr,mateIn2 mate kingsideAttack short
SBQiK,hangingPiece long
SBbSW,advancedPawn defensiveMove exposedKing queenEndgame long
SBfKF,intermezzo long
SBs5U,mateIn2 mate backRankMate short
SBtf2,quietMove defensiveMove bishopEndgame short
SCJ7J,fork short
SCTKD,mateIn1 mate oneMove
SDG6A,mateIn5 mate advancedPawn kingsideAttack veryLong
SDeQ2,mateIn1 mate oneMove
SDqm4,discoveredAttack long
SE0zj,pin veryLong
SE9eI,bishopEndgame short
SEHyq,hangingPiece short
SELA2,short
SERPm,mateIn1 mate rookEndgame oneMove
SETIH,pin attackingF2F7 short
SEZZv,defensiveMove long
SEgki,sacrifice fork pin long
SFB6z,attraction sacrifice short
SFFgk,advancedPawn sacrifice exposedKing promotion veryLong
SFG8C,discoveredAttack short
SFN0m,short
SFdFC,fork short
SFhJ3,fork hangingPiece long
SGOfr,kingsideAttack long
SGQud,short
SGfCD,long
SGilv,deflection exposedKing skewer collinearMove veryLong
SGqRV,exposedKing pin long
SH6GA,advancedPawn queensideAttack long
SHi2k,sacrifice fork long
SHxYK,short
SIX9d,mateIn2 mate short
SIayK,mateIn1 mate oneMove
SIiYP,short
SIsZr,attraction sacrifice fork long
SJ1mQ,rookEndgame short
SJ6qd,mateIn1 mate bodenMate oneMove
SJA9N,long
SJeeY,mateIn2 mate fork short
SJlIP,mateIn1 mate oneMove
SK5JM,mateIn2 mate short
SKUH8,mateIn1 mate oneMove
SKUsN,mateIn2 mate discoveredAttack kingsideAttack short
SKX8P,mateIn2 mate deflection short
SKajP,clearance short
SKpMW,sacrifice short
SKwXY,fork long
SLOEX,advancedPawn quietMove short
SLTrC,skewer short
SLZeX,mateIn1 mate oneMove
SLfrg,mateIn1 mate oneMove
SLgDm,discoveredAttack short
SLxWG,attraction sacrifice long
SMGwz,discoveredAttack kingsideAttack long
SMI4E,mateIn1 mate oneMove
SMKiD,mateIn3 mate backRankMate sacrifice long
SMRT8,mateIn1 mate queenRookEndgame oneMove
SMdNi,mateIn1 mate oneMove
SMhLL,mateIn1 mate oneMove
SMj5W,mateIn3 mate attraction sacrifice kingsideAttack long
SMngi,mateIn1 mate oneMove
SMv04,advancedPawn defensiveMove promotion knightEndgame veryLong
SN4fB,mateIn2 mate short
SN6Zs,advancedPawn clearance rookEndgame veryLong
SN7J2,mateIn2 mate short
SNaMw,mateIn1 mate oneMove
SNd08,fork exposedKing long
SODmx,advancedPawn long
SOUOs,mateIn2 mate queensideAttack short
SOuHP,defensiveMove pawnEndgame short
SPXTm,mateIn2 mate short
SQ70L,deflection pin short
SQ8y2,skewer long
SQAFS,enPassant pawnEndgame veryLong
SQJbf,mateIn1 mate oneMove
SQMCg,mateIn4 mate attraction sacrifice pin veryLong
SQi00,sacrifice discoveredAttack kingsideAttack long
SRMSC,hangingPiece long
SRZlG,advancedPawn long
SRbZH,mateIn2 mate sacrifice xRayAttack short
SS2lx,long
SSDeB,intermezzo kingsideAttack long
SSWBY,defensiveMove short
SSccR,advancedPawn short
SSd2g,mateIn2 mate short
SSrEa,advancedPawn pin long
STQaP,long
STkpU,advancedPawn veryLong
STol3,skewer short
SU3R5,kingsideAttack short
SUETI,pin short
SUQ61,sacrifice long
SUQs0,mateIn1 mate oneMove
SUfJB,pin kingsideAttack long
SUv5h,advancedPawn short
SUz2W,defensiveMove rookEndgame short
SVR3S,short
SVVb8,quietMove defensiveMove pawnEndgame veryLong
SVdo4,short
SVe2Y,advancedPawn sacrifice bishopEndgame long
SVeUu,exposedKing interference long
SVgnK,mateIn1 mate kingsideAttack oneMove
SVhyq,long
SVrS9,short
SWTaz,sacrifice pin clearance short
SWpnP,mateIn3 mate deflection fork pin long
SWwW1,queenEndgame veryLong
SX39n,hangingPiece knightEndgame long
SX9yo,short
SXCcI,fork short
SXOW1,fork long
SXP8p,defensiveMove long
SY18P,mateIn2 mate queensideAttack short
SY8bG,mateIn1 mate oneMove
SYCar,deflection skewer veryLong
SYKTC,mateIn2 mate short
SYipi,mateIn3 mate backRankMate sacrifice long
SYkse,xRayAttack kingsideAttack short
SYn5g,defensiveMove rookEndgame short
SYo5r,advancedPawn defensiveMove short
SYqzh,rookEndgame long
SZ96n,mateIn1 mate oneMove
SZJ3g,queenEndgame short
SaEox,fork short
SaVi6,mateIn2 mate kingsideAttack short
SacfY,sacrifice long
SbNhb,fork short
SbPKa,pin kingsideAttack short
Sbh41,fork long
ScLVz,pawnEndgame short
SdaTl,short
SdxCU,discoveredAttack short
Se2hn,advancedPawn long
SeOgX,discoveredAttack short
SeRpa,advancedPawn discoveredAttack short
SevlN,mateIn1 mate oneMove
Sf8GD,fork long
SfE26,advancedPawn quietMove bishopEndgame long
SfJQY,short
SfKaj,advancedPawn quietMove pawnEndgame long
Sfa7S,mateIn2 mate interference short
SfeMG,mateIn2 mate sacrifice kingsideAttack short
SfewN,mateIn1 mate hangingPiece rookEndgame oneMove
Sg2i4,discoveredAttack short
SgEn7,rookEndgame long
SgSgX,defensiveMove pawnEndgame long
Sh6dq,long
ShJDE,advancedPawn promotion short
ShJaa,sacrifice veryLong
ShUFf,quietMove long
ShXav,short
Shjxv,pawnEndgame long
ShsLc,advancedPawn quietMove long
ShvHg,exposedKing pin long
SiYJX,fork hangingPiece intermezzo long
Sibb4,mateIn2 mate sacrifice short
SjTQb,discoveredAttack bishopEndgame short
SjYcl,quietMove veryLong
SjgRu,fork long
SjnVm,advancedPawn defensiveMove exposedKing long
Sjrdk,long
Sk8cw,quietMove fork long
SkM6o,rookEndgame long
Skbqm,short
SkrEi,fork short
Sl7U4,skewer short
Sl9vq,advancedPawn bishopEndgame long
SlEYl,mateIn1 mate hangingPiece oneMove
SlHpn,mateIn1 mate oneMove
SlTc5,hangingPiece exposedKing rookEndgame veryLong
Sm3NC,short
Sm6HG,mateIn1 mate bishopEndgame oneMove
SmD9m,mateIn2 mate kingsideAttack short
SmJUy,pawnEndgame veryLong
SmRWF,mateIn1 mate oneMove
SmRYi,short
SmShw,discoveredAttack kingsideAttack long
Smctk,deflection long
Smzj0,discoveredAttack kingsideAttack short
Sn0zZ,fork discoveredAttack exposedKing castling long
Sn4df,trappedPiece short
SnY3p,short
SnimQ,mateIn2 mate attraction sacrifice short
SnlxQ,long
So7Ef,short
Sogxa,advancedPawn long
Soshh,mateIn1 mate oneMove
SowS2,sacrifice exposedKing intermezzo pin long
SoyGC,mateIn2 mate short
SpIU1,quietMove long
SpRjc,mateIn2 mate sacrifice xRayAttack kingsideAttack short
Sph2r,defensiveMove knightEndgame veryLong
SqOso,mateIn2 mate short
SqWNX,mateIn2 mate doubleBishopMate bishopEndgame short
SqgpD,bishopEndgame short
Sqi8k,mateIn1 mate kingsideAttack oneMove
SqobU,mateIn2 mate clearance kingsideAttack short
SrETR,sacrifice pin kingsideAttack short
SrnCl,fork short
SrvAI,short
SsIOH,fork short
SsjQB,sacrifice long
Ssu5Q,mateIn1 mate oneMove
St2aC,fork short
StBge,mateIn1 mate oneMove
StLP7,advancedPawn quietMove defensiveMove knightEndgame veryLong
StU0M,attraction deflection sacrifice long
StkSi,mateIn2 mate short
SuSx3,deflection skewer veryLong
SuV0d,mateIn1 mate oneMove
SuaVU,defensiveMove short
SulOY,short
Sv6qa,fork pin long
SvGHY,mateIn2 mate sacrifice clearance kingsideAttack short
SwWfd,mateIn3 mate attraction long
SweFJ,short
Swqdp,skewer pin short
Swtbk,advancedPawn sacrifice promotion bishopEndgame long
Sx6PB,sacrifice short
SxI5f,mateIn2 mate kingsideAttack short
SxbRo,defensiveMove rookEndgame short
Sxi3g,short
SynVY,veryLong
Synyu,mateIn2 mate short
SypB4,mateIn1 mate oneMove
SzX2o,long
Szr6O,short
T01O8,advancedPawn short
T03aT,short
T058k,fork short
T091z,mateIn1 mate hangingPiece oneMove
T0eQ3,pin long
T0wMb,mateIn2 mate kingsideAttack short
T0xlc,defensiveMove pin veryLong
T1UkR,mateIn1 mate rookEndgame oneMove
T1mGN,short
T2h0j,knightEndgame short
T2uhB,short
T2yn5,bishopEndgame short
T2z7t,mateIn1 mate rookEndgame oneMove
T3Bjd,advancedPawn quietMove veryLong
T3DUe,hangingPiece long
T3Yny,long
T51by,fork long
T5DeP,short
T5iML,pin long
T5tL1,short
T5td3,mateIn2 mate short
T5zuc,mateIn3 mate kingsideAttack long
T61k2,discoveredAttack long
T63GC,long
T6qYA,mateIn1 mate oneMove
T6wV6,mateIn1 mate oneMove
T7GAW,mateIn2 mate short
T7JA6,mateIn4 mate sacrifice veryLong
T7Uxz,mateIn3 mate exposedKing long
T81of,attraction fork exposedKing veryLong
T8JaR,fork exposedKing veryLong
T8Nez,hangingPiece short
T9CgY,short
T9MFZ,mateIn1 mate kingsideAttack oneMove
T9Zsv,mateIn3 mate discoveredAttack exposedKing long
T9orP,mateIn2 mate backRankMate sacrifice short
TAMV9,long
TAXLH,mateIn2 mate queensideAttack short
TAZlV,mateIn2 mate sacrifice clearance short
TAaxh,fork exposedKing long
TAbry,mateIn1 mate oneMove
TAdDF,skewer short
TAfU9,long
TBGW9,advancedPawn short
TC72a,long
TCePh,veryLong
TCevu,fork short
TCkl5,mateIn1 mate oneMove
TDYOT,mateIn1 mate oneMove
TDYUi,pawnEndgame short
TDrVS,quietMove defensiveMove short
TDzbu,short
TE8wA,long
TEDiY,short
TEP2F,fork short
TEnXX,mateIn1 mate oneMove
TEzTF,advancedPawn quietMove knightEndgame long
TFhrW,short
TFnsJ,mateIn1 mate oneMove
TFvI3,mateIn1 mate oneMove
TFx2k,fork veryLong
TFxx7,mateIn1 mate kingsideAttack oneMove
TG0HO,mateIn2 mate kingsideAttack short
TGOgR,rookEndgame short
TGckz,deflection short
TGnKj,deflection short
TGniB,mateIn1 mate oneMove
TH0Cn,short
THK05,kingsideAttack short
THQpr,mateIn1 mate oneMove
TI7hq,mateIn1 mate oneMove
TI8I3,quietMove long
TI8xy,pin long
TIFhg,veryLong
TIRzw,pin kingsideAttack veryLong
TIfCE,fork hangingPiece exposedKing long
TImHZ,fork long
TJ79q,discoveredAttack short
TJBJf,mateIn3 mate backRankMate fork long
TJN9D,mateIn1 mate oneMove
TJgtr,short
TJn4b,attraction long
TKFrb,attraction pin long
TKHR8,fork short
TKbFH,defensiveMove rookEndgame long
TKcop,sacrifice discoveredAttack long
TKwiY,short
TKxct,hangingPiece short
TL2PD,mateIn2 mate short
TLDUi,pin veryLong
TLDWz,mateIn1 mate kingsideAttack oneMove
TLSL2,defensiveMove pawnEndgame veryLong
TLarr,mateIn1 mate oneMove
TLow6,mateIn2 mate short
TLy5I,mateIn2 mate short
TM259,fork exposedKing veryLong
TM2qQ,long
TMCBU,mateIn3 mate sacrifice clearance long
TMbM5,mateIn1 mate oneMove
TMnan,fork long
TN9kH,pawnEndgame long
TNGOh,kingsideAttack short
TNKoJ,short
TNwR3,mateIn1 mate oneMove
TOBwE,mateIn1 mate oneMove
TORnV,mateIn2 mate rookEndgame short
TOVk3,advancedPawn knightEndgame short
TOWzi,mateIn1 mate oneMove
TOzhK,long
TP2vd,trappedPiece long
TP5Wk,trappedPiece long
TPBO7,discoveredAttack kingsideAttack short
TPDKI,deflection short
TPoc4,fork short
TPtLl,defensiveMove knightEndgame short
TPvmT,advancedPawn long
TQD6w,fork short
TQONc,short
TQP1P,clearance veryLong
TQRZA,advancedPawn quietMove sacrifice pawnEndgame veryLong
TQd2M,mateIn1 mate anastasiaMate hangingPiece oneMove
TRWIi,fork short
TRseM,mateIn1 mate oneMove
TSBbM,long
TSE2B,mateIn1 mate oneMove
TSGGs,attraction deflection kingsideAttack short
TSIKX,attraction veryLong
TSPsW,long
TScSM,advancedPawn bishopEndgame long
TSiJQ,pawnEndgame long
TSk2W,mateIn1 mate queenRookEndgame oneMove
TSw9P,mateIn1 mate rookEndgame oneMove
TSyZA,mateIn1 mate oneMove
TT5xL,advancedPawn quietMove pawnEndgame long
TTowQ,sacrifice fork queenEndgame veryLong
TU1tk,mateIn2 mate kingsideAttack short
TU21z,attraction advancedPawn sacrifice fork veryLong
TU3q3,pin kingsideAttack short
TU495,sacrifice pin long
TU5d9,kingsideAttack short
TUF2R,long
TUL1l,short
TURZZ,defensiveMove short
TUXXZ,deflection long
TUlXN,rookEndgame long
TUqnl,mateIn2 mate sacrifice short
TUsSm,veryLong
TUuVO,mateIn1 mate oneMove
TUxJH,mateIn2 mate queensideAttack short
TV3Cz,mateIn2 mate sacrifice queensideAttack short
TVlb1,mateIn1 mate oneMove
TWN52,mateIn1 mate oneMove
TWafT,long
TWjFN,short
TWjxU,quietMove defensiveMove pawnEndgame veryLong
TXE7a,quietMove veryLong
TXemg,rookEndgame short
TYFT4,mateIn1 mate kingsideAttack oneMove
TYGvK,mateIn1 mate oneMove
TYcax,mateIn4 mate deflection sacrifice kingsideAttack veryLong
TZRfb,hangingPiece intermezzo short
TZVgf,short
TZYfF,short
TZZyo,defensiveMove long
TZoHJ,mateIn1 mate oneMove
TZpq9,mateIn1 mate kingsideAttack oneMove
TZtPL,advancedPawn sacrifice pin promotion veryLong
TZyRZ,mateIn1 mate rookEndgame oneMove
TaFzW,mateIn1 mate rookEndgame oneMove
TaVlH,short
Tab18,mateIn2 mate kingsideAttack short
TahCQ,mateIn2 mate short
TasZv,fork short
TavT0,mateIn1 mate oneMove
Tb462,advancedPawn long
TbNzc,mateIn1 mate kingsideAttack oneMove
TcDbm,long
TcIOx,attraction advancedPawn fork promotion long
TcXig,mateIn1 mate oneMove
TciSI,mateIn3 mate long
Tcl6D,pin short
TcwQG,mateIn1 mate oneMove
TdFKJ,advancedPawn promotion queenEndgame long
TdSB2,pawnEndgame veryLong
Tdm30,sacrifice long
Tdn35,mateIn1 mate attackingF2F7 oneMove
TdxF2,mateIn3 mate deflection sacrifice kingsideAttack long
TdyUF,short
TeCEV,mateIn2 mate short
TeMZG,fork short
TeQv3,mateIn1 mate oneMove
TefWk,pawnEndgame long
TenMt,mateIn1 mate oneMove
TeqMi,attraction deflection advancedPawn exposedKing long
TezoD,capturingDefender long
TfDzl,fork veryLong
TfIOB,clearance short
TfR1Y,mateIn3 mate attraction sacrifice kingsideAttack long
TfdzN,long
TfpBz,quietMove bishopEndgame long
TfwB9,long
Tg5cr,deflection short
TgKbU,pin short
Tgua6,short
Th6dl,mateIn2 mate fork short
Th8B6,deflection advancedPawn discoveredAttack exposedKing promotion long
ThJRK,veryLong
ThTRt,short
Thrs1,fork pin short
Ti5Qu,mateIn2 mate short
TiFvM,advancedPawn defensiveMove sacrifice veryLong
TiH0Z,pawnEndgame veryLong
TiLA0,mateIn1 mate oneMove
TiLkw,fork long
TiO5I,short
TijEO,long
TjcIP,long
TkD9r,mateIn3 mate attraction sacrifice long
TkTEy,mateIn2 mate backRankMate short
TkiQi,deflection short
TklzM,trappedPiece clearance long
TlPwM,long
TlSrP,short
TllWp,deflection advancedPawn pin promotion short
TlmXG,mateIn1 mate pin oneMove
Tlovv,mateIn2 mate queensideAttack short
Tm2B9,advancedPawn exposedKing long
Tm2Y1,pawnEndgame long
TmDWf,mateIn1 mate oneMove
TmVht,mateIn1 mate kingsideAttack oneMove
Tma3G,mateIn3 mate backRankMate sacrifice long
Tn37j,advancedPawn queenEndgame veryLong
TnFz0,mateIn1 mate kingsideAttack oneMove
TnXQI,advancedPawn quietMove bishopEndgame veryLong
TnY4R,deflection sacrifice fork pin long
TnacP,mateIn1 mate hangingPiece oneMove
Tniyd,long
To0RM,mateIn2 mate sacrifice discoveredAttack kingsideAttack short
To9Py,fork short
ToFon,rookEndgame long
TobKc,mateIn2 mate attraction sacrifice kingsideAttack short
Todoq,short
TogTW,attraction sacrifice fork long
TolOY,short
TowqV,mateIn2 mate kingsideAttack short
ToxhN,long
Tp2sn,mateIn1 mate oneMove
TpPhq,mateIn2 mate short
TpYJP,mateIn1 mate oneMove
Tpbdt,mateIn1 mate rookEndgame oneMove
Tq2oo,mateIn1 mate arabianMate oneMove
TqJM5,mateIn1 mate smotheredMate oneMove
TqRIm,pin veryLong
TqT2C,hangingPiece short
TqVLd,advancedPawn knightEndgame short
TrqXV,advancedPawn exposedKing long
TrqxX,sacrifice fork pin long
Ts54y,mateIn2 mate backRankMate short
Ts9Bu,fork short
TsLeV,long
TsdzU,fork short
Tt88Q,long
Tte6D,mateIn1 mate kingsideAttack oneMove
Ttmrs,mateIn4 mate attraction sacrifice veryLong
Tu0oD,short
Tu5Wk,short
TuZ15,short
TvAuM,short
TvU0B,mateIn1 mate oneMove
TvdRh,quietMove pawnEndgame long
TvzgW,short
Tw0f8,bishopEndgame long
Tw4YM,hangingPiece long
TwBYb,quietMove discoveredAttack long
TwJiR,short
TwMkb,mateIn1 mate pin oneMove
Tx39G,fork short
Tx65m,advancedPawn sacrifice short
Tx8TL,kingsideAttack short
TxCda,fork short
TxHSq,fork long
TxXrh,advancedPawn discoveredAttack exposedKing long
Txb4L,fork short
TxizS,long
Ty0AS,discoveredAttack short
Ty6Lf,mateIn1 mate hangingPiece oneMove
TyDJQ,short
TyXgp,trappedPiece clearance long
TyeRD,mateIn1 mate oneMove
Tyn4N,defensiveMove pawnEndgame short
TyoFh,long
Tz2mP,fork attackingF2F7 short
TzItP,advancedPawn pin clearance promotion veryLong
TzYNp,mateIn3 mate sacrifice long
TzfiJ,short
TzlaI,fork veryLong
TznHE,mateIn2 mate discoveredAttack kingsideAttack short
TzsR0,short
U0cSo,mateIn2 mate short
U0uJA,deflection long
U13xB,short
U15Kp,intermezzo short
U16T2,mateIn3 mate sacrifice kingsideAttack long
U1NIi,mateIn1 mate kingsideAttack oneMove
U1Pwz,mateIn2 mate backRankMate short
U1ShP,mateIn2 mate doubleCheck short
U1dB9,mateIn1 mate rookEndgame oneMove
U1gxN,exposedKing pin long
U1lsG,mateIn1 mate oneMove
U1oKs,sacrifice long
U24Rd,fork short
U29hv,mateIn2 mate clearance kingsideAttack short
U2C44,mateIn1 mate oneMove
U2qI0,attraction deflection long
U2zp3,defensiveMove pin veryLong
U30dJ,quietMove pawnEndgame long
U3HE2,pin queensideAttack short
U3Xuv,mateIn1 mate kingsideAttack oneMove
U3r8Z,short
U3waf,mateIn1 mate attackingF2F7 oneMove
U4MIV,fork short
U4Yue,discoveredAttack pin short
U4hQw,quietMove defensiveMove rookEndgame short
U4uKN,mateIn2 mate short
U57ge,mateIn3 mate backRankMate sacrifice long
U5KDM,fork exposedKing long
U5Qlp,long
U5nYg,clearance short
U5oME,attraction quietMove fork veryLong
U5zmp,pin long
U67CQ,quietMove defensiveMove pin veryLong
U69JU,short
U6Xrw,short
U6zJn,quietMove skewer long
U71zB,mateIn2 mate short
U75pM,mateIn1 mate oneMove
U799H,short
U7Fcv,mateIn2 mate sacrifice pin kingsideAttack short
U7RUE,mateIn2 mate short
U7q5e,skewer short
U7xo7,exposedKing rookEndgame long
U84cp,mateIn2 mate short
U8OsN,deflection short
U8Ys3,mateIn2 mate fork short
U8ZjZ,short
U8bbP,mateIn1 mate oneMove
U8zjD,mateIn1 mate oneMove
U9AX8,mateIn1 mate oneMove
U9Dri,mateIn1 mate kingsideAttack oneMove
U9Tmj,deflection queensideAttack short
U9UKx,hangingPiece short
U9cmS,short
UA1yQ,mateIn2 mate deflection advancedPawn promotion short
UADn2,mateIn1 mate kingsideAttack oneMove
UArUF,mateIn1 mate kingsideAttack oneMove
UAxe0,quietMove short
UBTn1,intermezzo short
UBio6,advancedPawn short
UBmlY,deflection exposedKing pin kingsideAttack veryLong
UC1Cd,mateIn1 mate oneMove
UCAFi,mateIn2 mate short
UCH3q,mateIn1 mate oneMove
UCNeR,mateIn1 mate oneMove
UCb7f,short
UCeQf,mateIn3 mate doubleBishopMate kingsideAttack long
UCh27,mateIn1 mate oneMove
UCpmh,mateIn2 mate discoveredAttack short
UD2wC,pawnEndgame short
UDyl3,short
UEKvA,discoveredAttack long
UEPKZ,clearance long
UEaYT,intermezzo long
UEh6p,mateIn2 mate hookMate short
UEhUB,mateIn1 mate oneMove
UEhdm,short
UEqsq,attraction pin long
UErrm,mateIn2 mate kingsideAttack short
UF1HX,skewer rookEndgame short
UFe4F,mateIn1 mate oneMove
UFgNb,fork short
UFkiU,mateIn2 mate short
UGKfm,sacrifice fork short
UHNd7,kingsideAttack veryLong
UHdli,short
UHq7H,discoveredAttack short
UILXa,trappedPiece short
UIb5D,pawnEndgame veryLong
UInVO,mateIn2 mate attraction sacrifice kingsideAttack short
UJHf3,advancedPawn long
UJY74,mateIn1 mate backRankMate oneMove
UJlCN,kingsideAttack short
UKEZP,long
UKct5,capturingDefender long
UKgRN,bishopEndgame short
UKhqw,sacrifice discoveredAttack veryLong
UKrhe,queensideAttack long
UKspT,short
ULMFC,advancedPawn promotion short
ULkoS,mateIn2 mate kingsideAttack short
UMLAD,exposedKing kingsideAttack long
UMP2A,advancedPawn short
UMW9T,mateIn3 mate long
UNBQ1,pin short
UNT7A,long
UNeWH,mateIn1 mate oneMove
UNi60,mateIn1 mate kingsideAttack oneMove
UNjJ7,pin short
UNxi0,mateIn1 mate oneMove
UO4a8,mateIn1 mate bodenMate oneMove
UOJI5,mateIn1 mate oneMove
UOLAD,quietMove defensiveMove pawnEndgame long
UOQEu,mateIn2 mate attackingF2F7 short
UOR1o,long
UP43r,defensiveMove fork long
UP6yZ,advancedPawn rookEndgame veryLong
UPUhO,mateIn1 mate smotheredMate oneMove
UQ1PM,attraction long
UQHSr,attraction deflection fork collinearMove long
UQWEo,long
UQcEk,deflection advancedPawn promotion short
UQlwg,fork short
UQq4y,mateIn2 mate backRankMate short
UQwNI,fork long
UR2qf,fork veryLong
UR63d,fork short
URApr,fork long
UROBh,mateIn2 mate backRankMate short
URRER,pin long
URc8K,mateIn1 mate oneMove
URfcl,short
USbD4,deflection short
UT05c,veryLong
UTLee,mateIn1 mate oneMove
UUDqQ,mateIn1 mate oneMove
UUQtg,short
UUvoi,short
UUwxW,skewer short
UV1dl,mateIn2 mate short
UVIJs,long
UVOB1,short
UVfwj,mateIn2 mate short
UVtA5,quietMove long
UW1vQ,mateIn1 mate advancedPawn promotion oneMove
UWbAs,deflection short
UWeFT,sacrifice fork veryLong
UWomD,long
UX9wQ,pin clearance long
UXCFH,short
UXCS1,fork short
UY75C,defensiveMove trappedPiece pin long
UYCqx,mateIn1 mate oneMove
UYafm,mateIn2 mate kingsideAttack short
UZ0Xm,pin short
UZ1qe,deflection long
UZBEX,defensiveMove queenEndgame short
UZD7N,mateIn1 mate oneMove
UZIL5,discoveredAttack rookEndgame short
UZeqS,mateIn1 mate rookEndgame oneMove
UZi3Y,mateIn1 mate oneMove
UZvEK,bishopEndgame short
UaAxb,mateIn1 mate oneMove
UaGJU,advancedPawn sacrifice long
UaUKU,fork short
UaWDK,fork short
UaaA2,advancedPawn defensiveMove sacrifice veryLong
UbEeU,deflection advancedPawn promotion long
UbUhZ,mateIn2 mate sacrifice short
Ubdrh,mateIn2 mate backRankMate sacrifice short
UbiHM,discoveredAttack short
UcGTK,short
UcOyz,skewer pin long
UcSun,short
UcX30,mateIn3 mate attraction sacrifice long
Ucamj,attraction sacrifice fork long
UclWv,hangingPiece long
Ue2LY,mateIn2 mate rookEndgame short
Ue60M,defensiveMove short
UeF2o,mateIn2 mate backRankMate short
Uf4EY,fork short
Uf8jO,mateIn2 mate backRankMate xRayAttack short
UfFp6,mateIn1 mate kingsideAttack oneMove
Ufap9,long
Ufiwt,fork short
Ufm89,discoveredAttack long
Ufu0k,clearance bishopEndgame long
Ug0LT,long
Ug3JV,fork short
Ug7pM,short
Ugb6r,pawnEndgame long
Ugh1L,deflection advancedPawn promotion veryLong
Ugib4,mateIn2 mate sacrifice short
Ugnc6,mateIn2 mate backRankMate short
Ugw7s,mateIn2 mate kingsideAttack short
Uh2d5,mateIn2 mate rookEndgame short
UhXBg,sacrifice discoveredAttack veryLong
UhXRZ,short
Uhmnl,sacrifice discoveredAttack attackingF2F7 long
UiGBO,deflection quietMove discoveredAttack veryLong
UiP89,mateIn2 mate rookEndgame short
Uia6y,deflection pin veryLong
UirvH,mateIn3 mate backRankMate sacrifice long
UjF5C,defensiveMove bishopEndgame long
UjWCQ,mateIn2 mate sacrifice pin short
UjeDx,attraction deflection short
Uk3Ur,mateIn1 mate smotheredMate oneMove
Uk87Q,mateIn3 mate backRankMate sacrifice long
UkS0v,mateIn1 mate kingsideAttack oneMove
UkjvZ,exposedKing skewer queensideAttack long
UkpFF,mateIn2 mate doubleCheck short
Ukv7E,mateIn1 mate kingsideAttack oneMove
UkzrW,short
Ulhgd,attraction sacrifice fork long
UllCs,attraction deflection long
UmcpQ,long
UmrOJ,mateIn3 mate long
Un6CC,long
Un823,discoveredAttack long
Un9dK,long
Unjp7,defensiveMove pawnEndgame short
UoS1H,skewer short
UoTdO,quietMove veryLong
UoXgw,mateIn1 mate oneMove
UopMF,fork short
UotOY,short
Up8Xc,hangingPiece veryLong
UpKI7,mateIn1 mate attackingF2F7 oneMove
UpRzQ,deflection long
UpXoh,mateIn1 mate queenRookEndgame oneMove
UqazU,pin long
Uqemk,long
Uqhu1,pin short
UqiqZ,mateIn1 mate backRankMate oneMove
Ur1jh,fork pin short
Ur6LN,mateIn2 mate kingsideAttack short
UrFSx,advancedPawn rookEndgame veryLong
UrilD,mateIn2 mate short
Us9cS,mateIn2 mate short
UsHTY,advancedPawn bishopEndgame long
UsUN0,mateIn2 mate kingsideAttack short
UsrrJ,exposedKing long
UsxlO,fork short
UszVM,mateIn2 mate discoveredAttack kingsideAttack short
UtATK,mateIn3 mate sacrifice clearance long
UtVBM,rookEndgame short
UtwPh,mateIn1 mate oneMove
Uu2lo,knightEndgame long
Uu7NO,mateIn1 mate oneMove
Uu9PS,mateIn2 mate short
UuDnx,advancedPawn rookEndgame long
UuQxe,mateIn2 mate rookEndgame short
UuR0w,attraction sacrifice fork rookEndgame long
UuboB,hangingPiece short
UvAM3,pin veryLong
UvSlF,long
UvrD4,long
UvsjF,mateIn1 mate kingsideAttack oneMove
Uvybr,mateIn1 mate rookEndgame oneMove
UwC3Y,mateIn1 mate oneMove
UwMRc,exposedKing kingsideAttack long
UwN6u,mateIn1 mate oneMove
UwUkA,mateIn3 mate doubleCheck fork long
UwgQ2,mateIn2 mate short
UwmJZ,mateIn4 mate attraction sacrifice kingsideAttack veryLong
Uwywb,mateIn2 mate short
Ux2yE,mateIn1 mate oneMove
UxBGN,trappedPiece short
Uxjdh,skewer long
Uxukq,long
Uy1eW,mateIn3 mate long
Uy2qV,quietMove long
Uy3aO,hangingPiece short
UyAGQ,fork long
UyBsH,clearance long
UyNlE,intermezzo long
UyXOH,attraction sacrifice fork veryLong
UywCP,advancedPawn veryLong
Uz0zZ,mateIn2 mate hookMate fork short
UzTmc,mateIn2 mate queensideAttack short
UzxUv,mateIn2 mate backRankMate short
UzyCf,fork short
V03vA,fork short
V0fmx,mateIn2 mate anastasiaMate attraction sacrifice short
V0gut,rookEndgame short
V1Fvy,mateIn1 mate attackingF2F7 oneMove
V273l,quietMove pawnEndgame long
V2kaP,mateIn2 mate rookEndgame short
V2zoX,deflection pin short
V3WKS,discoveredAttack short
V40gd,mateIn2 mate rookEndgame short
V41U9,fork long
V4AB4,hangingPiece short
V4D8U,mateIn2 mate sacrifice short
V4MqP,pin short
V4jg9,advancedPawn fork knightEndgame short
V5BYd,short
V5Y7A,mateIn3 mate long
V5YkT,mateIn1 mate backRankMate hangingPiece oneMove
V5axo,short
V5k28,short
V5yQI,mateIn1 mate oneMove
V63YF,mateIn3 mate fork queenEndgame long
V69a8,attraction veryLong
V6BHK,mateIn2 mate sacrifice discoveredAttack kingsideAttack short
V6C3a,deflection long
V6GHl,short
V6JQu,defensiveMove short
V6wsh,discoveredAttack pin long
V7Aqj,defensiveMove short
V7FgP,discoveredAttack short
V8CSH,advancedPawn rookEndgame veryLong
V8Gbv,attraction defensiveMove long
V8Sxt,mateIn1 mate kingsideAttack oneMove
V8gLn,mateIn2 mate fork short
V9HnX,mateIn3 mate sacrifice kingsideAttack long
V9R3B,mateIn2 mate short
V9RgD,queenRookEndgame short
V9yDX,mateIn2 mate sacrifice discoveredAttack kingsideAttack short
VATRu,advancedPawn long
VAVIA,mateIn1 mate oneMove
VAcEK,mateIn1 mate oneMove
VAt4t,mateIn1 mate oneMove
VBFw6,mateIn2 mate attraction sacrifice short
VBd17,short
VBpKM,mateIn1 mate oneMove
VC5s8,long
VC7If,mateIn1 mate oneMove
VCbM3,mateIn2 mate advancedPawn kingsideAttack short
VCdXX,mateIn1 mate oneMove
VCjis,mateIn3 mate deflection fork long
VCnij,attraction kingsideAttack short
VCqR9,mateIn1 mate oneMove
VCr4H,attraction fork long
VCzEH,discoveredAttack short
VCzwz,defensiveMove fork long
VDAqa,quietMove short
VDXWd,sacrifice fork exposedKing pin veryLong
VDfCd,mateIn1 mate oneMove
VDoiO,defensiveMove veryLong
VDzTf,mateIn2 mate short
VED5L,mateIn2 mate interference short
VERks,short
VESgg,mateIn1 mate oneMove
VEVGZ,long
VEfBT,fork long
VF9Pq,bishopEndgame short
VFaVJ,short
VFeN2,interference pin long
VFecb,exposedKing long
VGAbN,long
VGBMq,mateIn1 mate oneMove
VGWVu,defensiveMove pawnEndgame long
VGXnk,mateIn1 mate oneMove
VGYPg,advancedPawn promotion bishopEndgame long
VGftm,kingsideAttack long
VGuXz,advancedPawn doubleCheck exposedKing skewer kingsideAttack veryLong
VH289,short
VH9U9,short
VHC3D,hangingPiece short
VHG6q,mateIn1 mate queenRookEndgame oneMove
VHI6I,pin short
VHY9Q,mateIn2 mate fork short
VHbgn,quietMove defensiveMove pawnEndgame short
VHbrb,short
VHlTf,pawnEndgame short
VHutc,mateIn1 mate oneMove
VI8B3,mateIn1 mate oneMove
VIAuL,fork short
VIBv8,attraction deflection long
VIZfr,short
VIgx7,quietMove long
VJAVq,mateIn2 mate queensideAttack short
VJl8K,fork short
VJlIk,deflection fork exposedKing veryLong
VJsj7,pin short
VJyAg,mateIn1 mate oneMove
VK2d7,discoveredAttack short
VKBtf,mateIn1 mate discoveredAttack oneMove
VKgT5,mateIn2 mate attraction advancedPawn doubleCheck short
VKyIh,mateIn1 mate queensideAttack oneMove
VLY7r,mateIn1 mate oneMove
VLcZy,rookEndgame long
VLiMD,long
VM0hu,advancedPawn pawnEndgame long
VM6iB,fork veryLong
VMpdK,mateIn1 mate kingsideAttack oneMove
VMwm9,mateIn2 mate fork hangingPiece short
VNA9f,mateIn2 mate short
VNXPP,sacrifice long
VNbmq,mateIn2 mate short
VOEW0,mateIn2 mate short
VOLSS,advancedPawn short
VOWoi,fork short
VP2Ba,quietMove sacrifice exposedKing long
VPH42,mateIn2 mate smotheredMate sacrifice kingsideAttack short
VPHFS,advancedPawn defensiveMove sacrifice discoveredAttack long
VPQCv,sacrifice pawnEndgame long
VPZ42,mateIn2 mate kingsideAttack short
VQ4gZ,advancedPawn defensiveMove exposedKing bishopEndgame veryLong
VQbfY,attraction sacrifice discoveredAttack long
VQgqu,long
VQnt1,skewer rookEndgame short
VR3uA,mateIn2 mate anastasiaMate short
VRCi3,mateIn1 mate oneMove
VRGkG,short
VROP2,skewer short
VSMfR,deflection short
VSwMx,mateIn1 mate oneMove
VTJuy,short
VTWPz,defensiveMove fork short
VTWlo,long
VTnhJ,kingsideAttack long
VToVr,long
VUCCi,short
VULnT,mateIn1 mate queensideAttack oneMove
VUO4V,mateIn1 mate kingsideAttack oneMove
VUY7u,short
VV2R5,long
VVSMz,mateIn2 mate sacrifice clearance short
VVX9S,advancedPawn promotion short
VVdnv,short
VVgtY,xRayAttack long
VVpaE,deflection queensideAttack long
VVyqU,pawnEndgame long
VWM51,attraction veryLong
VWdMj,mateIn3 mate kingsideAttack long
VWgcC,sacrifice discoveredAttack long
VX8mo,mateIn1 mate oneMove
VXdJz,discoveredAttack short
VXlbR,advancedPawn short
VXnMj,hangingPiece short
VXr0u,deflection advancedPawn discoveredAttack promotion long
VXwl9,fork short
VXxYR,defensiveMove long
VY8Ty,mateIn1 mate oneMove
VYB7L,defensiveMove long
VYJb4,rookEndgame long
VYSrI,deflection long
VYgvH,deflection long
VYitj,attraction advancedPawn promotion long
VZ7A9,mateIn3 mate backRankMate sacrifice long
VZqZd,mateIn2 mate short
VaKMn,intermezzo long
VaVWI,long
Vaa6h,short
Vb6su,pawnEndgame short
Vb7TF,long
VbIU2,mateIn1 mate oneMove
VbL6V,exposedKing pin long
Vbst6,mateIn1 mate kingsideAttack oneMove
Vc8a4,mateIn1 mate oneMove
VcMFv,mateIn1 mate smotheredMate oneMove
VcMHI,mateIn1 mate arabianMate oneMove
VcZuR,short
Vcbzn,kingsideAttack short
Vcfn3,short
Vcg4i,knightEndgame short
Vcqb9,short
VcxFZ,fork short
Vd70U,mateIn2 mate kingsideAttack short
VdItH,fork short
VdKFQ,fork short
VdSxQ,short
VdUQ4,mateIn1 mate rookEndgame oneMove
VdiWX,short
Ve7LT,kingsideAttack short
VeBYK,advancedPawn defensiveMove short
VeC0I,mateIn2 mate short
VeG4z,mateIn1 mate kingsideAttack oneMove
VeHzO,mateIn1 mate oneMove
VeUvQ,mateIn2 mate short
Veavh,long
VeupD,long
Vf0sf,long
VfB1I,mateIn2 mate fork short
VfBQz,pawnEndgame long
VfCUT,mateIn1 mate smotheredMate oneMove
VfN1C,mateIn3 mate long
VfQVc,mateIn1 mate oneMove
VfSh0,advancedPawn promotion queenEndgame veryLong
Vg3ty,mateIn2 mate deflection short
Vg7Rw,mateIn2 mate rookEndgame short
VgMZm,rookEndgame veryLong
VgUzS,pin short
Vh2Q4,mateIn1 mate oneMove
VhHdE,skewer short
VhLo9,skewer rookEndgame short
VhYK5,mateIn1 mate oneMove
VhbyE,attraction sacrifice fork long
VhiNU,exposedKing veryLong
ViI9J,defensiveMove rookEndgame long
VijKL,xRayAttack long
VijMp,attraction sacrifice kingsideAttack long
Viuen,veryLong
ViwVq,mateIn1 mate oneMove
Vj14m,mateIn1 mate oneMove
Vj6hH,mateIn1 mate oneMove
VjGX6,advancedPawn bishopEndgame long
VjMoI,mateIn2 mate sacrifice short
VjX4B,queenEndgame short
VjgCB,mateIn2 mate sacrifice short
Vjtto,short
VkPZU,discoveredAttack short
VkQLy,discoveredAttack short
Vl5zD,short
VlMWX,pin short
VlQ1G,mateIn1 mate oneMove
VlTRU,veryLong
VldEx,mateIn1 mate oneMove
Vltrl,mateIn2 mate short
Vm0nv,discoveredAttack short
Vm6w0,advancedPawn pin short
VmUg6,hangingPiece short
VmhU2,mateIn4 mate veryLong
VmmPM,exposedKing pin long
Vn9fp,short
VnKJr,short
VnSEV,short
VnUFf,mateIn1 mate kingsideAttack oneMove
VnimJ,fork long
VoJT9,short
VoVak,mateIn1 mate rookEndgame oneMove
Voi44,short
VprOQ,mateIn1 mate oneMove
VpsMw,advancedPawn short
VqZ4S,mateIn1 mate oneMove
VqhwE,queenRookEndgame short
VquQb,mateIn2 mate short
Vr1NZ,mateIn4 mate sacrifice veryLong
VrJqO,mateIn1 mate kingsideAttack oneMove
VrVVf,mateIn1 mate oneMove
Vs5xZ,short
VsJSJ,sacrifice long
Vstbl,mateIn1 mate oneMove
Vt7iQ,mateIn3 mate exposedKing long
VtTbt,mateIn2 mate queensideAttack short
VtgZP,mateIn3 mate sacrifice kingsideAttack long
Vtink,quietMove pawnEndgame long
Vtquw,fork short
VtsU7,long
VuNKM,kingsideAttack long
VuWkV,defensiveMove long
VufgE,advancedPawn discoveredAttack long
Vuv2m,mateIn1 mate oneMove
VvF72,mateIn2 mate deflection queenRookEndgame short
VvO3o,mateIn2 mate short
VvVWC,hangingPiece short
Vvcku,mateIn1 mate oneMove
Vvg12,defensiveMove long
VvvBv,mateIn1 mate queensideAttack oneMove
Vw2dP,fork short
VwOA4,mateIn2 mate kingsideAttack short
VwapO,defensiveMove hangingPiece short
VwefO,attraction sacrifice fork long
VwtsF,skewer rookEndgame short
Vx6zs,defensiveMove pawnEndgame long
Vx72L,mateIn1 mate kingsideAttack oneMove
VxHk5,mateIn1 mate kingsideAttack oneMove
VxX7o,fork long
VxocV,quietMove long
VxwJy,mateIn1 mate oneMove
VyLa8,rookEndgame short
VyUf4,bishopEndgame short
VyVZd,short
Vyk8c,rookEndgame long
VynYj,mateIn2 mate short
Vyr3Z,deflection discoveredAttack long
VzICL,mateIn1 mate oneMove
VzKM5,long
VzhS3,mateIn2 mate advancedPawn promotion short
VznqD,queenEndgame long
VzpmB,fork short
W00Hd,short
W0CD4,quietMove pin long
W0RCq,mateIn1 mate oneMove
W13bz,mateIn1 mate attackingF2F7 oneMove
W14CS,pin long
W1Mii,attraction deflection exposedKing long
W1R1a,fork short
W1VTx,mateIn2 mate short
W1gfG,short
W1hED,fork long
W1nYB,sacrifice fork veryLong
W2Laz,fork short
W2mL8,short
W2rqx,deflection fork exposedKing pin veryLong
W2sMi,discoveredAttack kingsideAttack long
W2tTU,queenRookEndgame short
W2vJ8,mateIn1 mate oneMove
W37vC,advancedPawn fork short
W44aH,short
W4OQI,short
W4Pov,trappedPiece pin long
W4Roo,mateIn3 mate backRankMate sacrifice long
W4XO7,long
W4p0d,mateIn1 mate oneMove
W4pTj,mateIn1 mate kingsideAttack oneMove
W4y63,mateIn1 mate oneMove
W51rP,short
W51tS,long
W5COi,mateIn2 mate short
W5KeV,kingsideAttack short
W5UaZ,pin short
W5mxM,mateIn3 mate backRankMate sacrifice long
W6Jr7,short
W6PJh,mateIn1 mate oneMove
W73PT,sacrifice discoveredAttack clearance long
W77KJ,mateIn2 mate short
W7IeH,discoveredAttack short
W7Stw,discoveredAttack short
W7kAb,pin short
W7ues,short
W7wHZ,pin long
W8S4y,attraction sacrifice kingsideAttack short
W8dPV,kingsideAttack long
W8xtT,trappedPiece short
WA7Tu,mateIn1 mate oneMove
WAFR2,mateIn1 mate oneMove
WAHLh,mateIn2 mate short
WBhEN,mateIn3 mate sacrifice clearance long
WBnev,mateIn2 mate backRankMate sacrifice short
WBrw9,short
WC1MU,short
WC2LI,mateIn1 mate oneMove
WC8nh,short
WCM9y,fork long
WCWj9,short
WCbxD,mateIn2 mate sacrifice short
WCcoz,mateIn1 mate oneMove
WCfhd,attraction sacrifice discoveredAttack veryLong
WD4qQ,mateIn2 mate backRankMate short
WDEdP,attraction sacrifice fork veryLong
WDP3z,mateIn1 mate oneMove
WDWkV,fork long
WDZA2,advancedPawn promotion rookEndgame long
WDZX0,long
WDb4J,advancedPawn knightEndgame short
WDkJK,mateIn1 mate oneMove
WELje,quietMove knightEndgame short
WEPzp,quietMove trappedPiece long
WEqn5,mateIn1 mate kingsideAttack oneMove
WF1Gi,queenEndgame short
WFQ6d,fork short
WFeUS,defensiveMove fork long
WFudl,mateIn1 mate kingsideAttack oneMove
WGKDk,veryLong
WGZAI,mateIn1 mate oneMove
WGakq,mateIn2 mate deflection queensideAttack short
WGfqI,mateIn2 mate fork short
WGoYM,mateIn2 mate short
WGwcC,quietMove clearance long
WH3hj,mateIn2 mate backRankMate rookEndgame short
WH7zz,deflection fork skewer veryLong
WHMPi,short
WHdkx,mateIn2 mate backRankMate advancedPawn promotion short
WHtt7,advancedPawn short
WI8tW,advancedPawn quietMove promotion pawnEndgame veryLong
WIFMe,mateIn2 mate sacrifice clearance short
WIJ5m,short
WINiI,xRayAttack long
WIngg,advancedPawn rookEndgame short
WJ5MX,mateIn3 mate exposedKing queensideAttack long
WJs6R,skewer veryLong
WKDzd,pin long
WKPMs,pin long
WKqZK,mateIn2 mate queenEndgame short
WKxp3,mateIn1 mate kingsideAttack oneMove
WLPUA,long
WLbiz,short
WLf6T,fork short
WMfor,fork short
WMovM,fork exposedKing long
WMr1j,mateIn3 mate sacrifice long
WN0yA,long
WNggo,mateIn1 mate rookEndgame oneMove
WOERd,pawnEndgame veryLong
WONJq,mateIn1 mate oneMove
WOsEI,fork long
WPUh0,defensiveMove xRayAttack discoveredAttack veryLong
WPpzP,defensiveMove discoveredAttack long
WQ0aV,advancedPawn short
WQB1p,quietMove fork long
WQI4M,capturingDefender short
WQh8v,sacrifice long
WRWJS,fork short
WRZP9,advancedPawn promotion long
WReRl,rookEndgame long
WRf5g,short
WRo4n,fork exposedKing clearance veryLong
WRvzw,sacrifice fork veryLong
WTUgK,trappedPiece long
WTX9S,rookEndgame short
WTo17,quietMove knightEndgame short
WU7U0,defensiveMove queenEndgame short
WUAFi,trappedPiece short
WUmB3,mateIn1 mate oneMove
WVL4u,deflection kingsideAttack short
WVsOa,defensiveMove queenRookEndgame long
WW19L,discoveredAttack short
WW4SE,attraction deflection sacrifice trappedPiece kingsideAttack veryLong
WWGB8,short
WWKxN,mateIn1 mate kingsideAttack oneMove
WWO7N,mateIn3 mate exposedKing rookEndgame long
WWVzh,long
WX55I,fork intermezzo veryLong
WXHrg,discoveredAttack short
WXgGx,mateIn1 mate kingsideAttack oneMove
WXjba,defensiveMove queenEndgame long
WXmXY,veryLong
WY1gb,mateIn2 mate short
WY7HE,mateIn1 mate rookEndgame oneMove
WYfYK,pin short
WYj7j,discoveredAttack short
WZDmy,mateIn2 mate advancedPawn promotion short
WZHLx,mateIn1 mate oneMove
WZKGM,mateIn3 mate backRankMate fork long
WZKjb,mateIn1 mate pin oneMove
WZUU0,kingsideAttack long
WZXuW,rookEndgame long
WZcMd,skewer rookEndgame short
WZnbq,mateIn1 mate oneMove
WZvvM,advancedPawn clearance queensideAttack long
Wa7He,defensiveMove pin long
WaA3E,deflection discoveredAttack kingsideAttack veryLong
WaJdq,rookEndgame short
WaasQ,pin long
WabXL,mateIn2 mate backRankMate advancedPawn promotion short
Waff5,clearance short
WanWJ,mateIn2 mate short
WaqDw,mateIn2 mate sacrifice kingsideAttack short
Wazcu,clearance short
Wb38Z,fork short
WbLW1,mateIn3 mate long
WbRFd,defensiveMove pawnEndgame long
Wbnqi,queenRookEndgame short
WbsFi,rookEndgame long
Wbv2r,mateIn1 mate oneMove
Wc85T,short
WcBJY,long
WcN99,fork short
WcOka,defensiveMove short
WdCpK,mateIn2 mate queensideAttack short
Wdobr,discoveredAttack long
WdvCH,sacrifice discoveredAttack exposedKing long
WePk4,long
WeU8S,advancedPawn promotion veryLong
WeYm7,sacrifice skewer long
WeZcE,pin short
WeeGy,mateIn2 mate kingsideAttack short
Wemmn,mateIn3 mate long
WewIK,mateIn1 mate oneMove
WeyMJ,rookEndgame short
Wf1IT,fork short
Wf4PV,fork short
Wf4eR,mateIn1 mate oneMove
Wf71P,hangingPiece short
WfID6,fork long
WfWi9,mateIn2 mate attraction sacrifice pin kingsideAttack short
WfvoP,mateIn1 mate oneMove
Wg4St,defensiveMove rookEndgame short
Wg4u6,deflection pawnEndgame long
WgBNa,advancedPawn fork exposedKing promotion long
WgUVV,short
WgVMt,attraction defensiveMove veryLong
WgdkC,long
WgluT,mateIn1 mate oneMove
WhO2k,discoveredAttack pin short
WhcLe,mateIn1 mate oneMove
Whj5I,fork short
Whrke,mateIn1 mate oneMove
WhvBI,sacrifice fork veryLong
WiJHG,quietMove skewer veryLong
WiUfu,long
Wilm0,short
Wj3vh,mateIn2 mate short
WjDnH,mateIn1 mate oneMove
WjIla,fork short
WjLsa,short
WjxLV,short
WkSsU,mateIn2 mate kingsideAttack short
WkgOD,defensiveMove pawnEndgame short
Wkm0j,quietMove clearance long
WkwUN,mateIn2 mate short
Wl3Ma,skewer short
WlGMv,pin short
WlNWE,fork long
WlrSl,fork short
Wlrrj,long
Wm4yS,mateIn1 mate oneMove
Wm75y,long
WmRuu,mateIn1 mate oneMove
WmUM7,fork short
WmY0X,mateIn1 mate kingsideAttack oneMove
WmauO,advancedPawn quietMove pawnEndgame long
Wmlfr,advancedPawn rookEndgame short
Wn3Zo,mateIn2 mate short
Wn4qc,mateIn2 mate fork short
WnAqG,advancedPawn quietMove rookEndgame veryLong
WnBZu,attraction queensideAttack long
WnCEi,attraction skewer veryLong
WnGUT,fork hangingPiece long
WnQOo,fork short
WndOK,short
WnezO,mateIn1 mate oneMove
Wnm0P,hangingPiece bishopEndgame long
Wnm5O,mateIn2 mate short
Wnw8A,pin long
Wo1d5,advancedPawn knightEndgame long
WoR3V,mateIn1 mate knightEndgame oneMove
WoTZq,fork long
WovKx,fork long
Wp2im,sacrifice fork veryLong
WpFYD,quietMove defensiveMove queenEndgame long
WphWZ,attraction fork long
Wq4wW,mateIn2 mate short
Wq763,fork short
WqMCQ,fork short
WqaWe,defensiveMove veryLong
Wr01F,mateIn2 mate short
Wr0ha,mateIn1 mate oneMove
WrKZv,mateIn1 mate kingsideAttack oneMove
Wrf1n,rookEndgame long
Wrsuw,short
WryJa,advancedPawn skewer long
WsDyK,mateIn2 mate sacrifice short
WsaAS,mateIn1 mate queenEndgame oneMove
Wt3VI,mateIn2 mate sacrifice kingsideAttack short
WtAVl,defensiveMove short
WtGqu,long
WtKc3,mateIn1 mate kingsideAttack oneMove
WtX5a,advancedPawn discoveredAttack long
Wte5z,deflection long
WtmEB,mateIn2 mate kingsideAttack short
WtvE9,kingsideAttack long
WtvUI,advancedPawn long
Wu7FE,sacrifice clearance kingsideAttack short
WuI7J,quietMove long
WuSQY,mateIn1 mate rookEndgame oneMove
WuUsl,mateIn1 mate oneMove
WuvHi,fork short
Wv8Cx,hangingPiece short
WvGFW,mateIn2 mate short
Wvduu,mateIn1 mate oneMove
Ww6Fw,attraction sacrifice fork long
WwOdv,pin short
WwWqb,advancedPawn knightEndgame long
Wx0kz,pawnEndgame long
WxEeI,discoveredAttack rookEndgame short
WxQja,mateIn1 mate hangingPiece kingsideAttack oneMove
WxUOL,long
WxdUr,fork short
WxuJy,defensiveMove rookEndgame long
WxzSr,mateIn1 mate oneMove
WySXM,mateIn1 mate oneMove
WyUuB,short
WylSL,discoveredAttack kingsideAttack short
Wz1gP,fork long
X0DyX,mateIn1 mate oneMove
X0LHm,long
X0yya,mateIn2 mate queensideAttack short
X1APM,mateIn1 mate oneMove
X1CfZ,mateIn1 mate oneMove
X1V10,mateIn1 mate oneMove
X1jyy,fork hangingPiece long
X1tUx,defensiveMove hangingPiece exposedKing long
X2sqH,hangingPiece long
X35V2,attraction deflection sacrifice clearance queensideAttack veryLong
X39DV,mateIn2 mate short
X3NtR,short
X3T94,mateIn2 mate pin kingsideAttack short
X3yM4,sacrifice fork clearance long
X4JOp,mateIn1 mate advancedPawn promotion oneMove
X4lRf,skewer interference queenRookEndgame long
X5AHi,advancedPawn promotion long
X5B91,mateIn1 mate oneMove
X5Baw,short
X5XAL,mateIn2 mate rookEndgame short
X5YhD,mateIn2 mate backRankMate sacrifice short
X5cr9,mateIn1 mate oneMove
X5uzX,mateIn1 mate oneMove
X5vLw,advancedPawn quietMove short
X6DXM,pawnEndgame long
X7BJ9,attraction deflection fork capturingDefender long
X7Wbg,long
X7lBQ,defensiveMove short
X7vty,short
X88nF,long
X8Fr0,clearance veryLong
X9GJC,mateIn1 mate oneMove
X9ciE,long
X9jID,mateIn4 mate kingsideAttack veryLong
XA9zx,advancedPawn pawnEndgame veryLong
XADNm,short
XAIQl,advancedPawn short
XAKQv,mateIn2 mate kingsideAttack short
XAMi3,mateIn2 mate rookEndgame short
XANEA,deflection short
XAgD3,long
XAjmw,mateIn2 mate backRankMate short
XAuPL,mateIn3 mate backRankMate sacrifice long
XB1Kb,mateIn2 mate attraction sacrifice kingsideAttack short
XBjWX,deflection long
XBldZ,fork short
XBqkt,pawnEndgame short
XC2KP,fork short
XCBM2,mateIn2 mate short
XCLne,mateIn2 mate pin kingsideAttack short
XCM2M,mateIn2 mate kingsideAttack short
XCnD2,short
XCpzx,rookEndgame long
XDIyu,pawnEndgame short
XDQ5d,pin short
XENcq,defensiveMove clearance short
XESi1,rookEndgame short
XEbRM,mateIn1 mate oneMove
XEnxG,long
XExtd,attraction sacrifice long
XEyuw,short
XFR5U,discoveredAttack short
XFeas,mateIn1 mate queensideAttack oneMove
XG0KY,mateIn2 mate pin short
XG9wL,mateIn3 mate sacrifice kingsideAttack long
XGNB9,long
XGNsG,mateIn2 mate short
XH0Wk,fork short
XH7sk,quietMove pawnEndgame veryLong
XHIS8,long
XHIlK,mateIn2 mate sacrifice discoveredAttack kingsideAttack short
XHOk7,fork hangingPiece short
XHYtH,defensiveMove pawnEndgame short
XHmbo,kingsideAttack short
XHpBa,short
XHvnq,mateIn2 mate backRankMate advancedPawn promotion short
XIJIh,quietMove knightEndgame short
XIJVU,mateIn2 mate backRankMate short
XIP9c,pin short
XITcz,mateIn1 mate oneMove
XIUO7,fork short
XIYyC,fork long
XIheD,short
XJBqk,mateIn4 mate attraction queensideAttack veryLong
XJXHC,mateIn4 mate attraction sacrifice veryLong
XJfLG,mateIn1 mate backRankMate oneMove
XJoov,hangingPiece short
XJzEC,mateIn3 mate sacrifice fork long
XKCBX,rookEndgame short
XKKgu,long
XKaER,mateIn2 mate queensideAttack short
XLICu,quietMove long
XLTNR,mateIn2 mate backRankMate short
XLagz,mateIn1 mate oneMove
XMBO2,mateIn1 mate oneMove
XMCSB,short
XMJxT,defensiveMove rookEndgame veryLong
XMM8u,mateIn2 mate backRankMate short
XMlcp,deflection short
XMpGb,discoveredAttack short
XMwTm,long
XN4G4,pin short
XNDAJ,fork short
XNILt,long
XNPED,short
XNPnf,mateIn1 mate oneMove
XO5r9,fork short
XOCEL,kingsideAttack short
XOGT3,long
XOLHV,exposedKing long
XOPgP,mateIn3 mate long
XOo4G,deflection long
XOoSH,mateIn2 mate sacrifice discoveredAttack kingsideAttack short
XOvPu,pawnEndgame long
XOzsT,pin short
XPJzF,short
XPPhl,mateIn1 mate kingsideAttack oneMove
XQlLl,pawnEndgame short
XQmTi,mateIn1 mate oneMove
XR6M7,short
XRIIZ,hangingPiece long
XRQnO,advancedPawn promotion rookEndgame long
XRbGy,kingsideAttack long
XRboL,mateIn2 mate backRankMate short
XRgEv,short
XRnZz,kingsideAttack short
XS01J,capturingDefender long
XSOub,short
XSP9R,rookEndgame short
XSiIU,mateIn2 mate short
XSpjN,sacrifice discoveredAttack exposedKing long
XT3OA,sacrifice fork discoveredAttack exposedKing long
XTWay,mateIn1 mate oneMove
XTqxx,mateIn1 mate oneMove
XTrBB,advancedPawn quietMove defensiveMove pin promotion pawnEndgame veryLong
XTzKJ,sacrifice discoveredAttack clearance kingsideAttack long
XUsIA,long
XV2Pa,fork short
XV9j9,skewer rookEndgame short
XVFUE,sacrifice short
XVcCQ,long
XVi2G,long
XW7NH,quietMove short
XWNPn,pin clearance long
XWhbC,attraction sacrifice pin long
XWtpe,mateIn1 mate rookEndgame oneMove
XWucm,mateIn1 mate kingsideAttack oneMove
XX0ge,mateIn2 mate backRankMate sacrifice short
XXGa5,rookEndgame long
XXXxc,mateIn2 mate short
XXasH,deflection pin long
XY8La,short
XY92D,mateIn1 mate oneMove
XYK4c,trappedPiece short
XYQvA,mateIn2 mate hangingPiece short
XYS60,attraction discoveredAttack long
XYWOU,skewer rookEndgame short
XYeU3,short
XZ2xE,defensiveMove fork long
XZTJ9,advancedPawn discoveredAttack bishopEndgame long
XZa53,mateIn3 mate long
XZhHx,quietMove short
XZi6C,short
XZmA1,mateIn1 mate backRankMate hangingPiece oneMove
XZutw,mateIn3 mate exposedKing long
XaFhj,queenEndgame veryLong
XaQGA,fork hangingPiece short
Xab4h,hangingPiece short
XaeTb,mateIn3 mate sacrifice kingsideAttack long
XasBy,mateIn1 mate oneMove
XavH6,skewer rookEndgame short
XbEU8,advancedPawn promotion queenEndgame short
XbLoA,fork veryLong
Xbc9K,advancedPawn exposedKing rookEndgame long
XbkQi,defensiveMove pin long
Xc3DW,short
XcHMA,attraction fork long
XcLB4,mateIn1 mate oneMove
Xclbd,short
XcmlM,mateIn3 mate long
Xd4pI,defensiveMove short
XdYK4,long
Xe3nO,rookEndgame long
XeieL,mateIn1 mate oneMove
Xes5W,kingsideAttack short
Xf7lO,pin long
XfPR2,mateIn1 mate queenEndgame oneMove
XfSsH,mateIn1 mate oneMove
Xfa8q,mateIn2 mate short
XfeOt,fork long
XfmnC,trappedPiece long
XgCRt,mateIn2 mate discoveredAttack short
XgDZf,discoveredAttack long
XgO03,mateIn1 mate kingsideAttack oneMove
XgP8a,short
XgSdm,mateIn1 mate oneMove
XgSq2,intermezzo pin long
XgT7C,short
XgZDj,deflection long
XgcDq,short
XgheC,hangingPiece short
XgrIv,advancedPawn promotion bishopEndgame long
XgusJ,mateIn1 mate oneMove
Xh0HU,fork long
XhNEj,mateIn2 mate short
XhPxg,defensiveMove pawnEndgame short
Xi2jQ,short
Xi4a3,mateIn2 mate short
XiBTi,mateIn2 mate kingsideAttack short
XiMTM,advancedPawn rookEndgame short
XiPD4,mateIn2 mate backRankMate short
XiqPe,rookEndgame short
XjBU1,deflection fork long
Xk0Lu,exposedKing long
Xk143,knightEndgame veryLong
Xk8fe,mateIn1 mate kingsideAttack oneMove
XkDtI,short
XkLyy,long
Xka6e,deflection exposedKing pin veryLong
XkbLD,discoveredAttack kingsideAttack short
XkxLW,mateIn1 mate backRankMate rookEndgame oneMove
XkxTm,mateIn1 mate oneMove
Xl6Bz,mateIn3 mate fork long
Xla67,mateIn3 mate advancedPawn sacrifice discoveredAttack long
Xlcc9,mateIn1 mate oneMove
Xlqdf,pin long
XmCY1,fork short
XmTLr,intermezzo long
XmY57,mateIn2 mate short
Xmiwj,defensiveMove short
XnLLM,veryLong
XnbpW,mateIn2 mate fork short
XnsiW,doubleCheck exposedKing long
Xo7GE,mateIn1 mate kingsideAttack oneMove
XoMK3,advancedPawn fork pin promotion long
XoqCg,mateIn2 mate backRankMate fork short
XoyTD,deflection pawnEndgame veryLong
XpEWX,short
XpUMm,fork short
XpaGa,veryLong
XqGG5,mateIn2 mate short
XqKye,mateIn2 mate short
XqNRx,short
XqfNa,short
XqnUo,short
Xr2L6,mateIn1 mate discoveredAttack oneMove
Xr8XF,exposedKing kingsideAttack long
XrI8P,bishopEndgame short
XrO2R,mateIn2 mate pin kingsideAttack short
XrOwT,skewer veryLong
XrPtM,attraction sacrifice fork long
XreEL,attraction discoveredAttack long
XrxkT,exposedKing long
Xs0zZ,pawnEndgame short
Xs3th,advancedPawn quietMove promotion pawnEndgame veryLong
XsCTv,mateIn3 mate backRankMate sacrifice long
XsJKx,quietMove pawnEndgame veryLong
XsuR0,mateIn2 mate advancedPawn promotion short
Xt3uF,short
XtAzW,defensiveMove short
XtH7u,long
Xteyw,mateIn1 mate oneMove
XtoES,mateIn1 mate queenEndgame oneMove
Xu73k,advancedPawn discoveredAttack exposedKing clearance long
Xu9dD,deflection veryLong
XuHv2,sacrifice fork long
XuKh8,discoveredAttack skewer long
XuUKS,mateIn1 mate kingsideAttack oneMove
XuiPH,mateIn1 mate oneMove
XvByk,exposedKing bishopEndgame long
XvV9c,short
XvgEb,short
Xw6te,veryLong
XwQIH,sacrifice pin long
Xx7ak,mateIn1 mate oneMove
Xxc4P,mateIn2 mate sacrifice short
Xxeqi,short
XxgoC,attraction sacrifice fork pin long
Xy5QZ,fork short
XynFP,fork short
XzCzM,short
XzRH9,mateIn1 mate oneMove
XzRHk,mateIn2 mate short
XzhEp,mateIn2 mate short
XzufU,mateIn1 mate oneMove
Y05Gn,capturingDefender short
Y08oE,clearance long
Y0Jal,mateIn1 mate kingsideAttack oneMove
Y0OqN,mateIn1 mate kingsideAttack oneMove
Y0TdA,deflection short
Y1NyN,mateIn2 mate short
Y1SPH,mateIn1 mate collinearMove pin oneMove
Y1cgG,mateIn1 mate oneMove
Y1cma,mateIn3 mate backRankMate sacrifice long
Y1tOZ,mateIn2 mate kingsideAttack short
Y2DbN,pin long
Y2EWf,fork short
Y2mH7,mateIn2 mate short
Y36yM,fork pin long
Y3S7W,mateIn1 mate oneMove
Y3W1e,short
Y3paU,mateIn2 mate sacrifice short
Y45Yd,fork clearance long
Y4HCH,short
Y4cXR,mateIn2 mate short
Y4hRS,deflection short
Y4rU8,mateIn2 mate queensideAttack short
Y4wnt,long
Y5PAy,mateIn3 mate backRankMate sacrifice long
Y5Q7t,mateIn5 mate sacrifice pin veryLong
Y5VQ0,mateIn2 mate fork short
Y5j2a,mateIn2 mate short
Y5o2e,skewer rookEndgame short
Y63xm,mateIn2 mate rookEndgame short
Y6GCC,advancedPawn hangingPiece promotion rookEndgame veryLong
Y6wLo,attraction deflection queensideAttack long
Y759x,advancedPawn quietMove defensiveMove rookEndgame long
Y7Ejm,mateIn3 mate discoveredAttack kingsideAttack long
Y7RAF,short
Y7mBi,short
Y7reI,mateIn2 mate backRankMate queenEndgame short
Y8Jhu,fork short
Y8NT2,pawnEndgame long
Y8UL5,fork long
Y8Ywv,mateIn1 mate hangingPiece oneMove
Y8ZFY,advancedPawn promotion pawnEndgame veryLong
Y8bWz,mateIn1 mate smotheredMate oneMove
Y8rkO,intermezzo kingsideAttack short
Y8thD,attraction sacrifice veryLong
Y98Ka,mateIn1 mate oneMove
Y98he,long
Y98xE,quietMove pin rookEndgame long
Y9Brn,long
Y9PnC,mateIn2 mate short
Y9Umt,mateIn2 mate short
Y9X7b,doubleCheck discoveredAttack long
YA2RZ,long
YA7xf,attraction advancedPawn fork promotion long
YAAxa,mateIn1 mate oneMove
YAOYk,pin queenRookEndgame short
YARBI,skewer rookEndgame short
YAmYh,fork long
YAq85,mateIn1 mate kingsideAttack oneMove
YBHXs,defensiveMove rookEndgame long
YBbTh,mateIn3 mate exposedKing long
YBiHK,short
YBpJt,mateIn1 mate oneMove
YCFzz,mateIn2 mate attraction advancedPawn kingsideAttack short
YCIfw,advancedPawn clearance short
YCdEO,trappedPiece long
YCwXG,mateIn1 mate oneMove
YCyKW,pin short
YCzka,long
YDALF,fork long
YDE8I,quietMove pawnEndgame veryLong
YEIQQ,fork short
YENjz,fork short
YERKj,discoveredAttack pin long
YEYIq,discoveredAttack kingsideAttack long
YEskU,fork short
YEyzC,discoveredAttack kingsideAttack short
YF5dc,mateIn1 mate attackingF2F7 oneMove
YFEMC,mateIn1 mate kingsideAttack oneMove
YFvVZ,short
YFyfc,defensiveMove short
YG3yk,mateIn2 mate short
YGS6P,fork short
YGVe5,mateIn2 mate short
YGf3g,advancedPawn quietMove bishopEndgame veryLong
YHBTG,mateIn1 mate advancedPawn oneMove
YHx0L,quietMove long
YHzZ2,short
YIBYt,fork short
YIE77,quietMove pawnEndgame veryLong
YIGMu,pin short
YITwf,veryLong
YJ34z,skewer long
YJVqj,short
YJzSc,fork short
YKEAq,mateIn2 mate backRankMate short
YKFO9,mateIn1 mate kingsideAttack oneMove
YKIU5,fork short
YKSwk,short
YKoGX,mateIn1 mate oneMove
YLAuc,discoveredAttack long
YLdSj,defensiveMove veryLong
YLeWe,advancedPawn quietMove promotion pawnEndgame veryLong
YLs7v,short
YLvrN,short
YM35u,mateIn1 mate kingsideAttack oneMove
YM70l,long
YMJLd,queenEndgame long
YMO4H,mateIn3 mate exposedKing long
YMReF,advancedPawn rookEndgame long
YMTBx,defensiveMove short
YMg7t,mateIn2 mate short
YN4vu,pin short
YNsmW,attraction doubleCheck sacrifice veryLong
YNsv9,deflection advancedPawn promotion knightEndgame short
YOEOo,deflection short
YOGWl,mateIn2 mate backRankMate advancedPawn promotion rookEndgame short
YOITt,long
YP51d,mateIn1 mate oneMove
YP7sZ,fork short
YPGUu,mateIn2 mate short
YPOAa,mateIn2 mate short
YPVDn,short
YPuXn,queensideAttack short
YPvOS,mateIn1 mate oneMove
YQ5pj,short
YQ6Jr,mateIn1 mate kingsideAttack oneMove
YQOO6,mateIn1 mate oneMove
YQV0J,long
YQp7w,fork short
YREld,short
YRFkR,mateIn2 mate backRankMate short
YRM54,mateIn2 mate rookEndgame short
YRTkp,deflection exposedKing veryLong
YRUK9,kingsideAttack long
YRekz,advancedPawn long
YRuQu,short
YRygf,mateIn1 mate kingsideAttack oneMove
YS1Az,discoveredAttack kingsideAttack long
YS4AW,pin short
YS7er,quietMove defensiveMove pawnEndgame long
YSCfm,mateIn1 mate oneMove
YSnEA,rookEndgame long
YTBbs,fork long
YTGGD,short
YTM4B,hangingPiece bishopEndgame short
YTNJC,knightEndgame long
YTU7W,long
YTczE,mateIn3 mate long
YU0hg,mateIn1 mate oneMove
YURhI,mateIn1 mate oneMove
YUSIE,mateIn1 mate oneMove
YUk1X,advancedPawn defensiveMove promotion long
YUqCn,trappedPiece short
YV7G9,deflection veryLong
YVCpH,quietMove pawnEndgame veryLong
YVD5e,deflection veryLong
YVLG1,long
YVM6M,mateIn1 mate oneMove
YVfeC,mateIn2 mate short
YVkKM,deflection advancedPawn promotion bishopEndgame long
YVpSk,short
YWQwR,quietMove pawnEndgame short
YWZbT,short
YWbz9,mateIn3 mate exposedKing long
YXjAc,mateIn2 mate backRankMate queenRookEndgame short
YXsnz,mateIn1 mate hookMate oneMove
YXx1S,discoveredAttack short
YYVe1,mateIn1 mate oneMove
YYc0g,long
YYmZS,fork exposedKing veryLong
YYmhK,mateIn4 mate exposedKing kingsideAttack veryLong
YYq7w,mateIn1 mate oneMove
YZ2LE,long
YZorW,queenRookEndgame veryLong
Ya289,attraction sacrifice discoveredAttack long
YaK5H,short
YaPnC,pawnEndgame long
YaVXM,long
YaajX,fork hangingPiece short
YayX4,mateIn2 mate bishopEndgame short
Yb8b5,mateIn1 mate oneMove
YbUMP,long
YbzmA,quietMove rookEndgame long
YcBba,mateIn2 mate kingsideAttack short
YcZuI,short
YcaEl,mateIn1 mate smotheredMate oneMove
YcbcN,mateIn1 mate oneMove
YceY8,short
Yd2Kx,short
YdYwI,short
YduCg,mateIn2 mate fork short
YduNw,short
Ye5BP,defensiveMove pawnEndgame long
Yeg9l,sacrifice long
YemPO,short
YeogP,advancedPawn veryLong
Yes8X,mateIn1 mate oneMove
YevQa,skewer long
YfcBk,short
Yfuy3,mateIn1 mate oneMove
YfvgH,mateIn1 mate oneMove
YfxFQ,discoveredAttack long
Ygmqg,quietMove short
YhAid,mateIn1 mate oneMove
YhRMF,mateIn2 mate short
YhYA9,mateIn2 mate short
YhcHy,mateIn2 mate short
YhgCY,exposedKing kingsideAttack long
YhnFe,bishopEndgame long
Yi3Vl,mateIn3 mate sacrifice fork long
Yi3XY,attraction kingsideAttack long
YiDpn,attraction fork veryLong
YiSyw,mateIn2 mate short
YiZGR,advancedPawn quietMove short
YjA75,mateIn2 mate fork short
YjUw9,attraction short
YjXUR,hangingPiece short
YjdDM,defensiveMove hangingPiece short
Yjhiw,quietMove short
YkBH8,defensiveMove short
YkDUx,fork short
YkJ9C,deflection short
YksFj,long
YlCT4,mateIn1 mate oneMove
YlQWe,quietMove long
YliRN,short
Ylsl2,advancedPawn quietMove promotion pawnEndgame veryLong
Ym4FB,advancedPawn discoveredAttack pin promotion long
YmDRW,mateIn2 mate rookEndgame short
YmoUx,short
YmvnP,exposedKing skewer veryLong
Ymwfn,short
YoKtO,discoveredAttack short
YoqTQ,fork long
Yp3X4,short
YpEMk,short
YpHxf,fork long
YpgUM,fork long
Ypml9,mateIn1 mate oneMove
YqHjX,mateIn2 mate deflection pin kingsideAttack short
YqIYG,mateIn1 mate smotheredMate oneMove
YqTZi,mateIn1 mate oneMove
Yqv4u,mateIn2 mate backRankMate short
Yr3Nj,advancedPawn short
Yr4UB,defensiveMove pawnEndgame short
Yr6Dr,discoveredAttack kingsideAttack short
Yr978,mateIn2 mate backRankMate xRayAttack short
YrJJu,mateIn1 mate kingsideAttack oneMove
YrXWv,mateIn1 mate backRankMate oneMove
YrdmL,advancedPawn pawnEndgame short
YryIU,advancedPawn defensiveMove bishopEndgame long
YsZ5z,short
YsszS,mateIn3 mate deflection doubleCheck discoveredAttack kingsideAttack long
Ysxcp,mateIn2 mate sacrifice kingsideAttack short
YtKz3,skewer rookEndgame short
YtOz4,quietMove short
YtTmJ,advancedPawn queenEndgame short
Ytj8O,fork short
YtkMb,short
YtuF3,mateIn2 mate hangingPiece short
YtyZS,mateIn1 mate attackingF2F7 oneMove
Yu9OY,fork long
YuNf8,mateIn2 mate queensideAttack short
YuZ1s,exposedKing skewer rookEndgame long
YvH7f,mateIn3 mate long
YvHoB,attraction sacrifice exposedKing pin long
YvWVK,sacrifice fork long
YvcbV,mateIn2 mate short
Yvd7K,discoveredAttack short
Yvsv2,mateIn1 mate kingsideAttack oneMove
YvxgJ,skewer rookEndgame short
Yw1I4,short
YwPoe,short
YwQ2e,fork queenRookEndgame short
YwTuB,deflection sacrifice long
Ywt3p,mateIn2 mate backRankMate sacrifice short
Yy47n,short
YyCki,mateIn2 mate pin short
YyDiZ,skewer short
YyRvA,mateIn2 mate queenRookEndgame short
YyUmA,mateIn1 mate oneMove
YyWbu,mateIn2 mate rookEndgame short
Yz9Ae,mateIn1 mate oneMove
YzDpE,mateIn1 mate kingsideAttack oneMove
YzJx7,advancedPawn rookEndgame long
Yzbyx,pin short
Yzde5,rookEndgame short
YzkQx,mateIn3 mate rookEndgame long
YzztA,mateIn1 mate smotheredMate oneMove
Z08ZR,short
Z0meV,advancedPawn defensiveMove rookEndgame veryLong
Z0xDL,deflection advancedPawn long
Z1Bdv,attraction short
Z1Dn7,fork short
Z1wCa,advancedPawn promotion long
Z21QM,long
Z2dlb,discoveredAttack short
Z2sk7,mateIn2 mate attraction sacrifice short
Z302C,deflection advancedPawn quietMove veryLong
Z30C4,mateIn2 mate sacrifice discoveredAttack kingsideAttack short
Z3OIb,mateIn3 mate backRankMate sacrifice long
Z3OYI,mateIn2 mate backRankMate xRayAttack short
Z3PUA,mateIn1 mate oneMove
Z4LKg,advancedPawn promotion short
Z4zlk,mateIn2 mate short
Z5LVB,fork short
Z5bUH,mateIn1 mate attackingF2F7 oneMove
Z5tN2,mateIn2 mate short
Z5y9o,skewer queenEndgame long
Z6b2N,pawnEndgame long
Z6cc0,mateIn1 mate smotheredMate oneMove
Z6d7G,mateIn2 mate attraction short
Z6diB,mateIn3 mate deflection long
Z6gs3,mateIn2 mate backRankMate short
Z6ncl,long
Z7ADs,long
Z7B5l,mateIn1 mate kingsideAttack oneMove
Z7K1F,quietMove long
Z7NWw,advancedPawn rookEndgame long
Z7cgY,mateIn3 mate deflection sacrifice long
Z8EKR,mateIn3 mate sacrifice long
Z8Iqy,long
Z8JQO,fork short
Z8Qne,fork long
Z98fa,mateIn1 mate kingsideAttack oneMove
ZA0eX,mateIn1 mate oneMove
ZAEnm,mateIn1 mate oneMove
ZAMFl,advancedPawn defensiveMove short
ZARuq,fork short
ZAbJi,short
ZBEeq,quietMove veryLong
ZBaFF,mateIn4 mate advancedPawn sacrifice fork intermezzo veryLong
ZBcTe,advancedPawn promotion short
ZBf5N,mateIn2 mate sacrifice queensideAttack short
ZBgl8,mateIn2 mate short
ZBypz,short
ZC8dz,mateIn3 mate backRankMate sacrifice long
ZCCi0,fork exposedKing long
ZCDUx,long
ZCDsX,mateIn1 mate oneMove
ZCFYj,short
ZCTrN,attraction sacrifice pin long
ZCpl2,mateIn2 mate backRankMate queenRookEndgame short
ZD4cN,short
ZDf5j,mateIn4 mate attraction sacrifice veryLong
ZDmzj,mateIn1 mate hookMate oneMove
ZEKHv,fork short
ZEhN7,short
ZFCeS,fork veryLong
ZFNzx,trappedPiece short
ZFPb1,mateIn2 mate backRankMate short
ZFS5R,mateIn2 mate hangingPiece short
ZFwQl,quietMove long
ZG7Kl,advancedPawn exposedKing skewer promotion pawnEndgame veryLong
ZGAz1,mateIn3 mate attraction sacrifice long
ZGL8M,advancedPawn long
ZGaAD,mateIn2 mate deflection short
ZGso4,kingsideAttack long
ZH0Yc,short
ZIINv,short
ZIMaW,long
ZIPVH,long
ZIVRo,fork pin long
ZIowR,short
ZIrd1,fork discoveredAttack long
ZJZnZ,pawnEndgame veryLong
ZK8iI,sacrifice short
ZK9qT,mateIn2 mate kingsideAttack short
ZKUuC,mateIn1 mate oneMove
ZKZE8,mateIn3 mate sacrifice long
ZKp82,mateIn1 mate rookEndgame oneMove
ZKpGw,mateIn1 mate oneMove
ZKuuO,fork long
ZL1Ci,fork short
ZL3GN,short
ZLJmK,mateIn1 mate oneMove
ZLrTf,mateIn3 mate attraction doubleCheck sacrifice queensideAttack long
ZM2Oz,pawnEndgame short
ZMCCY,mateIn1 mate oneMove
ZMSBn,mateIn2 mate deflection short
ZMVe4,defensiveMove discoveredAttack kingsideAttack long
ZMjuH,mateIn2 mate attraction sacrifice short
ZMl1E,advancedPawn sacrifice short
ZMohc,short
ZMtq5,fork short
ZMxqm,veryLong
ZNTX4,advancedPawn promotion pawnEndgame long
ZNd6I,short
ZO5EM,mateIn1 mate oneMove
ZOKUy,deflection defensiveMove long
ZOVFK,mateIn2 mate backRankMate queenEndgame short
ZP7I5,mateIn1 mate queenEndgame oneMove
ZPZOF,pawnEndgame veryLong
ZQcfr,mateIn2 mate backRankMate rookEndgame short
ZQnij,doubleCheck exposedKing long
ZQq3s,discoveredAttack veryLong
ZQvps,discoveredAttack short
ZQzyQ,defensiveMove short
ZRD43,mateIn1 mate oneMove
ZRKBd,mateIn2 mate queensideAttack short
ZRW5v,discoveredAttack short
ZRWBS,mateIn3 mate backRankMate queenRookEndgame long
ZRc2u,mateIn1 mate queensideAttack oneMove
ZRoxW,mateIn1 mate kingsideAttack oneMove
ZSIH6,discoveredAttack short
ZSItZ,pin short
ZSPsB,mateIn1 mate backRankMate hangingPiece oneMove
ZSRVx,mateIn2 mate short
ZSS6T,advancedPawn short
ZSb7p,attraction sacrifice exposedKing skewer pin veryLong
ZSeow,short
ZSxSN,pin short
ZT73v,fork short
ZTTn3,mateIn2 mate short
ZU29X,fork short
ZUXjC,kingsideAttack short
ZUXkj,defensiveMove long
ZUdzS,sacrifice skewer veryLong
ZUlt8,quietMove short
ZUpK0,mateIn1 mate smotheredMate oneMove
ZVAo1,mateIn2 mate short
ZVKGa,attraction deflection exposedKing long
ZViDP,long
ZViMo,short
ZVrtG,short
ZWBRr,mateIn3 mate backRankMate sacrifice long
ZWywq,short
ZXbTW,short
ZY15U,attraction advancedPawn fork promotion long
ZYeWN,mateIn2 mate backRankMate queenEndgame short
ZYlSZ,defensiveMove short
ZZ4RD,fork short
ZZAb9,defensiveMove sacrifice long
ZZdJM,deflection advancedPawn veryLong
ZZovB,skewer short
ZZtc1,hangingPiece intermezzo short
ZZwG7,short
ZaGYO,rookEndgame long
ZaNz4,discoveredAttack kingsideAttack short
ZaVDg,mateIn1 mate kingsideAttack oneMove
ZaiWV,mateIn2 mate backRankMate short
ZbCXv,mateIn2 mate short
Zc56i,mateIn2 mate short
Zc81x,defensiveMove short
ZcA5U,mateIn2 mate backRankMate rookEndgame short
ZcTmX,discoveredAttack kingsideAttack short
ZcVsb,mateIn1 mate oneMove
ZcdAS,attraction fork long
ZdIjr,fork long
ZdWrc,mateIn2 mate short
Zdjt9,mateIn1 mate oneMove
Zei5K,mateIn1 mate oneMove
ZenDS,trappedPiece short
Zf9Um,mateIn3 mate sacrifice fork long
ZfIKh,short
ZfXkx,sacrifice veryLong
Zfc4I,mateIn2 mate sacrifice short
Zg0pk,defensiveMove rookEndgame veryLong
ZgDhy,short
ZgOro,mateIn3 mate sacrifice kingsideAttack long
ZgWxm,fork short
ZgyQ4,attraction capturingDefender long
ZhAYm,fork discoveredAttack short
Zi8zo,long
Zi9qe,pawnEndgame veryLong
ZiV78,fork short
ZirfV,mateIn2 mate deflection short
Zj29a,sacrifice long
ZjAGs,long
ZjO20,advancedPawn promotion long
ZjVUd,collinearMove pin short
Zje4e,attraction veryLong
ZjuYj,mateIn1 mate bodenMate oneMove
Zk73s,mateIn1 mate queensideAttack oneMove
ZkKG4,mateIn2 mate short
ZkpTI,mateIn1 mate oneMove
Zl21A,mateIn1 mate knightEndgame oneMove
Zl5e1,mateIn2 mate attraction sacrifice kingsideAttack short
ZlGgh,mateIn1 mate kingsideAttack oneMove
ZlMt9,deflection skewer bishopEndgame short
ZlS92,discoveredAttack kingsideAttack veryLong
ZlU8o,pin veryLong
ZlZht,pin long
Zlf0n,clearance long
ZlwTt,mateIn1 mate kingsideAttack oneMove
Zm74T,pawnEndgame short
ZmEkH,mateIn2 mate short
ZmJxa,pin short
ZmMHA,attraction sacrifice kingsideAttack long
ZmT6j,discoveredAttack long
ZmVGi,mateIn2 mate kingsideAttack short
Zn6kf,mateIn1 mate hangingPiece oneMove
Zn8K3,mateIn2 mate short
ZnFKv,mateIn3 mate attraction doubleCheck sacrifice kingsideAttack long
ZnLBQ,mateIn1 mate queenEndgame oneMove
ZnZGr,defensiveMove bishopEndgame long
Znb9r,discoveredAttack short
Zo20C,queenRookEndgame short
ZoGZt,discoveredAttack short
ZoSlX,kingsideAttack short
ZoTXm,pin short
ZoVkC,sacrifice short
ZoodY,mateIn1 mate kingsideAttack oneMove
ZoxfW,quietMove pawnEndgame long
Zp4PQ,mateIn1 mate oneMove
ZpbuV,mateIn1 mate pin oneMove
Zpgi2,pin short
ZpvUA,advancedPawn defensiveMove short
Zq0KT,mateIn2 mate sacrifice short
Zq1fT,advancedPawn sacrifice long
ZqPEU,defensiveMove pawnEndgame long
ZqSPf,mateIn2 mate kingsideAttack short
Zqv2V,mateIn2 mate sacrifice queensideAttack short
ZrDPY,mateIn2 mate rookEndgame short
ZrGWz,mateIn1 mate oneMove
ZrGkQ,deflection long
ZrUCN,fork short
ZrtGl,long
ZrxCP,short
Zs7Lj,short
ZscHq,mateIn2 mate short
Zsy1U,fork long
Zt4LS,long
ZtBLv,mateIn1 mate oneMove
ZtBUL,deflection short
ZtDrq,rookEndgame long
ZtMbC,short
ZuMYi,mateIn4 mate veryLong
Zuhve,fork long
Zuj9w,mateIn1 mate kingsideAttack oneMove
ZuuNq,fork exposedKing pin veryLong
ZvEH6,attraction veryLong
ZvHT4,mateIn2 mate short
ZvS5o,fork short
Zvcbn,mateIn2 mate attraction sacrifice short
Zvf4v,mateIn1 mate hangingPiece kingsideAttack oneMove
Zvmkr,attraction sacrifice fork long
ZvxaC,short
Zw1xr,skewer short
ZwR4q,fork collinearMove short
Zwpje,short
Zx452,short
ZxAms,quietMove rookEndgame short
ZxGxV,long
Zxk6y,mateIn1 mate attackingF2F7 oneMove
ZyIQQ,mateIn1 mate oneMove
ZyXSY,short
Zyqs7,mateIn1 mate oneMove
Zyr7p,short
ZzDXr,intermezzo short
ZzTGj,mateIn2 mate backRankMate rookEndgame short
ZzoJy,mateIn1 mate oneMove
ZzxTs,rookEndgame long
a0SqW,mateIn1 mate kingsideAttack oneMove
a0W2b,long
a0o3i,defensiveMove short
a1Ugm,advancedPawn sacrifice veryLong
a1fYF,deflection sacrifice long
a1het,pin long
a1iPv,mateIn1 mate oneMove
a1w36,mateIn1 mate oneMove
a1wo7,mateIn2 mate backRankMate advancedPawn promotion short
a26S3,short
a2Yid,attraction deflection sacrifice fork pin long
a3jed,discoveredAttack kingsideAttack long
a3vAU,fork short
a4G77,mateIn1 mate oneMove
a4Inl,advancedPawn exposedKing promotion long
a4KPv,skewer short
a4PGE,pin kingsideAttack short
a4QaQ,mateIn2 mate doubleCheck short
a4W0l,fork long
a4iJ2,mateIn1 mate doubleCheck oneMove
a4osP,advancedPawn quietMove veryLong
a5VRr,mateIn2 mate short
a5XJk,queenEndgame short
a5uAJ,mateIn2 mate short
a5uBg,mateIn1 mate oneMove
a64fz,fork short
a66Im,deflection long
a6Z7H,mateIn1 mate kingsideAttack oneMove
a70en,short
a7Dqw,mateIn1 mate oneMove
a7LTJ,short
a7sxx,clearance queensideAttack veryLong
a7vy3,attraction sacrifice fork long
a8jUQ,fork short
a8lcA,pin short
a8sG1,mateIn2 mate pin short
a97OH,mateIn2 mate kingsideAttack short
a9T41,mateIn3 mate long
a9s5c,deflection discoveredAttack kingsideAttack short
aAH3x,mateIn2 mate sacrifice short
aAVlJ,mateIn1 mate kingsideAttack oneMove
aAWRH,mateIn2 mate kingsideAttack short
aAfAL,advancedPawn defensiveMove promotion long
aAfkF,quietMove long
aAyQC,discoveredAttack short
aAyvk,mateIn4 mate attraction sacrifice clearance veryLong
aBDNz,mateIn1 mate oneMove
aBZIT,advancedPawn hangingPiece short
aBn8V,mateIn2 mate discoveredAttack short
aCg4R,pin short
aD6Hf,mateIn1 mate oneMove
aDY8c,advancedPawn promotion short
aDiYC,fork long
aDlgf,mateIn1 mate backRankMate hangingPiece oneMove
aDo8D,mateIn1 mate backRankMate hangingPiece oneMove
aDpEb,short
aE2cW,short
aE776,fork long
aE8GO,short
aEtMh,mateIn1 mate oneMove
aF6Xw,mateIn1 mate oneMove
aFIda,mateIn2 mate short
aFnzP,long
aFxn1,quietMove defensiveMove queenEndgame veryLong
aG9Od,clearance long
aGIQo,mateIn2 mate short
aGKcV,hangingPiece short
aGWaV,deflection kingsideAttack short
aH6G9,short
aHLvK,pin short
aHOFX,short
aHn9s,knightEndgame long
aHtTk,short
aI2Yp,fork hangingPiece short
aI5KE,skewer short
aIBTK,mateIn1 mate advancedPawn oneMove
aJNQT,mateIn2 mate short
aJS5u,mateIn1 mate oneMove
aKBvW,short
aKM7Y,pin clearance short
aKUmd,fork short
aKqrj,mateIn1 mate kingsideAttack oneMove
aKuFO,bishopEndgame short
aKvFw,fork short
aLMoe,mateIn1 mate oneMove
aLT0y,mateIn1 mate advancedPawn promotion oneMove
aLW9N,defensiveMove long
aLip2,fork short
aLtn9,mateIn1 mate oneMove
aMOxN,mateIn2 mate short
aMUGV,skewer short
aMduW,defensiveMove short
aMthN,mateIn1 mate hangingPiece kingsideAttack oneMove
aN6x4,short
aNAxB,fork short
aNWEJ,long
aNWYz,long
aO6a2,long
aOKyS,mateIn1 mate kingsideAttack oneMove
aOX71,short
aOmjp,long
aP9CW,veryLong
aPBUI,short
aPItd,mateIn1 mate oneMove
aPLGT,mateIn2 mate short
aPY1C,mateIn1 mate oneMove
aPf4C,deflection fork long
aPt2s,mateIn2 mate short
aPvqy,enPassant long
aQLPA,mateIn2 mate pin kingsideAttack short
aQSr0,fork long
aQVGd,deflection short
aQZYN,exposedKing veryLong
aQfdw,mateIn3 mate attraction sacrifice exposedKing long
aQlvf,mateIn3 mate backRankMate sacrifice long
aQuy8,discoveredAttack kingsideAttack long
aRF8p,mateIn1 mate oneMove
aRWrY,advancedPawn sacrifice veryLong
aRb6F,mateIn2 mate short
aS31h,mateIn1 mate oneMove
aS3tS,mateIn2 mate short
aSTpq,mateIn1 mate queensideAttack oneMove
aSUyq,fork short
aSeii,mateIn1 mate oneMove
aSk8b,kingsideAttack short
aT5Bg,deflection advancedPawn promotion short
aT83m,long
aTC7R,mateIn2 mate short
aTP8F,long
aTeJ1,deflection long
aTfai,mateIn2 mate short
aTh18,mateIn1 mate oneMove
aTh1N,queenRookEndgame short
aTjtJ,discoveredAttack exposedKing long
aTolk,mateIn1 mate kingsideAttack oneMove
aUA6X,fork discoveredAttack long
aUSJX,attraction exposedKing kingsideAttack long
aUTdd,mateIn1 mate oneMove
aUqYN,mateIn2 mate sacrifice xRayAttack short
aV7SX,defensiveMove pawnEndgame long
aVHi8,mateIn2 mate backRankMate short
aVQIy,queenEndgame short
aVdwY,mateIn2 mate deflection short
aVl0x,mateIn1 mate attackingF2F7 oneMove
aVmcY,mateIn3 mate discoveredAttack long
aWHfO,fork short
aWVYW,mateIn1 mate oneMove
aWkqg,long
aWtqB,discoveredAttack kingsideAttack long
aXBi2,mateIn2 mate short
aXOL8,mateIn1 mate oneMove
aXdaw,fork short
aXguD,defensiveMove long
aYEG9,mateIn4 mate attraction sacrifice kingsideAttack veryLong
aYW3R,defensiveMove pawnEndgame short
aYgKc,mateIn2 mate short
aZBD9,mateIn1 mate oneMove
aZDOt,mateIn1 mate oneMove
aZbGp,quietMove short
aZziJ,advancedPawn pin veryLong
aa4Aq,mateIn2 mate short
aaMIB,discoveredAttack long
aaOqK,mateIn1 mate oneMove
aaQIq,mateIn1 mate oneMove
aaWhI,sacrifice fork long
aadON,mateIn1 mate queenEndgame oneMove
aasQT,mateIn1 mate kingsideAttack oneMove
aauHh,mateIn1 mate oneMove
ab0df,attraction sacrifice fork long
abUaF,pawnEndgame long
abkop,discoveredAttack short
abs6K,sacrifice discoveredAttack veryLong
acD3C,fork long
acLru,mateIn2 mate queenRookEndgame short
acNT1,short
acW8N,mateIn1 mate oneMove
actux,mateIn1 mate oneMove
ad5D5,short
adg2V,mateIn3 mate kingsideAttack long
adjtL,mateIn1 mate kingsideAttack oneMove
ae2Eu,fork exposedKing long
aeJxf,mateIn1 mate oneMove
aedwQ,mateIn2 mate backRankMate deflection fork pin short
aexSX,rookEndgame long
afDow,deflection discoveredAttack queensideAttack short
afKy0,defensiveMove clearance veryLong
afapp,fork rookEndgame short
afsay,defensiveMove short
afzhE,fork long
agCAK,mateIn1 mate oneMove
agGep,quietMove veryLong
agJS5,sacrifice long
agMPb,short
agaEG,mateIn1 mate hangingPiece queensideAttack oneMove
agjow,discoveredAttack veryLong
ahMRZ,fork long
ahQP2,long
ahXtN,mateIn2 mate short
ahhPQ,mateIn3 mate long
ahqcw,mateIn1 mate oneMove
ai4FU,collinearMove long
ai6Hn,long
aiBy6,deflection fork queenRookEndgame long
aiIsh,mateIn2 mate queensideAttack short
aitXB,short
ajHRE,short
ajSd2,kingsideAttack short
ajhWw,discoveredAttack short
ajizx,long
ajzY8,defensiveMove long
ajzbS,mateIn1 mate oneMove
akAk4,short
akIsj,fork long
akNam,mateIn1 mate oneMove
akQB4,quietMove pawnEndgame long
akeOr,mateIn1 mate oneMove
akkdH,fork short
alV9e,mateIn3 mate deflection long
alc41,defensiveMove short
alq2T,long
am2LO,long
amBdI,long
amWBt,mateIn2 mate short
amZ8P,long
amdeo,skewer rookEndgame short
amt45,mateIn2 mate kingsideAttack short
amvUa,fork discoveredAttack veryLong
amvW7,mateIn2 mate backRankMate short
anBRH,mateIn2 mate short
anD1N,hangingPiece short
anGDW,deflection fork long
anN4c,mateIn2 mate kingsideAttack short
anihp,exposedKing skewer rookEndgame long
aoWQE,long
aofuW,fork short
ap3EY,long
ap6xt,long
apEbP,mateIn1 mate oneMove
apIBW,short
apKaY,mateIn1 mate attackingF2F7 oneMove
apLdl,short
apSYY,pin long
apxzQ,discoveredAttack long
aqFk1,attraction fork long
aqJEd,mateIn2 mate short
aqZR0,short
aqbg2,mateIn1 mate oneMove
aqiWS,mateIn2 mate backRankMate short
aqoVB,exposedKing skewer veryLong
aqwhD,mateIn1 mate oneMove
asOqd,fork long
asla0,fork short
assla,mateIn2 mate backRankMate hangingPiece short
atF0F,long
atFkN,sacrifice long
atGm2,mateIn1 mate oneMove
atJoj,attraction long
atYhQ,short
atovq,short
auMRU,defensiveMove fork long
aub68,long
av6gR,pin short
avD9U,quietMove short
avFEF,mateIn2 mate fork pin short
avLrY,deflection short
avP3r,mateIn2 mate short
avYPS,advancedPawn promotion short
aw15Q,skewer rookEndgame short
awkob,short
ax3Cv,long
axB6X,mateIn3 mate discoveredAttack long
axTSv,long
axkKZ,advancedPawn pawnEndgame long
axmuP,long
ay0u3,mateIn2 mate backRankMate short
ayDnJ,mateIn2 mate backRankMate short
ayFm5,mateIn1 mate kingsideAttack oneMove
ayPDL,mateIn3 mate backRankMate sacrifice long
ayUY9,short
ayoKX,sacrifice exposedKing queensideAttack long
az3MD,discoveredAttack short
azDqI,mateIn1 mate oneMove
azKP7,mateIn2 mate short
azyFZ,mateIn2 mate kingsideAttack short
b06ou,mateIn1 mate kingsideAttack oneMove
b0BVM,short
b173r,queensideAttack short
b1XhU,sacrifice long
b1fT7,mateIn1 mate oneMove
b2NvN,mateIn3 mate attraction sacrifice kingsideAttack long
b2vEZ,mateIn2 mate discoveredAttack short
b36N0,mateIn1 mate oneMove
b3KvR,fork long
b3Ptw,discoveredAttack long
b3ekC,mateIn2 mate short
b3hbH,mateIn1 mate oneMove
b3n8Z,fork long
b3qdM,mateIn3 mate long
b41Kr,quietMove pawnEndgame short
b46ZC,mateIn1 mate oneMove
b47vl,deflection veryLong
b4Epe,fork long
b4IO0,mateIn2 mate queenEndgame short
b4N7X,mateIn1 mate attackingF2F7 oneMove
b4Zg0,fork short
b4f9P,deflection fork veryLong
b4khO,mateIn2 mate short
b4le9,short
b4pac,advancedPawn queenEndgame short
b5GhR,pin short
b5LBY,xRayAttack short
b5sac,mateIn2 mate pin short
b61kj,short
b6aPC,long
b6cH5,mateIn1 mate oneMove
b6oLB,short
b7C8z,pin veryLong
b7rTa,mateIn1 mate kingsideAttack oneMove
b7wgp,discoveredAttack short
b8Xnj,short
b91dz,mateIn1 mate oneMove
b9JEz,mateIn1 mate backRankMate hangingPiece oneMove
b9f84,mateIn1 mate smotheredMate kingsideAttack oneMove
b9l2R,long
bA1yB,short
bA8ej,bishopEndgame short
bAOHJ,defensiveMove bishopEndgame short
bBZTz,pin short
bBeDz,fork short
bBuFq,long
bCSCd,advancedPawn rookEndgame short
bCa4i,doubleCheck fork veryLong
bCcNa,hangingPiece short
bD47u,deflection pin short
bEI1w,mateIn3 mate kingsideAttack long
bEQbe,mateIn2 mate short
bEUkm,short
bEXm3,deflection long
bF4IG,mateIn1 mate anastasiaMate oneMove
bGGLM,mateIn2 mate short
bGKz9,long
bGZML,defensiveMove rookEndgame short
bHHr2,fork long
bHVwy,mateIn1 mate hookMate oneMove
bHWOm,advancedPawn short
bHZ9l,fork short
bHp1B,sacrifice kingsideAttack long
bIOWC,deflection discoveredAttack kingsideAttack short
bIY4A,defensiveMove veryLong
bIZib,mateIn2 mate short
bIbRl,mateIn1 mate oneMove
bIyBU,mateIn1 mate oneMove
bJ8gZ,mateIn1 mate oneMove
bJWJn,deflection long
bJmMC,sacrifice pin short
bJzeV,short
bKVH8,advancedPawn promotion rookEndgame veryLong
bKoju,mateIn3 mate backRankMate sacrifice long
bKtN7,mateIn2 mate backRankMate short
bLNiB,attraction sacrifice fork long
bLSBI,mateIn1 mate doubleCheck oneMove
bLbjt,long
bLrl5,pin short
bLt8D,deflection long
bLyJN,short
bMMVX,skewer pin clearance veryLong
bMUY8,pawnEndgame short
bMUuX,mateIn2 mate short
bMY7h,pawnEndgame long
bMhzT,pin short
bMp24,long
bMuYl,fork discoveredAttack long
bNETD,mateIn2 mate attackingF2F7 short
bNFJq,fork pin short
bNJUZ,advancedPawn promotion short
bNL7e,short
bNNTe,mateIn2 mate backRankMate advancedPawn promotion short
bNXmx,defensiveMove pawnEndgame short
bNrvt,fork interference short
bNt2Y,mateIn2 mate discoveredAttack short
bNv5g,mateIn2 mate backRankMate deflection short
bO41S,short
bOZLb,discoveredAttack short
bOZYY,sacrifice long
bObRi,trappedPiece short
bOz2P,kingsideAttack long
bPBYQ,fork short
bPWEU,mateIn4 mate sacrifice veryLong
bPdcT,fork hangingPiece short
bPxlC,short
bQ2mY,mateIn2 mate attraction sacrifice short
bQ9Q0,mateIn3 mate long
bQVwz,fork short
bQb2K,discoveredAttack short
bRQWo,fork short
bRXVw,attraction deflection sacrifice fork capturingDefender long
bRYOv,short
bRp8t,pawnEndgame veryLong
bSBVm,long
bSTjG,mateIn1 mate oneMove
bSWKt,short
bTGAn,short
bTU91,long
bTglh,advancedPawn quietMove pawnEndgame long
bTpfd,mateIn2 mate short
bTtJw,sacrifice discoveredAttack queensideAttack veryLong
bTuXH,short
bTzZL,advancedPawn quietMove pawnEndgame veryLong
bU9sC,short
bUIz4,kingsideAttack long
bUOae,advancedPawn defensiveMove promotion queenEndgame veryLong
bUTbq,doubleCheck quietMove long
bUXNm,mateIn2 mate kingsideAttack short
bUbMI,mateIn2 mate short
bUn5L,capturingDefender kingsideAttack short
bUnQ1,veryLong
bUpZ2,sacrifice fork exposedKing long
bVEjR,short
bVWH5,pin short
bVYwB,long
bVaJh,short
bVmc4,mateIn2 mate kingsideAttack short
bWAHl,short
bWJh5,advancedPawn promotion knightEndgame long
bWO8E,mateIn2 mate short
bWTUI,skewer short
bWhJe,mateIn3 mate exposedKing long
bWj0P,advancedPawn short
bWtOy,kingsideAttack veryLong
bX4bB,long
bX5GU,fork long
bXAgK,mateIn1 mate oneMove
bXMlY,defensiveMove long
bXXcD,fork short
bXjS0,mateIn1 mate oneMove
bXjus,advancedPawn rookEndgame short
bYUev,mateIn1 mate queenRookEndgame oneMove
bYmv9,pin kingsideAttack short
bZDvD,short
bZZ6U,mateIn2 mate backRankMate short
ba8Ic,quietMove short
baFpM,mateIn1 mate kingsideAttack oneMove
baibC,mateIn1 mate oneMove
bbKlt,queensideAttack veryLong
bbULG,mateIn2 mate backRankMate xRayAttack short
bbb9b,fork long
bbiVT,long
bbpLg,deflection advancedPawn bishopEndgame short
bbtyV,quietMove defensiveMove bishopEndgame long
bbv0Z,mateIn2 mate rookEndgame short
bcQq3,long
bcWpr,fork long
bcqJa,mateIn3 mate queenRookEndgame long
bd1QW,fork short
bd8fD,mateIn2 mate sacrifice short
bdNj8,short
bdVDt,advancedPawn promotion rookEndgame long
bdYck,hangingPiece short
bdqIb,fork short
bduI0,mateIn1 mate oneMove
bduxv,mateIn1 mate oneMove
bdybi,discoveredAttack short
be6mp,attraction sacrifice skewer veryLong
beD3E,mateIn1 mate kingsideAttack oneMove
beW3J,defensiveMove sacrifice short
beY2q,fork long
bel9a,mateIn1 mate oneMove
belZK,pin short
beuKr,mateIn1 mate oneMove
bex2w,pin short
bf34r,advancedPawn sacrifice bishopEndgame short
bf680,sacrifice fork long
bfMyC,quietMove queensideAttack veryLong
bfibJ,mateIn2 mate attraction sacrifice short
bfo0J,advancedPawn pawnEndgame long
bgAzN,long
bgOXA,fork short
bgifQ,mateIn1 mate oneMove
bgrwn,pawnEndgame veryLong
bhSj3,mateIn2 mate short
bhcqf,fork long
biZD0,discoveredAttack exposedKing long
bihVl,mateIn1 mate oneMove
bihnm,fork long
biuw4,mateIn2 mate fork short
bj6d6,mateIn2 mate backRankMate short
bjAmq,mateIn2 mate pin short
bjPKq,fork long
bjagn,rookEndgame long
bk8i0,fork short
bkHJS,fork short
bkXEs,mateIn1 mate queenRookEndgame oneMove
blAgM,clearance long
blITD,fork short
blkxI,short
bluTQ,discoveredAttack long
bm49H,mateIn1 mate kingsideAttack oneMove
bm6St,attraction advancedPawn fork exposedKing promotion long
bmDCH,quietMove pawnEndgame long
bms6j,pin short
bmt2N,fork short
bnd1F,mateIn2 mate short
bnnmS,mateIn1 mate oneMove
bnp8E,mateIn1 mate oneMove
bnuF0,fork short
boCZl,short
boOiE,short
boYmr,short
bolVt,long
bpCbt,attraction fork exposedKing long
bpOiY,mateIn1 mate kingsideAttack oneMove
bpcQt,mateIn1 mate attackingF2F7 oneMove
bpdBm,short
bpflv,mateIn3 mate long
bphp9,attraction exposedKing veryLong
bpmdG,mateIn2 mate discoveredAttack short
bqRyw,attraction exposedKing long
bqiYJ,mateIn2 mate pin short
bqkVl,attraction sacrifice fork discoveredAttack exposedKing veryLong
bqltJ,kingsideAttack long
bs07n,mateIn1 mate oneMove
bsBKj,quietMove pawnEndgame veryLong
bsBvE,quietMove defensiveMove short
bsJXJ,pawnEndgame short
bsaaD,short
bsi1z,attraction sacrifice fork long
bslq7,pin short
bsnlR,skewer short
bsrS6,intermezzo short
btNu3,hangingPiece long
btgn0,deflection sacrifice long
btljV,fork long
btmKV,short
bty8i,fork short
bu0oy,quietMove short
bu3at,mateIn2 mate fork short
buAOB,discoveredAttack pin short
buHDS,short
buHRg,fork pin short
buUjD,hangingPiece short
buZAf,sacrifice kingsideAttack short
buc5k,advancedPawn promotion long
bumeo,short
buvPQ,short
bv0bg,fork short
bvHWR,quietMove short
bvHgS,exposedKing skewer long
bvmDF,short
bvsFB,hangingPiece short
bwFPz,mateIn1 mate queenEndgame oneMove
bxZEJ,mateIn1 mate kingsideAttack oneMove
bxkts,mateIn1 mate oneMove
bxs4g,skewer queenEndgame short
by1A1,short
by2if,fork short
by5vH,sacrifice kingsideAttack long
by7bw,skewer rookEndgame short
byEM2,mateIn2 mate kingsideAttack short
byPdQ,advancedPawn sacrifice promotion bishopEndgame long
bySDW,mateIn1 mate oneMove
bySQb,mateIn4 mate exposedKing queensideAttack veryLong
byqpj,quietMove short
byrey,long
bzAQm,mateIn1 mate attackingF2F7 oneMove
bzFes,mateIn1 mate oneMove
bzXsR,mateIn3 mate backRankMate long
bzaeK,mateIn1 mate oneMove
c0qI5,intermezzo short
c15U3,mateIn4 mate sacrifice veryLong
c1BKN,mateIn2 mate short
c1a3r,fork short
c1bg8,discoveredAttack short
c1lWn,long
c1vo3,mateIn2 mate backRankMate short
c26kr,mateIn1 mate oneMove
c2Chb,mateIn2 mate short
c3ODm,discoveredAttack short
c3QyC,advancedPawn quietMove pawnEndgame long
c3WBf,advancedPawn quietMove promotion long
c3bff,veryLong
c3cat,long
c3eEZ,mateIn2 mate kingsideAttack short
c4gAM,mateIn1 mate oneMove
c5FLf,skewer short
c5HXt,fork exposedKing clearance long
c61FX,hangingPiece long
c64qj,long
c6Iyv,mateIn1 mate oneMove
c6xJz,mateIn1 mate kingsideAttack oneMove
c73zM,short
c7DvU,long
c7Hso,mateIn1 mate kingsideAttack oneMove
c7Qbb,fork short
c7YFG,defensiveMove rookEndgame short
c7cs9,attraction kingsideAttack short
c7iey,defensiveMove veryLong
c89Pr,veryLong
c8GgD,short
c8NuQ,pin long
c8SXY,deflection advancedPawn promotion rookEndgame veryLong
c8k6b,short
c8l0p,hangingPiece short
c9AIa,mateIn2 mate short
c9nVi,intermezzo short
cA7u2,trappedPiece long
cAE9r,mateIn1 mate oneMove
cB2q8,mateIn1 mate queenRookEndgame oneMove
cBtQH,mateIn2 mate sacrifice clearance short
cBuZS,mateIn2 mate kingsideAttack short
cC8rx,defensiveMove long
cCQOP,mateIn1 mate queenRookEndgame oneMove
cCczQ,short
cCqaO,fork short
cDMhU,attraction sacrifice fork clearance long
cDf17,advancedPawn knightEndgame long
cDkfF,mateIn1 mate oneMove
cDlZW,fork short
cDpcF,mateIn1 mate oneMove
cDsxb,discoveredAttack long
cDzGa,mateIn2 mate advancedPawn short
cEZDF,mateIn1 mate kingsideAttack oneMove
cEiU3,discoveredAttack short
cEm3V,sacrifice long
cEnmQ,mateIn1 mate attackingF2F7 oneMove
cEpYN,mateIn1 mate rookEndgame oneMove
cEqcR,mateIn2 mate short
cEuyl,long
cF4qQ,long
cF6QY,mateIn3 mate exposedKing long
cFOxn,short
cFTZK,sacrifice pin long
cFX0t,mateIn2 mate short
cFX80,mateIn2 mate advancedPawn promotion short
cFYIK,bishopEndgame short
cFawd,mateIn1 mate oneMove
cFfwC,fork long
cFmiD,xRayAttack short
cGMk5,fork short
cGV69,mateIn2 mate short
cGVkG,short
cGiAd,mateIn2 mate short
cGqR3,quietMove long
cH5OQ,kingsideAttack short
cHB2A,mateIn2 mate deflection sacrifice pin short
cHKZ0,fork long
cHQkR,short
cHsPi,long
cIB02,mateIn1 mate oneMove
cIPEr,long
cIWDN,short
cIbFr,long
cIbOo,kingsideAttack long
cIk1P,long
cIrjk,mateIn1 mate attackingF2F7 oneMove
cJ60x,sacrifice short
cJHyR,mateIn1 mate kingsideAttack oneMove
cJRUL,short
cJb6S,mateIn3 mate long
cK57H,mateIn4 mate attraction veryLong
cKdVw,mateIn2 mate short
cKeFd,mateIn3 mate xRayAttack long
cKg83,mateIn1 mate oneMove
cKmuY,mateIn2 mate queenEndgame short
cKtB3,fork exposedKing long
cL4mF,mateIn2 mate short
cLETI,attraction exposedKing pin long
cLFPY,long
cLIMU,sacrifice discoveredAttack long
cLpxP,sacrifice discoveredAttack long
cM0nb,fork exposedKing long
cM4Ub,mateIn3 mate backRankMate queenEndgame long
cMBcS,hangingPiece long
cMLmi,mateIn1 mate oneMove
cNPtu,queensideAttack long
cNmhq,defensiveMove short
cNoUB,intermezzo short
cNrbx,mateIn1 mate kingsideAttack oneMove
cODee,mateIn2 mate sacrifice short
cOPGK,hangingPiece intermezzo long
cOigU,rookEndgame long
cOwwA,mateIn3 mate long
cP4Pz,exposedKing long
cP6Fq,long
cPVpg,mateIn2 mate backRankMate short
cPsg3,fork long
cQEDS,pin kingsideAttack short
cQVRV,mateIn2 mate short
cQapz,mateIn1 mate oneMove
cQjz1,fork short
cQmiY,veryLong
cR3t9,rookEndgame short
cR6yc,fork short
cRoyU,advancedPawn rookEndgame veryLong
cRqKo,long
cS3iH,fork long
cSCI1,mateIn2 mate clearance kingsideAttack short
cSCtk,short
cSSLs,short
cSWQu,mateIn1 mate backRankMate oneMove
cSbxF,defensiveMove short
cScSg,mateIn2 mate short
cSlmf,short
cSrI3,sacrifice discoveredAttack veryLong
cTAZC,fork long
cTAa0,xRayAttack short
cTHZX,advancedPawn exposedKing promotion long
cTPL7,mateIn2 mate deflection short
cTbVd,sacrifice discoveredAttack kingsideAttack long
cToRk,rookEndgame short
cTuNX,fork queenRookEndgame short
cU2Bi,fork short
cUFrZ,mateIn2 mate short
cUo0o,deflection pin short
cUziG,defensiveMove pawnEndgame veryLong
cVF1j,mateIn2 mate short
cVdet,quietMove defensiveMove bishopEndgame long
cVjXw,mateIn2 mate short
cVxLf,deflection exposedKing long
cWCoo,discoveredAttack exposedKing long
cWEtt,mateIn1 mate kingsideAttack oneMove
cWKNH,mateIn2 mate backRankMate queenRookEndgame short
cWRX7,short
cWXT2,fork long
cWlHn,fork long
cXMTG,pin short
cXOJO,short
cXX8b,mateIn1 mate oneMove
cXYjY,capturingDefender long
cXaSw,mateIn2 mate rookEndgame short
cXjtJ,long
cZAo5,fork short
caFqE,fork short
caQEA,deflection long
cbA4G,defensiveMove pin short
cbCXd,defensiveMove pawnEndgame long
cbDZZ,mateIn2 mate sacrifice short
cbU3w,mateIn2 mate kingsideAttack short
cbkk1,mateIn2 mate backRankMate short
ccOAr,short
ccVDM,mateIn2 mate rookEndgame short
cceg7,short
ccs0X,mateIn2 mate short
cd1jb,mateIn2 mate sacrifice short
ce6wR,quietMove defensiveMove hangingPiece veryLong
ceKJh,long
cevI4,short
cf7G1,mateIn3 mate backRankMate sacrifice long
cfUBA,mateIn1 mate oneMove
cfbsn,long
cff9K,defensiveMove pawnEndgame short
cg0p8,fork short
cg5HN,mateIn1 mate queensideAttack oneMove
cg6JY,advancedPawn long
cgJDH,short
cgNv5,mateIn1 mate oneMove
cgNwQ,xRayAttack long
cgPRm,mateIn3 mate discoveredAttack long
cgj6H,mateIn2 mate queensideAttack short
ch47h,attraction sacrifice veryLong
chX5S,long
ci93I,fork short
ciYjq,mateIn2 mate sacrifice kingsideAttack short
ciz6J,mateIn3 mate fork exposedKing long
cjOIr,sacrifice long
cjZGX,pawnEndgame long
cjbKz,advancedPawn bishopEndgame long
cjfZr,long
cjufT,deflection short
cjwQu,defensiveMove long
ck5CP,quietMove skewer long
ckGgi,mateIn2 mate kingsideAttack short
ckZvS,mateIn1 mate oneMove
cl2AK,mateIn2 mate short
clAo6,long
cledE,deflection long
clj8c,long
cll4I,mateIn1 mate oneMove
cloVH,mateIn1 mate oneMove
clyKE,exposedKing long
cm2W6,mateIn1 mate kingsideAttack oneMove
cm9V5,long
cmI5i,mateIn1 mate anastasiaMate oneMove
cmWAA,pin queenRookEndgame short
cmaPE,fork veryLong
cmeEb,mateIn2 mate attraction sacrifice kingsideAttack short
cmu2l,mateIn1 mate oneMove
cmvkm,advancedPawn quietMove clearance promotion short
cn6HS,attraction pin clearance long
cnCcv,skewer interference rookEndgame long
cnFox,short
cnHNh,deflection fork exposedKing long
cnKqc,deflection pin long
coKUv,mateIn1 mate oneMove
coXrM,mateIn3 mate long
cp2Yl,doubleCheck short
cpFKa,mateIn2 mate xRayAttack short
cpMWm,mateIn2 mate backRankMate short
cpQVG,discoveredAttack long
cplW7,fork veryLong
cpyv6,long
cqg0F,deflection exposedKing long
cqohk,short
cqx3Z,advancedPawn short
crC3d,fork long
crGnK,sacrifice discoveredAttack pin long
crRL3,mateIn1 mate oneMove
craAl,mateIn4 mate arabianMate deflection veryLong
crovZ,advancedPawn knightEndgame short
crslh,mateIn1 mate hangingPiece oneMove
crvmG,skewer short
csC86,pawnEndgame veryLong
csEw0,mateIn2 mate pin short
csFRB,deflection short
csZjX,fork veryLong
csghY,fork long
cslnX,mateIn1 mate oneMove
cssj8,mateIn3 mate attraction sacrifice exposedKing long
csuLg,deflection advancedPawn short
csy5Q,defensiveMove hangingPiece long
ctf8c,capturingDefender short
cuFv6,short
cuIHK,defensiveMove short
cuImC,short
cuJsQ,fork long
cuckm,long
cuffA,trappedPiece pin short
cul9b,mateIn1 mate advancedPawn promotion oneMove
cvTSp,mateIn2 mate kingsideAttack short
cvnXb,mateIn1 mate rookEndgame oneMove
cvzPF,mateIn3 mate deflection queensideAttack long
cw7EI,mateIn1 mate oneMove
cw7vt,long
cwD0W,kingsideAttack long
cwcnc,mateIn2 mate deflection short
cxiA9,mateIn1 mate backRankMate oneMove
cxmCL,mateIn1 mate kingsideAttack oneMove
cxoCn,mateIn2 mate hangingPiece short
cxq1J,mateIn2 mate short
cxwRW,fork short
cxxCg,mateIn1 mate rookEndgame oneMove
cyPMU,fork long
czAy1,deflection short
cziry,discoveredAttack short
czpbl,mateIn2 mate sacrifice clearance short
d0CS1,fork short
d0gtl,advancedPawn rookEndgame veryLong
d0iUA,xRayAttack pin short
d0lMK,long
d0tyf,defensiveMove rookEndgame long
d1Gym,advancedPawn short
d1eWs,quietMove exposedKing clearance long
d26Si,long
d2cl3,kingsideAttack short
d2dfV,mateIn2 mate short
d2o83,queenEndgame long
d2sLQ,long
d3Bqh,fork rookEndgame short
d3m4j,mateIn3 mate exposedKing queenRookEndgame long
d3p7j,mateIn2 mate deflection short
d4P4x,pin short
d4PkT,capturingDefender short
d4cRq,mateIn1 mate oneMove
d4kGz,queenEndgame short
d4y0B,mateIn2 mate hangingPiece short
d5bTd,mateIn1 mate oneMove
d5buU,fork short
d5dRw,short
d5hJ8,sacrifice exposedKing long
d6Fdv,rookEndgame short
d6Hvi,short
d6TxA,sacrifice pin long
d6sHk,pawnEndgame long
d7AyO,attraction sacrifice kingsideAttack short
d7G6x,mateIn2 mate short
d7IJz,deflection kingsideAttack short
d7jlH,short
d7sfs,mateIn2 mate kingsideAttack short
d81fj,mateIn3 mate quietMove long
d8GUx,mateIn1 mate attackingF2F7 oneMove
d8NPn,mateIn1 mate kingsideAttack oneMove
d8W9q,mateIn1 mate backRankMate queenRookEndgame oneMove
d8aLD,mateIn1 mate oneMove
d8x8q,short
d98MT,mateIn3 mate attraction sacrifice long
d9dO2,mateIn1 mate oneMove
d9ho0,fork long
d9juj,skewer rookEndgame short
d9zeR,mateIn1 mate oneMove
dA9yY,mateIn2 mate discoveredAttack kingsideAttack short
dACOU,rookEndgame short
dArhK,fork short
dB54d,mateIn2 mate advancedPawn promotion short
dBEqi,mateIn1 mate oneMove
dBM2I,mateIn2 mate short
dBqp6,fork short
dCCap,long
dChmD,short
dD2Qp,defensiveMove short
dD4HV,mateIn1 mate oneMove
dD59V,short
dD9v0,pin short
dDDQd,trappedPiece short
dDKKQ,short
dDX2T,deflection rookEndgame short
dDXNw,sacrifice fork veryLong
dE4jo,mateIn2 mate smotheredMate sacrifice kingsideAttack short
dEpQM,discoveredAttack long
dEyki,advancedPawn defensiveMove long
dFGUz,long
dFRNh,defensiveMove trappedPiece short
dFSdA,fork short
dFiln,long
dFlTz,mateIn1 mate oneMove
dGC9G,short
dGCCH,long
dGG7B,deflection interference long
dH7bb,fork long
dHEcj,short
dHdpi,exposedKing veryLong
dHgTg,defensiveMove clearance long
dI1x9,trappedPiece short
dI3IV,mateIn2 mate short
dISzq,sacrifice pin clearance long
dIa34,long
dIaCl,long
dIl9e,pin short
dIxpX,short
dJ04a,advancedPawn defensiveMove knightEndgame short
dJ18Y,mateIn1 mate oneMove
dJ4O8,mateIn1 mate queensideAttack oneMove
dJ5kV,mateIn1 mate attackingF2F7 oneMove
dJ7Mg,advancedPawn exposedKing promotion pawnEndgame veryLong
dJSzr,hangingPiece short
dJgQy,attraction sacrifice kingsideAttack long
dJlol,mateIn2 mate short
dJuhv,advancedPawn sacrifice veryLong
dKKqh,mateIn1 mate oneMove
dL84a,exposedKing long
dLTgu,mateIn1 mate oneMove
dLU15,mateIn3 mate sacrifice long
dLbQK,mateIn2 mate short
dMAh6,hangingPiece long
dMLZ7,short
dMLsh,mateIn2 mate sacrifice short
dMSE8,pin long
dMZyr,mateIn1 mate kingsideAttack oneMove
dMhc3,intermezzo short
dN1jn,mateIn2 mate short
dN79u,mateIn2 mate backRankMate short
dNSCN,mateIn1 mate oneMove
dNbdL,deflection short
dNg9O,capturingDefender long
dO12R,trappedPiece short
dO5VI,long
dO9Fk,exposedKing bishopEndgame veryLong
dOvNV,mateIn1 mate oneMove
dOvOu,mateIn1 mate oneMove
dP5PK,advancedPawn rookEndgame long
dPqGG,mateIn1 mate hangingPiece kingsideAttack oneMove
dPxvM,mateIn1 mate oneMove
dQEGg,mateIn3 mate collinearMove long
dQJTJ,fork short
dQPIJ,short
dQUoi,short
dQnsH,fork short
dQsGj,mateIn2 mate short
dRNmR,skewer long
dRQHi,fork short
dRSG4,advancedPawn sacrifice bishopEndgame short
dRai9,mateIn1 mate backRankMate oneMove
dRvrt,mateIn1 mate oneMove
dRySG,mateIn2 mate rookEndgame short
dS3jE,mateIn1 mate oneMove
dSB88,fork short
dSNJX,mateIn1 mate oneMove
dSPOQ,pin kingsideAttack long
dSSic,long
dT2Da,hangingPiece short
dT8Yx,pawnEndgame veryLong
dTEKg,defensiveMove pawnEndgame short
dTHhe,mateIn2 mate short
dTdHM,long
dUX7n,long
dUYCz,mateIn1 mate oneMove
dUfgN,short
dUoCK,intermezzo long
dV74e,discoveredAttack short
dV8d2,skewer rookEndgame short
dVRIo,deflection sacrifice intermezzo long
dVbTr,intermezzo short
dW2Wp,long
dW8zL,pawnEndgame long
dWS2H,mateIn1 mate oneMove
dXACS,mateIn2 mate short
dXL4T,pawnEndgame short
dXM2E,mateIn2 mate advancedPawn kingsideAttack short
dXuER,deflection advancedPawn kingsideAttack long
dXvbZ,short
dYpra,long
dYrvI,short
dYsn8,deflection sacrifice veryLong
dZmMo,short
dZwVK,mateIn1 mate hookMate oneMove
daEoB,mateIn2 mate rookEndgame short
daYMf,defensiveMove veryLong
db4sO,fork short
dbcFt,fork long
dc1jA,fork short
dd77z,quietMove long
ddHp0,advancedPawn exposedKing veryLong
ddLL0,mateIn2 mate deflection short
ddQ1X,fork short
ddU6F,discoveredAttack short
ddgZB,mateIn1 mate oneMove
ddoC2,mateIn2 mate backRankMate short
de4oh,rookEndgame long
deHPF,mateIn2 mate deflection kingsideAttack short
deHY4,mateIn2 mate short
dfSay,mateIn1 mate oneMove
dg3B2,defensiveMove fork long
dg5N4,mateIn1 mate oneMove
dgk2l,defensiveMove long
dgkP2,advancedPawn promotion rookEndgame long
dgszS,mateIn3 mate long
dgtPD,short
dh3bN,mateIn2 mate kingsideAttack short
dhCmd,mateIn1 mate oneMove
dhDTy,defensiveMove short
dhE8V,deflection sacrifice pin long
dhqcQ,fork short
dhv4b,mateIn1 mate doubleCheck oneMove
diBgx,mateIn1 mate oneMove
diBh2,mateIn2 mate backRankMate sacrifice short
dicJv,deflection advancedPawn exposedKing promotion long
digFH,long
dik9z,mateIn2 mate backRankMate short
dikRa,mateIn1 mate oneMove
dj2bB,fork short
djSqu,defensiveMove short
dkINy,discoveredAttack short
dl6Pl,fork discoveredAttack long
dlS6p,pin short
dlVFo,short
dlkUh,mateIn1 mate oneMove
dlyWm,rookEndgame long
dm5gO,mateIn1 mate oneMove
dm9OL,mateIn1 mate queenRookEndgame oneMove
dmjfi,deflection sacrifice discoveredAttack pin kingsideAttack veryLong
dn4oX,veryLong
dncWX,short
dnjZo,mateIn1 mate oneMove
dnrHo,mateIn3 mate long
dnuP0,quietMove pin veryLong
do1dX,exposedKing skewer kingsideAttack long
doMY6,advancedPawn quietMove exposedKing pawnEndgame long
dohFn,skewer short
dok5L,advancedPawn discoveredAttack long
dokvM,fork pin long
dp1w3,fork short
dpD7E,short
dpTeC,mateIn1 mate backRankMate oneMove
dqZ0w,advancedPawn promotion pawnEndgame long
dqZNQ,mateIn2 mate hangingPiece kingsideAttack short
dqiKG,skewer short
drNCO,quietMove pawnEndgame short
drNik,fork short
drapE,mateIn1 mate oneMove
ds6YQ,short
dsDlu,short
dsUAG,fork short
dt3uW,fork short
dtPaB,fork short
dtULC,skewer queenEndgame short
dtaus,fork short
dtmjH,fork short
duO7H,capturingDefender short
duquM,quietMove pawnEndgame long
dur2l,long
dvTya,long
dvk4X,discoveredAttack long
dw5cn,mateIn2 mate rookEndgame short
dw94V,mateIn2 mate backRankMate sacrifice short
dwHGI,mateIn3 mate rookEndgame long
dwi41,advancedPawn quietMove promotion veryLong
dwq0B,discoveredAttack short
dx3Mt,rookEndgame long
dx51e,sacrifice fork long
dx9ZQ,mateIn1 mate oneMove
dxOlM,intermezzo long
dxWWW,short
dxxTH,mateIn2 mate pin short
dyA8I,mateIn1 mate oneMove
dzAUv,long
dzDaH,queensideAttack short
dzQ37,mateIn2 mate fork short
e04E7,long
e0LKT,short
e0RV7,long
e0Ymk,mateIn2 mate short
e0ZHE,short
e11up,attraction exposedKing skewer long
e1foD,sacrifice skewer veryLong
e1jeZ,mateIn2 mate queensideAttack short
e23yr,mateIn2 mate backRankMate sacrifice short
e2Q45,pin short
e2T6s,mateIn2 mate backRankMate short
e2eIt,short
e2gEX,advancedPawn rookEndgame long
e3Ba2,short
e3XAb,mateIn1 mate oneMove
e3h7e,mateIn1 mate oneMove
e4KXX,mateIn1 mate hangingPiece kingsideAttack oneMove
e4LO4,sacrifice queensideAttack long
e4aM2,mateIn2 mate short
e4rsM,xRayAttack fork long
e4wQk,attraction sacrifice kingsideAttack short
e5PrO,advancedPawn promotion rookEndgame veryLong
e5XEF,mateIn5 mate attraction fork veryLong
e5sSV,fork short
e61Ae,quietMove defensiveMove pawnEndgame long
e63or,discoveredAttack long
e6F6m,mateIn2 mate short
e6ZoN,mateIn2 mate short
e6jhq,mateIn1 mate oneMove
e6vu7,mateIn1 mate kingsideAttack oneMove
e6yc4,mateIn1 mate kingsideAttack oneMove
e6z9H,discoveredAttack short
e7AZK,defensiveMove short
e7D0H,short
e7R18,fork short
e7bg0,attraction sacrifice kingsideAttack long
e7jxq,mateIn2 mate sacrifice queensideAttack short
e7rtZ,mateIn1 mate oneMove
e8lfa,fork short
e8rOk,advancedPawn rookEndgame short
e8tHB,fork short
e9VA7,hangingPiece short
e9hxB,fork short
e9ioQ,advancedPawn promotion knightEndgame long
e9lXd,queensideAttack long
eARFk,attraction sacrifice fork veryLong
eATti,fork long
eAvHO,mateIn1 mate backRankMate oneMove
eB2dZ,skewer long
eBDR1,short
eBJ7E,mateIn2 mate kingsideAttack short
eBVG2,long
eBktc,defensiveMove pin short
eBohj,interference long
eBuq8,mateIn1 mate oneMove
eCR1K,pin short
eCYQc,mateIn1 mate oneMove
eCqCE,mateIn1 mate oneMove
eD39c,long
eDHnf,defensiveMove fork long
eDKKp,short
eDQSu,long
eDuTB,doubleCheck sacrifice clearance long
eDz9S,mateIn1 mate oneMove
eE4oc,attraction fork exposedKing long
eEXQF,mateIn1 mate oneMove
eEuki,short
eFnZz,fork short
eFoBb,discoveredAttack pin short
eFpvQ,quietMove pawnEndgame short
eFxhK,pin short
eFzzi,mateIn2 mate kingsideAttack short
eGIvb,skewer rookEndgame long
eGMUi,deflection sacrifice pin short
eGVf7,attraction sacrifice short
eGWxd,long
eGfpE,hangingPiece long
eGkpr,mateIn1 mate oneMove
eGn6k,mateIn2 mate queensideAttack short
eGoX6,doubleCheck short
eGpls,long
eH5b9,mateIn1 mate oneMove
eHG1p,short
eHT9d,trappedPiece long
eHi0N,mateIn3 mate long
eHxtp,veryLong
eI2Mq,mateIn1 mate kingsideAttack oneMove
eI8hI,mateIn2 mate kingsideAttack short
eIJU0,mateIn2 mate short
eIKJV,discoveredAttack queensideAttack long
eIace,knightEndgame short
eIj8M,mateIn4 mate doubleCheck sacrifice veryLong
eIpnw,short
eJXj4,mateIn1 mate attackingF2F7 oneMove
eJpoK,discoveredAttack kingsideAttack long
eKVFM,short
eKbu1,mateIn1 mate queensideAttack oneMove
eKvLp,long
eLAWV,rookEndgame long
eLEOJ,pin short
eLbcl,fork long
eM2EB,mateIn3 mate long
eMS8L,quietMove short
eMe1t,short
eNHzU,mateIn2 mate short
eNQ2N,veryLong
eNfRj,quietMove veryLong
eNixG,trappedPiece short
eNqyh,fork short
eOJo1,fork long
eOgHI,short
eOop7,pin short
eP6Df,mateIn1 mate oneMove
ePRtt,skewer long
ePgjU,defensiveMove short
ePixF,short
ePtTt,discoveredAttack short
ePtnO,mateIn2 mate backRankMate rookEndgame short
ePznk,mateIn1 mate queensideAttack oneMove
eQ20G,short
eQijn,sacrifice skewer veryLong
eQoBs,discoveredAttack pin veryLong
eQvEv,advancedPawn bishopEndgame long
eR6Pd,skewer short
eRP9q,long
eRSZH,fork short
eRfqi,trappedPiece collinearMove clearance long
eRixT,short
eRjH4,mateIn1 mate oneMove
eRniR,mateIn2 mate sacrifice short
eS8VQ,mateIn1 mate oneMove
eSReG,long
eSazU,mateIn1 mate oneMove
eTPVF,mateIn2 mate queensideAttack short
eTRfB,mateIn2 mate sacrifice short
eTkve,queenEndgame short
eTl8o,fork short
eTopo,fork short
eU7gR,pin long
eUros,attraction sacrifice kingsideAttack long
eV98I,long
eVSd1,short
eVdrH,skewer long
eVfDV,exposedKing veryLong
eW2JU,mateIn2 mate pin kingsideAttack short
eWDBz,defensiveMove pawnEndgame short
eWNm8,pawnEndgame short
eWPYU,mateIn1 mate kingsideAttack oneMove
eWpq1,advancedPawn clearance rookEndgame long
eWwkM,mateIn3 mate attraction sacrifice exposedKing long
eX4e8,mateIn1 mate queensideAttack oneMove
eXB8A,mateIn2 mate deflection sacrifice kingsideAttack short
eXptQ,fork long
eXs1E,fork short
eYHjh,short
eYUCk,pawnEndgame long
eYd32,defensiveMove hangingPiece short
eZ8qq,advancedPawn defensiveMove fork knightEndgame long
eZ9n5,short
eZUGD,mateIn1 mate queenRookEndgame oneMove
eZb2M,mateIn3 mate rookEndgame long
eZmb0,attraction fork long
eZniL,mateIn1 mate oneMove
eZszZ,mateIn3 mate kingsideAttack long
ea8le,mateIn2 mate sacrifice short
eaP8A,clearance queensideAttack veryLong
eadh6,sacrifice skewer pin long
eadxg,advancedPawn promotion pawnEndgame long
eafpA,sacrifice discoveredAttack kingsideAttack long
eb6Am,mateIn1 mate oneMove
ebHwM,mateIn1 mate kingsideAttack oneMove
ebQxP,fork short
ebgAw,long
ebmVt,advancedPawn defensiveMove long
ec2bO,short
ecIiF,mateIn1 mate oneMove
ecJDB,mateIn2 mate advancedPawn kingsideAttack short
ecNbJ,short
ecQnn,pin short
ecUKF,mateIn2 mate rookEndgame short
ecglP,quietMove pawnEndgame veryLong
edFd3,exposedKing long
edM88,mateIn1 mate kingsideAttack oneMove
edSsD,quietMove veryLong
edam0,rookEndgame long
eds2p,short
ee8et,deflection short
eeDG3,mateIn2 mate backRankMate sacrifice xRayAttack short
eeTD5,pawnEndgame long
eeULL,long
eeV0Y,mateIn1 mate oneMove
eee3p,mateIn2 mate short
eezyQ,mateIn1 mate backRankMate hangingPiece oneMove
ef4As,sacrifice exposedKing veryLong
ef5vT,mateIn1 mate hangingPiece kingsideAttack oneMove
ef8gv,sacrifice veryLong
efOEP,long
efUlS,long
efbJb,skewer bishopEndgame short
egTGA,short
egZ5H,kingsideAttack short
egau5,kingsideAttack short
egngu,rookEndgame long
egsaZ,mateIn1 mate oneMove
eh43N,sacrifice clearance short
ehVI4,mateIn3 mate deflection pin long
eheUJ,defensiveMove clearance long
ehkuA,mateIn1 mate oneMove
eho9x,fork short
ehrU6,mateIn1 mate oneMove
ehz8b,mateIn2 mate deflection short
ei7Zf,mateIn1 mate oneMove
eiL5q,quietMove short
eifWW,defensiveMove pin long
eiqwf,mateIn1 mate oneMove
eirpc,long
ejOm8,short
ejeUV,quietMove pawnEndgame long
ek9S3,mateIn2 mate backRankMate rookEndgame short
ekJaF,sacrifice kingsideAttack short
ekiOL,pin short
ekv7k,pin kingsideAttack long
el1oJ,mateIn1 mate oneMove
el4wJ,long
el6L4,quietMove short
elC5T,kingsideAttack long
elFxt,mateIn2 mate short
elGLb,intermezzo queensideAttack long
elKYy,mateIn2 mate backRankMate short
elNQQ,skewer long
elSIv,mateIn3 mate attraction deflection sacrifice long
elXWK,pin short
elmbK,mateIn1 mate oneMove
em6YB,defensiveMove long
emDew,mateIn1 mate oneMove
emYKs,quietMove defensiveMove short
ema5c,mateIn1 mate oneMove
emguG,rookEndgame long
enGMp,mateIn2 mate quietMove short
enKOv,fork discoveredAttack short
enKxf,fork short
enL4x,rookEndgame long
enUtq,mateIn3 mate exposedKing long
enVlO,mateIn1 mate oneMove
enWfr,mateIn1 mate kingsideAttack oneMove
enY0Y,advancedPawn rookEndgame veryLong
enYTG,skewer queenRookEndgame short
enfxq,mateIn1 mate oneMove
enyEZ,mateIn1 mate oneMove
eoA1W,mateIn2 mate short
eoZVE,long
eodEw,mateIn3 mate pin long
eokkc,bishopEndgame short
eol1Y,skewer rookEndgame veryLong
eol2l,long
eowVr,mateIn3 mate discoveredAttack exposedKing long
eoxdR,mateIn2 mate short
ep0Mj,hangingPiece short
epNhs,pin veryLong
epaU4,mateIn2 mate short
epiNC,mateIn1 mate backRankMate oneMove
epvNz,discoveredAttack short
eqE4U,advancedPawn defensiveMove knightEndgame long
eqHhM,hangingPiece short
eqHqS,attraction sacrifice skewer veryLong
eqJWi,intermezzo pin short
eqX6Q,mateIn1 mate oneMove
eqcNY,mateIn1 mate oneMove
eqmeX,sacrifice discoveredAttack kingsideAttack short
eqv9K,mateIn1 mate oneMove
erF5F,hangingPiece pin kingsideAttack short
erIKv,mateIn2 mate backRankMate short
erJGk,mateIn1 mate oneMove
erVvg,mateIn1 mate kingsideAttack oneMove
erqLF,mateIn2 mate pin short
erwco,advancedPawn defensiveMove long
es23B,fork short
esUhA,bishopEndgame short
esdLP,mateIn1 mate arabianMate oneMove
esrdI,discoveredAttack kingsideAttack veryLong
etGaT,sacrifice fork long
etIoY,mateIn2 mate short
etlcG,rookEndgame short
etlcI,veryLong
ev8co,fork short
evKQW,exposedKing long
evOvN,mateIn2 mate deflection short
evXsj,mateIn3 mate attraction sacrifice fork long
evc79,sacrifice pin short
evikZ,mateIn2 mate short
evvWw,mateIn1 mate oneMove
evya3,mateIn1 mate oneMove
ewEyk,mateIn2 mate queensideAttack short
ewYZb,fork long
ewmld,pin short
ewnTZ,fork long
ewqVM,long
ex1Jx,defensiveMove short
ex6TV,mateIn3 mate attraction sacrifice kingsideAttack long
exbFD,fork queenRookEndgame short
exuDJ,short
eyLCk,fork exposedKing long
eyLr6,mateIn2 mate backRankMate sacrifice short
ez4Vj,mateIn1 mate oneMove
ez8h7,long
ezPKY,mateIn2 mate sacrifice clearance kingsideAttack short
ezimI,fork long
ezjqb,mateIn1 mate oneMove
ezkBN,short
ezlj3,short
ezzFK,attraction short
f068f,deflection discoveredAttack exposedKing skewer veryLong
f0Tfv,advancedPawn sacrifice veryLong
f0Tws,long
f0ctg,mateIn1 mate smotheredMate pin oneMove
f0hOx,kingsideAttack long
f0lzt,mateIn2 mate short
f0qqW,short
f16cc,mateIn1 mate kingsideAttack oneMove
f18x2,mateIn1 mate knightEndgame oneMove
f1OH5,mateIn2 mate deflection short
f1Skt,deflection short
f1q2A,mateIn1 mate smotheredMate pin oneMove
f1wc6,mateIn1 mate oneMove
f29rl,mateIn1 mate attackingF2F7 oneMove
f3Idu,intermezzo long
f3g0Z,mateIn2 mate attackingF2F7 short
f3w7K,long
f4GaP,short
f4KwD,mateIn2 mate short
f4wqa,fork long
f5pSr,advancedPawn defensiveMove rookEndgame short
f6Luv,deflection pin long
f6lST,advancedPawn fork promotion long
f78EY,discoveredAttack kingsideAttack short
f7VY8,kingsideAttack long
f7ilW,hangingPiece discoveredAttack short
f7jlU,discoveredAttack short
f7wD3,fork short
f7yMt,long
f8eWL,advancedPawn pawnEndgame long
f8r19,mateIn2 mate backRankMate short
f8uIc,mateIn1 mate oneMove
f94C5,long
f9qH0,fork short
f9z2O,mateIn2 mate backRankMate rookEndgame short
fA4yz,defensiveMove short
fADz0,skewer rookEndgame short
fAao4,mateIn1 mate kingsideAttack oneMove
fArVC,mateIn2 mate rookEndgame short
fB7An,short
fBcED,mateIn1 mate smotheredMate oneMove
fBdy8,mateIn2 mate backRankMate short
fCFDx,sacrifice discoveredAttack pin long
fCGiW,mateIn2 mate backRankMate sacrifice short
fCT2s,mateIn2 mate bodenMate sacrifice queensideAttack short
fCsrh,mateIn2 mate short
fCyML,mateIn5 mate exposedKing veryLong
fCzBW,fork short
fDI3b,pawnEndgame long
fDKsE,capturingDefender short
fDnE8,intermezzo short
fDp2e,mateIn2 mate short
fDpvA,fork short
fE0Nu,fork short
fEIbV,quietMove defensiveMove pawnEndgame short
fEMqj,mateIn3 mate advancedPawn kingsideAttack long
fERPR,mateIn1 mate oneMove
fEScU,sacrifice veryLong
fEggP,advancedPawn defensiveMove rookEndgame long
fEidf,rookEndgame short
fEmpx,pin short
fEoLg,mateIn1 mate oneMove
fFFPo,mateIn3 mate backRankMate sacrifice long
fFFea,mateIn2 mate attraction advancedPawn promotion kingsideAttack short
fFLm1,mateIn2 mate rookEndgame short
fFPbm,long
fFWGb,rookEndgame short
fFfFA,mateIn1 mate oneMove
fG4fZ,short
fGY3z,mateIn2 mate short
fHEct,mateIn1 mate kingsideAttack oneMove
fHLuF,mateIn1 mate oneMove
fHcSE,sacrifice fork veryLong
fHjj7,long
fIC50,attraction long
fIFIL,mateIn2 mate backRankMate queenRookEndgame short
fIVN5,mateIn1 mate kingsideAttack oneMove
fIkwk,mateIn1 mate queensideAttack oneMove
fIxZb,mateIn2 mate short
fJJ15,short
fJPkj,mateIn1 mate oneMove
fJvN6,defensiveMove short
fJxyc,mateIn1 mate oneMove
fK4q0,knightEndgame short
fK7AW,advancedPawn long
fKfY6,mateIn1 mate oneMove
fKofU,advancedPawn pin promotion short
fKtjz,pawnEndgame long
fL5jo,mateIn2 mate backRankMate short
fLCqj,long
fLEZM,mateIn1 mate oneMove
fLPDM,quietMove knightEndgame short
fLPRh,mateIn1 mate oneMove
fLbxN,mateIn2 mate rookEndgame short
fLqQN,defensiveMove short
fM2js,deflection long
fMEIl,fork short
fMFUf,mateIn1 mate oneMove
fMPNR,mateIn2 mate backRankMate short
fMkW1,mateIn2 mate deflection discoveredAttack rookEndgame short
fN5DV,quietMove bishopEndgame long
fN79t,mateIn2 mate kingsideAttack short
fN95Z,mateIn2 mate backRankMate short
fNSjl,short
fNeVq,long
fNh8a,advancedPawn short
fNnai,mateIn2 mate deflection discoveredAttack short
fO9uX,short
fOBEB,kingsideAttack short
fOKoH,mateIn3 mate advancedPawn sacrifice long
fONnG,mateIn1 mate hookMate oneMove
fP25U,mateIn2 mate short
fPaxY,quietMove long
fPuPa,hangingPiece long
fPwoY,attraction exposedKing veryLong
fQ2JJ,deflection short
fQ5sw,fork short
fQF9n,pin rookEndgame long
fQW20,intermezzo rookEndgame short
fR4QG,advancedPawn promotion rookEndgame short
fR5KG,mateIn2 mate backRankMate rookEndgame short
fREUW,mateIn1 mate hookMate oneMove
fRW7H,long
fRgg6,mateIn1 mate kingsideAttack oneMove
fRliV,mateIn2 mate backRankMate short
fSEBw,long
fSUe1,defensiveMove rookEndgame short
fSa8w,attraction sacrifice fork pin long
fStnt,mateIn1 mate oneMove
fT6cG,mateIn2 mate short
fTFAr,deflection rookEndgame short
fTGzy,attraction fork long
fTLcz,mateIn2 mate kingsideAttack short
fTMLo,quietMove long
fTkPj,short
fTl3O,mateIn2 mate short
fU3ud,skewer queenRookEndgame long
fUPkZ,short
fUVwr,quietMove knightEndgame long
fUsUC,kingsideAttack long
fV01N,advancedPawn quietMove veryLong
fVCWi,mateIn1 mate rookEndgame oneMove
fVRhg,advancedPawn knightEndgame long
fVYi0,mateIn1 mate oneMove
fVxr5,mateIn2 mate queenRookEndgame short
fWCYG,mateIn2 mate kingsideAttack short
fWLGD,sacrifice veryLong
fWZg9,short
fWofs,deflection fork short
fWq71,short
fX7dW,veryLong
fXF7U,rookEndgame long
fXFDp,exposedKing long
fY93e,mateIn1 mate oneMove
fYI6B,attraction queensideAttack long
fYLz7,mateIn1 mate rookEndgame oneMove
fYRHx,sacrifice discoveredAttack queensideAttack long
fYsNB,rookEndgame short
fZBqG,defensiveMove pawnEndgame short
fZFZC,defensiveMove long
fZbzX,exposedKing veryLong
fZr5R,mateIn2 mate short
fZz3m,mateIn1 mate backRankMate oneMove
fa1Pk,mateIn2 mate pin short
faTvx,deflection kingsideAttack veryLong
fakAi,defensiveMove rookEndgame long
fawS0,mateIn1 mate oneMove
fb4M1,long
fbBn2,short
fbFZZ,defensiveMove queenEndgame short
fbMkv,fork short
fbSYS,fork long
fbiPE,advancedPawn quietMove promotion pawnEndgame veryLong
fbj7E,pawnEndgame short
fbjmY,pin short
fc2sw,mateIn1 mate kingsideAttack oneMove
fcROi,deflection long
fcTny,mateIn3 mate kingsideAttack long
fcmUv,short
fd8sz,short
fdIoQ,mateIn1 mate queensideAttack oneMove
fdVDR,clearance short
fdcMz,advancedPawn quietMove rookEndgame long
fdw95,mateIn2 mate rookEndgame short
feDDw,advancedPawn defensiveMove pawnEndgame long
feE8f,defensiveMove rookEndgame short
feRbD,fork short
feafg,veryLong
fehb0,pawnEndgame long
feofE,fork short
fexld,mateIn3 mate backRankMate sacrifice long
ff0Ai,fork short
ffEGo,mateIn1 mate oneMove
ffQha,advancedPawn long
ffQvW,defensiveMove pin long
ffXdJ,skewer short
ffagN,bishopEndgame short
ffioR,mateIn1 mate kingsideAttack oneMove
fgEAB,pin short
fgZd1,long
fgb2B,mateIn1 mate oneMove
fgc4w,mateIn2 mate pin short
fgmcx,long
fgn6e,quietMove veryLong
fgtUz,advancedPawn veryLong
fgvTY,defensiveMove short
fh85n,mateIn2 mate sacrifice clearance kingsideAttack short
fhBup,short
fhbtG,mateIn2 mate short
fhecg,mateIn2 mate backRankMate short
fhkyP,mateIn1 mate oneMove
fjEP6,mateIn2 mate kingsideAttack short
fjFr8,deflection rookEndgame short
fjTE9,advancedPawn quietMove pawnEndgame long
fjchr,discoveredAttack short
fjiyE,long
fkKdH,discoveredAttack long
fkYLR,short
fkh8h,discoveredAttack kingsideAttack long
fkpQF,mateIn2 mate short
fkwW4,quietMove sacrifice kingsideAttack veryLong
flSn1,sacrifice rookEndgame long
flcwc,fork long
flz8D,defensiveMove exposedKing long
fm36Z,short
fmKiv,fork short
fmX01,pin short
fmX5i,mateIn1 mate kingsideAttack oneMove
fmcCW,sacrifice clearance kingsideAttack veryLong
fmlGI,advancedPawn short
fmzxB,mateIn1 mate oneMove
fn1v2,pawnEndgame short
fn8rX,mateIn2 mate short
fnElK,attraction fork long
fnJdZ,exposedKing long
fnKfC,mateIn3 mate backRankMate sacrifice long
fnvoM,mateIn2 mate kingsideAttack short
foQ7d,mateIn3 mate advancedPawn quietMove pawnEndgame long
foTji,short
foXO7,mateIn2 mate backRankMate sacrifice short
fol3M,long
fpBiA,discoveredAttack short
fpMC1,mateIn2 mate short
fpYuv,fork short
fq2kR,mateIn2 mate short
fq8KU,mateIn1 mate queenRookEndgame oneMove
fqCSh,advancedPawn quietMove promotion veryLong
fqFjX,mateIn1 mate oneMove
fqfxV,exposedKing skewer long
fqh1O,mateIn1 mate oneMove
fqtmJ,mateIn2 mate short
frQoQ,mateIn1 mate pin oneMove
fsGG6,fork short
fsJvN,mateIn2 mate fork short
fsLfC,mateIn2 mate attraction advancedPawn promotion short
fsXEz,short
fsvnQ,fork short
fsxCJ,attraction sacrifice exposedKing long
ft7WO,mateIn1 mate oneMove
ftZED,advancedPawn sacrifice veryLong
ftwOi,rookEndgame long
fu6P7,mateIn1 mate kingsideAttack oneMove
fuFe1,pin short
fuKac,mateIn2 mate short
fuf8E,kingsideAttack short
fuiaG,advancedPawn promotion rookEndgame long
fumaO,attraction deflection sacrifice pin kingsideAttack veryLong
fuxzY,mateIn2 mate short
fvARO,queenRookEndgame short
fvIvP,short
fvPlP,sacrifice short
fvRMe,kingsideAttack long
fvUiq,pawnEndgame short
fw2wT,mateIn1 mate kingsideAttack oneMove
fwJzl,mateIn2 mate short
fwXYl,fork exposedKing long
fwlyP,attraction deflection sacrifice kingsideAttack long
fxEg6,short
fxMlX,mateIn1 mate oneMove
fxMsR,rookEndgame long
fxSbA,short
fxhY8,short
fxpFY,short
fy8m1,discoveredAttack short
fycNS,intermezzo short
fzF0H,mateIn1 mate kingsideAttack oneMove
fzKzj,mateIn2 mate short
fzadx,mateIn1 mate oneMove
fzcqo,short
fzipS,mateIn2 mate sacrifice clearance short
g006N,mateIn2 mate kingsideAttack short
g02Lc,mateIn1 mate oneMove
g0gLD,mateIn2 mate short
g0hBW,attraction sacrifice kingsideAttack veryLong
g0s6K,defensiveMove short
g0scw,mateIn1 mate oneMove
g0zWn,short
g1UVo,discoveredAttack intermezzo long
g1jwe,mateIn1 mate oneMove
g1qgH,mateIn1 mate oneMove
g2P8t,mateIn1 mate oneMove
g2SF7,long
g2g2J,mateIn2 mate xRayAttack short
g2y42,advancedPawn promotion long
g33RF,attraction sacrifice veryLong
g38Xm,mateIn1 mate oneMove
g3RQI,defensiveMove hangingPiece long
g3ZX6,deflection defensiveMove long
g3dWX,mateIn1 mate oneMove
g3hBo,discoveredAttack exposedKing long
g3tNc,pawnEndgame veryLong
g4Fr3,short
g4Jr8,intermezzo rookEndgame short
g4PLb,defensiveMove clearance long
g4dM7,mateIn1 mate oneMove
g4hwy,fork short
g5ACd,rookEndgame veryLong
g5YSD,mateIn1 mate oneMove
g5rov,mateIn2 mate kingsideAttack short
g5wte,mateIn1 mate oneMove
g6dKY,mateIn1 mate oneMove
g6fHb,mateIn2 mate kingsideAttack short
g6fdt,mateIn2 mate pin short
g6kpq,bishopEndgame short
g6pZa,mateIn2 mate kingsideAttack short
g77G5,mateIn2 mate short
g7Pz3,advancedPawn defensiveMove queenEndgame long
g7TzP,short
g7opM,long
g80gs,mateIn1 mate oneMove
g8ETg,long
g8IeX,short
g8ZiM,long
g8iG2,short
g93It,mateIn2 mate hangingPiece kingsideAttack short
g93VR,skewer veryLong
g97dy,sacrifice kingsideAttack long
g98UM,mateIn3 mate exposedKing long
g9Dgl,short
g9HV7,attraction sacrifice skewer veryLong
g9UaC,long
g9zDc,mateIn3 mate backRankMate sacrifice long
gA1KA,pawnEndgame short
gA7Rq,rookEndgame short
gAEUY,deflection kingsideAttack long
gAKE1,mateIn3 mate backRankMate long
gARuf,mateIn1 mate oneMove
gAUT3,mateIn1 mate kingsideAttack oneMove
gAuQu,kingsideAttack short
gAxn5,fork short
gAz2R,advancedPawn pawnEndgame veryLong
gBADE,mateIn1 mate smotheredMate pin oneMove
gCCZK,long
gCDja,pin long
gCK7k,short
gCd6n,mateIn4 mate sacrifice fork veryLong
gD9dz,attackingF2F7 long
gDHGW,mateIn1 mate oneMove
gDRP7,mateIn1 mate oneMove
gDa6h,advancedPawn quietMove promotion pawnEndgame veryLong
gDajC,defensiveMove pin short
gDig0,mateIn1 mate rookEndgame oneMove
gE3To,mateIn1 mate kingsideAttack oneMove
gElOq,pin kingsideAttack short
gEwPN,sacrifice pin kingsideAttack long
gF1cO,short
gFIQ3,mateIn2 mate queensideAttack short
gFKyC,attraction fork exposedKing long
gFN2S,quietMove fork long
gFU31,kingsideAttack long
gFY4t,mateIn2 mate short
gFe0n,mateIn1 mate oneMove
gFrP9,mateIn1 mate oneMove
gFyWj,mateIn2 mate short
gGGBw,mateIn1 mate oneMove
gGHpQ,mateIn4 mate discoveredAttack kingsideAttack veryLong
gGLNf,short
gGSKT,mateIn1 mate kingsideAttack oneMove
gGcwE,quietMove long
gGdt9,mateIn2 mate kingsideAttack short
gGnSB,mateIn1 mate backRankMate oneMove
gH3ou,short
gHg8E,fork long
gHhyl,advancedPawn quietMove defensiveMove hangingPiece exposedKing veryLong
gHilp,pin long
gHk1H,mateIn2 mate deflection advancedPawn promotion queenEndgame short
gILnJ,mateIn3 mate backRankMate queenRookEndgame long
gIbot,short
gIkh3,mateIn1 mate pin oneMove
gInm6,short
gInuo,defensiveMove hangingPiece short
gIvha,deflection short
gJMhE,defensiveMove pawnEndgame short
gJbpW,mateIn1 mate hangingPiece oneMove
gJk0s,clearance short
gJk2o,mateIn2 mate short
gJnDF,mateIn1 mate oneMove
gJzOp,deflection skewer queenEndgame long
gK7Xe,discoveredAttack short
gKEgk,defensiveMove rookEndgame short
gKIAD,mateIn2 mate short
gKaxk,mateIn2 mate sacrifice clearance kingsideAttack short
gLpMO,attraction long
gLw8R,short
gMBUk,advancedPawn rookEndgame long
gMnnv,mateIn1 mate oneMove
gMzJ9,mateIn2 mate deflection short
gNCZJ,mateIn1 mate kingsideAttack oneMove
gNElz,mateIn2 mate kingsideAttack short
gNNdp,fork short
gNYE4,mateIn1 mate oneMove
gNYoy,mateIn2 mate rookEndgame short
gNd1r,discoveredAttack exposedKing long
gO1ly,defensiveMove long
gOAY1,quietMove long
gOTRQ,fork short
gOk3P,mateIn2 mate short
gP4uf,discoveredAttack short
gPRsC,deflection long
gPsal,fork short
gPyFY,pin short
gQC83,mateIn2 mate short
gQCfP,sacrifice kingsideAttack short
gQOhq,mateIn1 mate kingsideAttack oneMove
gQVmJ,defensiveMove short
gQc9D,mateIn1 mate kingsideAttack oneMove
gQijp,mateIn1 mate kingsideAttack oneMove
gQpWk,mateIn1 mate oneMove
gQxm4,intermezzo short
gR18l,fork long
gRAY2,attraction deflection exposedKing queensideAttack long
gRVHF,mateIn1 mate oneMove
gRp9O,mateIn2 mate fork short
gRtKz,mateIn1 mate oneMove
gS9XI,discoveredAttack short
gSPEu,mateIn2 mate hangingPiece short
gSQvF,fork long
gSVrA,mateIn3 mate sacrifice long
gSayk,fork long
gSr1E,fork veryLong
gSx5Q,short
gSy5R,skewer long
gT0Iz,hangingPiece intermezzo short
gT4XJ,mateIn1 mate kingsideAttack oneMove
gTIBM,defensiveMove rookEndgame short
gTcdL,trappedPiece short
gTi6m,mateIn1 mate kingsideAttack oneMove
gTku8,short
gU1V1,advancedPawn promotion rookEndgame veryLong
gU8jP,short
gUIqE,mateIn2 mate backRankMate short
gUIsv,mateIn1 mate oneMove
gUWN4,mateIn1 mate kingsideAttack oneMove
gUXHP,rookEndgame veryLong
gUp4I,pin long
gUtUQ,exposedKing skewer queensideAttack long
gUvGM,mateIn1 mate oneMove
gV2yX,exposedKing skewer long
gVDrE,defensiveMove discoveredAttack long
gVKff,fork long
gVV5K,kingsideAttack short
gVlzt,mateIn1 mate oneMove
gVnfQ,short
gVni5,intermezzo short
gVwWV,discoveredAttack short
gW707,mateIn1 mate oneMove
gW8hh,advancedPawn promotion queenEndgame long
gWNE0,mateIn1 mate queensideAttack oneMove
gWNgk,discoveredAttack short
gWSxx,mateIn2 mate sacrifice short
gWcqX,advancedPawn queenEndgame veryLong
gWzHd,veryLong
gXBbQ,trappedPiece short
gXL5V,mateIn3 mate kingsideAttack long
gXlUe,mateIn1 mate hangingPiece oneMove
gXzUT,fork short
gYPxG,mateIn3 mate sacrifice long
gYU7i,mateIn2 mate short
gYmXJ,hangingPiece veryLong
gZCaF,mateIn1 mate queenRookEndgame oneMove
gZHJg,mateIn1 mate hangingPiece oneMove
gZWsn,rookEndgame long
gZcSI,fork short
gZwU9,advancedPawn sacrifice short
gaB7D,mateIn1 mate oneMove
gaF0n,mateIn2 mate hookMate short
gaRJB,long
gaWLJ,long
gaZ0A,mateIn1 mate kingsideAttack oneMove
gacZQ,mateIn2 mate pin short
gauwB,mateIn3 mate long
gawiq,mateIn1 mate smotheredMate oneMove
gbFaX,defensiveMove skewer long
gbNPy,pin short
gbQV2,advancedPawn short
gbRTO,advancedPawn sacrifice promotion long
gbh6x,hangingPiece short
gbish,mateIn2 mate backRankMate rookEndgame short
gbonv,mateIn1 mate kingsideAttack oneMove
gbvV8,mateIn2 mate short
gcGXR,mateIn1 mate oneMove
gcJN4,hangingPiece discoveredAttack short
gcSLf,discoveredAttack short
gcSzZ,pin long
gcgfv,long
gcz4v,fork short
gd1ww,long
gdNR3,mateIn2 mate backRankMate short
gdPfx,mateIn1 mate oneMove
gdRAI,pin short
gdfXh,veryLong
ge7vY,deflection advancedPawn intermezzo promotion long
ge8rw,defensiveMove long
geIj5,mateIn4 mate deflection sacrifice veryLong
geRtL,mateIn1 mate rookEndgame oneMove
geXe9,fork short
gebhG,mateIn1 mate kingsideAttack oneMove
gfA5F,long
gfAfm,long
gfT8F,fork short
gfp4X,mateIn2 mate advancedPawn promotion kingsideAttack short
gfq66,mateIn2 mate backRankMate short
ggajR,mateIn1 mate oneMove
gglB5,quietMove long
ggpt2,pin short
ggx5i,fork long
gh1A3,mateIn2 mate short
ghCF3,mateIn1 mate oneMove
ghDP4,mateIn2 mate kingsideAttack short
ghDe1,deflection long
ghMtL,attraction sacrifice short
ghSmj,mateIn3 mate attraction sacrifice long
ghrYZ,attraction pin long
gi0w8,quietMove sacrifice veryLong
giAAH,mateIn3 mate backRankMate long
gjbjF,mateIn1 mate hangingPiece oneMove
gk5tk,mateIn1 mate oneMove
gkA7p,advancedPawn short
gkTOe,short
gkmRH,short
gkrrf,long
gkvWS,mateIn1 mate hangingPiece oneMove
gkzEW,quietMove sacrifice veryLong
gl2TA,advancedPawn promotion rookEndgame long
glA11,mateIn1 mate oneMove
glHk9,short
glJx1,short
glKtO,long
glOuT,advancedPawn long
glPdI,mateIn2 mate kingsideAttack short
gmRk6,advancedPawn promotion rookEndgame long
gmU52,quietMove long
gmeQe,mateIn1 mate pin oneMove
gmlBc,mateIn2 mate short
gneeq,queensideAttack short
gnzMn,pin short
go8Yc,deflection fork long
goVoX,discoveredAttack long
goi5M,pawnEndgame long
gp0XT,queensideAttack short
gp296,trappedPiece short
gpHzc,advancedPawn promotion rookEndgame long
gpfLE,defensiveMove queenRookEndgame short
gplXk,sacrifice pin long
gpxOA,mateIn1 mate oneMove
gqiRc,mateIn2 mate rookEndgame short
gqom3,pawnEndgame veryLong
gqtj3,advancedPawn promotion long
gr3S0,short
gr522,fork short
gr9ge,deflection queensideAttack short
grAbn,mateIn3 mate discoveredAttack pin long
grDPu,short
grE0r,mateIn2 mate fork short
grWoc,fork short
grc6d,mateIn1 mate rookEndgame oneMove
grs9s,mateIn3 mate queensideAttack long
gsFKp,advancedPawn intermezzo promotion short
gsHMy,mateIn1 mate oneMove
gsNhV,advancedPawn quietMove promotion veryLong
gsfKv,quietMove pawnEndgame long
gskMj,advancedPawn long
gsvuD,fork short
gt5ci,attraction sacrifice kingsideAttack veryLong
gtw2l,deflection fork long
gu23O,mateIn1 mate pin oneMove
guLNp,attraction defensiveMove sacrifice kingsideAttack long
guVRJ,fork long
guhnw,long
gv00a,sacrifice fork long
gv2lO,deflection pin short
gvRNe,deflection long
gvTIY,pin long
gw76e,mateIn1 mate oneMove
gw7Qr,pin short
gw8xP,discoveredAttack short
gwF17,long
gwJzG,mateIn2 mate advancedPawn promotion short
gwXVA,hangingPiece intermezzo short
gx3A6,mateIn1 mate kingsideAttack oneMove
gx4A5,short
gx6G4,fork long
gxkiX,mateIn1 mate kingsideAttack oneMove
gxv8i,collinearMove long
gymJX,deflection queenEndgame long
gysVa,mateIn1 mate advancedPawn promotion oneMove
gzFmt,mateIn1 mate kingsideAttack oneMove
gztB3,mateIn1 mate smotheredMate oneMove
gzzbX,sacrifice skewer intermezzo pin long
h0KvA,mateIn2 mate kingsideAttack short
h0Pen,hangingPiece short
h0vgx,defensiveMove rookEndgame short
h10lj,mateIn2 mate queenRookEndgame short
h1ERg,defensiveMove long
h1S9l,pin long
h1Vcj,short
h1fxQ,mateIn1 mate hookMate oneMove
h1rdk,short
h2EH0,mateIn2 mate backRankMate rookEndgame short
h2UJP,mateIn1 mate kingsideAttack oneMove
h2VSS,skewer queenEndgame short
h2qTE,long
h2qsF,mateIn2 mate hookMate discoveredAttack short
h2wzU,mateIn1 mate kingsideAttack oneMove
h30KY,mateIn1 mate hookMate oneMove
h38ln,short
h3Rju,advancedPawn quietMove veryLong
h3mJt,mateIn2 mate rookEndgame short
h3u3w,sacrifice fork collinearMove long
h4A99,short
h4Cc7,long
h4d4r,mateIn1 mate oneMove
h4eDl,advancedPawn queenEndgame long
h5KCd,long
h5SJK,sacrifice clearance veryLong
h5Tbj,short
h5UPG,mateIn2 mate backRankMate hangingPiece short
h5X9B,defensiveMove pin long
h5cEV,advancedPawn discoveredAttack promotion long
h64xP,mateIn2 mate short
h68g5,short
h6SWM,short
h6fpT,quietMove veryLong
h6i2U,queensideAttack short
h6mn6,mateIn1 mate hangingPiece oneMove
h711R,mateIn2 mate kingsideAttack short
h73Ix,mateIn1 mate kingsideAttack oneMove
h7AGA,pawnEndgame long
h7UUc,kingsideAttack short
h7hcy,long
h82Ne,attraction sacrifice fork long
h8L8o,fork long
h8MVt,short
h8SoK,mateIn2 mate deflection short
h9LbL,short
h9LvJ,mateIn2 mate backRankMate sacrifice short
h9Ua0,mateIn1 mate oneMove
h9eU6,mateIn1 mate oneMove
h9hcU,mateIn2 mate short
h9l3X,discoveredAttack long
hALGW,long
hAlVl,mateIn1 mate oneMove
hB0eJ,mateIn1 mate oneMove
hBFlf,fork short
hBJTD,defensiveMove hangingPiece short
hBSe6,fork long
hBXfM,mateIn1 mate oneMove
hBemd,short
hBlsA,advancedPawn pawnEndgame long
hC8Fg,quietMove long
hCGwM,sacrifice skewer intermezzo long
hCPmV,defensiveMove rookEndgame short
hD0gF,long
hDKQ4,mateIn3 mate backRankMate sacrifice long
hE8F5,long
hEE8y,mateIn1 mate kingsideAttack oneMove
hEKrR,short
hEgyD,pawnEndgame long
hErhp,mateIn2 mate kingsideAttack short
hEzhN,fork veryLong
hFLQF,short
hFQ3o,mateIn1 mate attackingF2F7 oneMove
hFnXt,mateIn1 mate oneMove
hFttN,mateIn2 mate short
hGYea,long
hGZPe,mateIn1 mate oneMove
hGfM4,short
hGiJH,fork short
hGmhu,pawnEndgame short
hHAOe,pin long
hHINx,long
hHNGI,mateIn1 mate hookMate oneMove
hHT6j,short
hHVqW,mateIn1 mate kingsideAttack oneMove
hHioz,mateIn1 mate arabianMate kingsideAttack oneMove
hHkmD,advancedPawn promotion veryLong
hHy61,mateIn1 mate oneMove
hIl4b,long
hIz0S,advancedPawn promotion bishopEndgame short
hJ1X2,discoveredAttack short
hJ4FF,mateIn1 mate oneMove
hJNZM,short
hJbB4,long
hJmpm,kingsideAttack short
hJogw,long
hJwkh,rookEndgame long
hK5yw,discoveredAttack short
hK7K1,quietMove veryLong
hKBd8,fork short
hKJzV,attraction deflection sacrifice kingsideAttack veryLong
hKNEo,mateIn1 mate oneMove
hKOCP,mateIn2 mate kingsideAttack short
hKir8,mateIn1 mate doubleCheck oneMove
hKqax,short
hKydc,deflection short
hL8fo,kingsideAttack short
hLJDu,short
hLU8a,mateIn2 mate discoveredAttack kingsideAttack short
hM1aX,mateIn1 mate backRankMate oneMove
hMT0E,mateIn1 mate oneMove
hMcfy,queensideAttack long
hMyEk,kingsideAttack short
hN24O,long
hNCBI,deflection sacrifice long
hNSK5,short
hNX5q,fork short
hO0Wj,fork exposedKing veryLong
hOlDi,mateIn2 mate sacrifice attackingF2F7 short
hOmZZ,veryLong
hOyhI,fork short
hP5mH,mateIn1 mate backRankMate hangingPiece oneMove
hPhf1,mateIn2 mate backRankMate short
hPn56,mateIn1 mate oneMove
hPvCB,quietMove rookEndgame veryLong
hQPJT,advancedPawn long
hQgc9,discoveredAttack kingsideAttack short
hR2ik,mateIn1 mate oneMove
hREMQ,short
hRI2V,deflection advancedPawn sacrifice exposedKing promotion rookEndgame long
hRJmb,mateIn1 mate oneMove
hRrkU,defensiveMove bishopEndgame short
hRzgC,sacrifice pin long
hS6u2,short
hSF3L,mateIn1 mate oneMove
hSQCH,mateIn1 mate oneMove
hSQe5,mateIn1 mate oneMove
hSSZM,defensiveMove long
hSi0W,mateIn3 mate backRankMate deflection pin long
hT9jR,defensiveMove long
hTTud,deflection discoveredAttack skewer long
hTYc9,mateIn2 mate arabianMate short
hTsNR,quietMove bishopEndgame long
hTtJK,mateIn3 mate attraction sacrifice kingsideAttack long
hU2gP,mateIn1 mate oneMove
hU34G,hangingPiece short
hUNgL,advancedPawn fork promotion long
hUldc,mateIn1 mate oneMove
hUozX,mateIn2 mate queensideAttack short
hUqec,fork pin long
hUt3k,mateIn1 mate oneMove
hVIe9,mateIn3 mate backRankMate sacrifice long
hVZ7N,defensiveMove short
hVuAH,advancedPawn kingsideAttack long
hVxER,advancedPawn promotion short
hW0UP,short
hW5hu,fork veryLong
hW8F0,mateIn1 mate oneMove
hW9E5,mateIn1 mate oneMove
hWT7M,fork discoveredAttack veryLong
hWVs2,short
hWyqY,short
hXF35,deflection long
hXKma,defensiveMove long
hXkWR,mateIn2 mate short
hXnir,long
hXukm,fork short
hXviC,fork long
hYHi4,fork long
hYjfg,mateIn1 mate kingsideAttack oneMove
hZBUQ,fork short
hZRqu,mateIn1 mate oneMove
hZS3L,mateIn1 mate oneMove
hZsGn,discoveredAttack long
haAFa,mateIn1 mate oneMove
haF5y,pin short
haO08,fork discoveredAttack long
haodZ,mateIn1 mate backRankMate oneMove
hatTF,pin short
hb1qR,mateIn1 mate oneMove
hb7OH,attraction kingsideAttack short
hbJwl,mateIn2 mate short
hbYFG,deflection pawnEndgame long
hbnxx,short
hbyaj,pin long
hbzC5,advancedPawn rookEndgame long
hcO9L,sacrifice short
hcX9r,doubleCheck short
hcabP,mateIn1 mate hangingPiece kingsideAttack oneMove
hcfFs,mateIn2 mate short
hcfi6,mateIn1 mate oneMove
hckWY,mateIn2 mate short
hdDbU,long
hdHGt,mateIn1 mate queenRookEndgame oneMove
hdpgL,discoveredAttack pin short
hdwUW,exposedKing pin long
he6nP,mateIn1 mate oneMove
he6xn,pin short
heU73,fork long
heZ7m,mateIn1 mate oneMove
heaHX,fork exposedKing long
hecrV,short
hejcX,attraction long
hf5uI,long
hfZ9i,kingsideAttack short
hflBc,fork long
hg3lV,mateIn1 mate kingsideAttack oneMove
hgFnw,pin long
hgNVf,quietMove long
hgaTk,mateIn2 mate short
hgcna,short
hgjIP,knightEndgame short
hgrIe,mateIn1 mate rookEndgame oneMove
hgvfc,advancedPawn long
hhIe4,pin short
hhRr7,long
hhYnn,intermezzo attackingF2F7 short
hhaQ2,short
hiMqa,advancedPawn promotion pawnEndgame veryLong
hiSvw,advancedPawn discoveredAttack exposedKing promotion veryLong
hj1YS,skewer rookEndgame long
hj4Ct,mateIn1 mate kingsideAttack oneMove
hj8x4,mateIn3 mate backRankMate sacrifice long
hjBBj,mateIn3 mate sacrifice long
hjF2g,queensideAttack long
hjPbL,pin short
hjWr2,mateIn1 mate backRankMate oneMove
hk0RH,attraction sacrifice short
hk8G6,fork long
hki52,rookEndgame short
hkxCD,mateIn2 mate attraction sacrifice kingsideAttack short
hlJOd,mateIn1 mate kingsideAttack oneMove
hlh03,mateIn2 mate short
hllCV,fork short
hlt31,mateIn2 mate discoveredAttack short
hlzug,advancedPawn short
hmBkA,sacrifice fork veryLong
hmgDM,pin clearance long
hnCwF,hangingPiece long
hnYZR,mateIn1 mate oneMove
hnpDd,pawnEndgame short
hns7l,mateIn1 mate oneMove
hoKAL,mateIn1 mate oneMove
hopqu,exposedKing long
hp5ep,short
hpICm,mateIn1 mate oneMove
hpPJ8,deflection queenEndgame long
hpYrM,long
hpagO,pin short
hpzbQ,short
hqeMC,deflection pin veryLong
hqrJs,attraction defensiveMove fork veryLong
hqst3,mateIn2 mate kingsideAttack short
hqvEq,rookEndgame short
hr9Sd,mateIn2 mate short
hs8jU,mateIn1 mate oneMove
hsX6N,defensiveMove short
hsbWz,fork exposedKing long
hsfD7,mateIn1 mate oneMove
hsgB9,advancedPawn pin promotion rookEndgame short
hszRm,fork long
htLh6,enPassant pawnEndgame veryLong
hta3B,defensiveMove enPassant pawnEndgame veryLong
htkLf,mateIn5 mate sacrifice kingsideAttack veryLong
htqKJ,mateIn2 mate deflection short
hv2fK,quietMove short
hv76d,intermezzo capturingDefender short
hvF4N,long
hw5IW,mateIn3 mate long
hwJnC,rookEndgame short
hwpeF,mateIn2 mate doubleCheck short
hxLH3,advancedPawn short
hxgSd,quietMove pawnEndgame long
hxj9N,kingsideAttack short
hxrIg,fork discoveredAttack short
hy1pu,mateIn3 mate exposedKing long
hyGSQ,long
hyMRB,fork long
hySOv,fork short
hz8GI,skewer rookEndgame short
hzT7e,attraction defensiveMove sacrifice fork pin veryLong
hzgEo,mateIn1 mate oneMove
i06xQ,hangingPiece long
i0LXG,mateIn2 mate rookEndgame short
i0Ley,bishopEndgame short
i0Owd,pin long
i0aAn,attraction doubleCheck short
i18BW,attraction sacrifice fork long
i1cNh,mateIn1 mate hangingPiece oneMove
i1gJk,mateIn2 mate short
i212V,long
i2H94,deflection short
i2Mkn,short
i2NMj,sacrifice pin short
i2QyY,discoveredAttack short
i2aWB,mateIn3 mate attraction long
i2f3F,mateIn1 mate oneMove
i2tSD,mateIn1 mate oneMove
i3GUN,mateIn2 mate short
i3pc4,mateIn2 mate sacrifice short
i3vWZ,long
i3wgQ,sacrifice fork discoveredAttack long
i4d0X,pawnEndgame veryLong
i5JyM,attraction sacrifice fork long
i5QXY,fork short
i5TeZ,attraction sacrifice fork long
i5qny,mateIn1 mate kingsideAttack oneMove
i61kI,discoveredAttack exposedKing pin clearance veryLong
i6HbL,defensiveMove pawnEndgame short
i6UwQ,deflection trappedPiece veryLong
i6X08,mateIn2 mate clearance kingsideAttack short
i6Yf2,short
i6s0O,short
i77Yf,attraction fork veryLong
i7F9T,mateIn3 mate deflection long
i7YZx,mateIn2 mate backRankMate deflection discoveredAttack short
i7alv,long
i7gwD,mateIn2 mate sacrifice queensideAttack short
i7nzv,short
i86KM,quietMove veryLong
i8WwF,deflection fork hangingPiece exposedKing veryLong
i8tfC,queensideAttack short
i8vcZ,mateIn1 mate hangingPiece kingsideAttack oneMove
i9IzJ,fork short
i9om1,mateIn1 mate oneMove
iAIEx,short
iAcgB,mateIn3 mate attraction kingsideAttack long
iBITy,deflection short
iBL0i,mateIn3 mate attraction sacrifice kingsideAttack long
iBUba,mateIn2 mate intermezzo kingsideAttack short
iC6rh,fork exposedKing long
iC9Ov,advancedPawn defensiveMove promotion long
iCLqg,mateIn1 mate oneMove
iDLFP,trappedPiece long
iDWzy,mateIn2 mate rookEndgame short
iDg9m,defensiveMove long
iDhJv,defensiveMove trappedPiece short
iDqAA,mateIn2 mate hangingPiece short
iDtkZ,deflection advancedPawn kingsideAttack short
iE44r,defensiveMove pawnEndgame veryLong
iEKBJ,mateIn2 mate queenRookEndgame short
iEckv,mateIn1 mate hookMate oneMove
iF7DT,mateIn2 mate short
iFAM5,fork long
iFC1T,mateIn1 mate oneMove
iFGij,deflection exposedKing clearance long
iFSMl,defensiveMove rookEndgame long
iFjCt,mateIn2 mate backRankMate fork short
iGE7E,kingsideAttack short
iH0VD,mateIn1 mate oneMove
iH8KJ,mateIn2 mate short
iHEps,long
iHSut,mateIn3 mate sacrifice long
iHTTq,advancedPawn exposedKing long
iHy5A,fork short
iI5ut,fork short
iISCs,mateIn1 mate oneMove
iImVd,fork short
iIrgY,long
iItsl,sacrifice fork long
iIvHc,mateIn2 mate kingsideAttack short
iIyut,mateIn2 mate short
iJI0k,defensiveMove long
iJfob,mateIn2 mate backRankMate hangingPiece short
iJzCg,veryLong
iKLUA,long
iKY1H,mateIn4 mate sacrifice exposedKing veryLong
iKsey,skewer short
iKtgK,mateIn2 mate advancedPawn xRayAttack promotion short
iKxUi,mateIn1 mate kingsideAttack oneMove
iLHzz,discoveredAttack long
iLTsK,quietMove defensiveMove rookEndgame long
iLUat,short
iMAeM,pin long
iMBhb,skewer long
iMG1u,mateIn2 mate deflection short
iML73,fork short
iMWvw,mateIn2 mate sacrifice queensideAttack short
iMbTq,advancedPawn sacrifice rookEndgame short
iMkiD,fork short
iMsaR,exposedKing long
iMzgO,exposedKing long
iNHLL,mateIn1 mate kingsideAttack oneMove
iO0Nj,mateIn3 mate sacrifice long
iO4vQ,mateIn1 mate oneMove
iOROI,mateIn1 mate kingsideAttack oneMove
iOVWi,trappedPiece long
iOeBg,fork exposedKing long
iOykX,mateIn3 mate backRankMate sacrifice fork long
iPEkC,long
iPUgT,pawnEndgame long
iPfx7,short
iPi6U,fork short
iPtNW,mateIn2 mate deflection fork short
iQ06U,discoveredAttack short
iQ1pw,mateIn1 mate oneMove
iQ6RV,mateIn3 mate sacrifice long
iQ6rn,mateIn3 mate attraction advancedPawn kingsideAttack long
iQA3o,mateIn1 mate doubleCheck oneMove
iQHAd,fork short
iQn8I,long
iQoVf,short
iQxgI,sacrifice intermezzo long
iR4pD,mateIn3 mate long
iRR1a,mateIn3 mate attraction kingsideAttack long
iRTIJ,mateIn1 mate oneMove
iRahm,deflection short
iRmWp,fork discoveredAttack interference clearance long
iRzNy,mateIn2 mate short
iS62p,defensiveMove short
iSDmA,fork long
iSHGO,fork short
iSW5w,short
iTAP0,advancedPawn short
iTipm,hangingPiece veryLong
iTpOn,mateIn1 mate kingsideAttack oneMove
iUEPl,sacrifice intermezzo long
iUNlR,discoveredAttack kingsideAttack short
iUZJm,short
iUe3C,attraction advancedPawn promotion rookEndgame long
iUt3A,mateIn1 mate rookEndgame oneMove
iVQXz,attraction doubleCheck intermezzo kingsideAttack short
iVeLl,mateIn2 mate short
iVeNF,mateIn3 mate kingsideAttack long
iVejP,defensiveMove short
iW00W,mateIn1 mate oneMove
iWUyL,long
iXAsC,attraction sacrifice long
iXo5P,mateIn1 mate backRankMate oneMove
iYS1G,fork interference veryLong
iYUu1,attraction sacrifice kingsideAttack long
iYnXz,fork exposedKing long
iZ4fd,mateIn1 mate oneMove
iZ8lK,defensiveMove hangingPiece long
iZXlY,mateIn3 mate backRankMate sacrifice long
iZczX,advancedPawn promotion bishopEndgame short
iZf3y,rookEndgame long
iZfmc,clearance long
iZm2K,deflection skewer rookEndgame long
iZnA6,mateIn2 mate backRankMate rookEndgame short
iZpNP,short
iZrvM,mateIn2 mate short
ia7gR,mateIn4 mate discoveredAttack veryLong
iaN2w,advancedPawn defensiveMove short
iaOYf,rookEndgame short
iatUQ,rookEndgame short
ibKUq,mateIn2 mate backRankMate short
ibl6D,mateIn1 mate oneMove
ibrQJ,fork long
ibw48,mateIn1 mate rookEndgame oneMove
ibwHe,intermezzo long
ic1Av,sacrifice veryLong
icFqZ,short
idqhg,mateIn2 mate attraction short
ieB3y,mateIn2 mate clearance queensideAttack short
ieTdL,interference long
ieWbf,fork long
ievSS,mateIn1 mate oneMove
if9et,fork short
ifHix,queenEndgame short
ifpyC,defensiveMove long
ig2QC,fork short
ig68q,capturingDefender short
igNJp,hangingPiece short
igoIU,mateIn3 mate long
ih5nm,fork short
ih8dL,short
ihAPK,long
ihOWd,mateIn1 mate oneMove
ihREM,mateIn1 mate kingsideAttack oneMove
ihY1D,mateIn3 mate exposedKing long
ihZse,mateIn2 mate short
ihdLP,discoveredAttack short
ihnKi,exposedKing long
iiFfQ,attraction sacrifice short
iigDm,short
iijwV,mateIn1 mate oneMove
ijF5G,short
ijooq,advancedPawn long
ijrdw,fork short
ijwUZ,intermezzo capturingDefender short
ikRH4,mateIn2 mate short
ikTEh,mateIn2 mate short
ikUG5,short
ikeWC,defensiveMove short
ikgsU,mateIn1 mate oneMove
iktaX,long
ikur8,attraction quietMove sacrifice clearance kingsideAttack veryLong
ikwcG,mateIn1 mate kingsideAttack oneMove
ikyXr,mateIn2 mate short
ikzb7,attraction defensiveMove sacrifice long
il3uD,mateIn2 mate short
ilDhb,attraction sacrifice fork long
iloXf,pawnEndgame short
ilu3z,fork short
immVL,advancedPawn rookEndgame veryLong
in4VF,short
in78j,short
inQAO,mateIn2 mate short
inbmU,skewer long
inmep,attraction fork long
invqA,pin veryLong
io0aV,mateIn2 mate queenRookEndgame short
ioAXZ,capturingDefender short
iojN5,short
ipZnN,deflection long
ipgQk,mateIn2 mate kingsideAttack short
ipkPx,mateIn2 mate short
iq7LO,short
iqgY2,hangingPiece short
iqrwE,mateIn1 mate hangingPiece kingsideAttack oneMove
ir6OG,short
irBnq,fork short
irvXA,sacrifice fork exposedKing veryLong
is2RA,fork short
isCqG,long
isEgq,advancedPawn promotion rookEndgame veryLong
isa9W,short
it5pC,pawnEndgame long
itVkq,fork short
itcNM,advancedPawn discoveredAttack bishopEndgame short
itqXO,mateIn1 mate queenRookEndgame oneMove
ituW0,mateIn1 mate queenRookEndgame oneMove
iuDWc,defensiveMove short
iuQro,mateIn2 mate backRankMate sacrifice short
iuhVC,mateIn1 mate kingsideAttack oneMove
iujSY,mateIn1 mate backRankMate oneMove
iutK9,mateIn1 mate oneMove
iuxBW,mateIn3 mate sacrifice pin long
ivEc5,hangingPiece short
ivPAO,mateIn1 mate oneMove
ivYMa,mateIn1 mate hangingPiece kingsideAttack oneMove
ivZUO,mateIn1 mate oneMove
ivioS,mateIn3 mate backRankMate long
iw49H,mateIn2 mate backRankMate short
iw71b,long
iwFlt,advancedPawn veryLong
iwSHq,fork short
iwohP,quietMove short
iwpOD,pin kingsideAttack long
ixAKi,pin kingsideAttack short
ixWUK,short
ixpV4,skewer long
ixvc5,fork veryLong
iyE2n,advancedPawn short
iyGlb,exposedKing long
iyGmR,short
iydSF,clearance short
iykrf,mateIn2 mate pin kingsideAttack short
iyts6,mateIn2 mate kingsideAttack short
izAex,fork short
izSpE,skewer queenEndgame long
izgDx,mateIn1 mate hangingPiece queensideAttack oneMove
j0KyA,mateIn1 mate kingsideAttack oneMove
j0QmP,pin veryLong
j0Shn,fork veryLong
j0U6u,defensiveMove hangingPiece long
j0XLM,deflection fork discoveredAttack long
j1Em7,short
j1HK3,skewer long
j1HSw,quietMove defensiveMove long
j1KO7,mateIn1 mate rookEndgame oneMove
j1N1S,long
j1WoU,fork short
j1sNe,attraction sacrifice fork long
j2A7o,long
j2VCE,knightEndgame short
j2c7q,mateIn1 mate oneMove
j2l5i,mateIn3 mate sacrifice kingsideAttack long
j2mvs,pawnEndgame short
j30tR,long
j36KM,attraction sacrifice discoveredAttack kingsideAttack veryLong
j36uU,mateIn1 mate kingsideAttack oneMove
j3ceL,defensiveMove knightEndgame long
j3rJZ,mateIn2 mate kingsideAttack short
j44oB,exposedKing skewer long
j4Qxk,pin short
j4ZZb,mateIn2 mate kingsideAttack short
j4eDp,fork long
j4hkY,defensiveMove bishopEndgame short
j4kqo,fork long
j5922,fork long
j59EE,pawnEndgame short
j5Arw,skewer long
j5p2q,long
j6FTD,mateIn1 mate oneMove
j6Nd1,mateIn2 mate short
j6tmI,advancedPawn bishopEndgame long
j6vOr,discoveredAttack short
j7E8j,advancedPawn quietMove rookEndgame long
j7RG9,mateIn2 mate kingsideAttack short
j7hq3,kingsideAttack short
j8GxR,fork intermezzo short
j93Qx,discoveredAttack short
j97YQ,mateIn1 mate hangingPiece oneMove
j9dPQ,mateIn2 mate short
j9wfB,mateIn2 mate backRankMate short
jA0dW,mateIn3 mate deflection sacrifice long
jAaZd,mateIn2 mate short
jApM7,rookEndgame long
jBBS1,short
jBIWC,mateIn2 mate sacrifice short
jC0Fm,fork short
jCbWZ,mateIn2 mate rookEndgame short
jCsKW,bishopEndgame short
jDZpJ,mateIn2 mate advancedPawn short
jE4LS,mateIn1 mate oneMove
jEBP7,mateIn2 mate short
jEM5T,mateIn1 mate oneMove
jEMrg,mateIn4 mate attraction sacrifice fork exposedKing veryLong
jENID,long
jEmJT,mateIn1 mate queensideAttack oneMove
jEsAe,mateIn2 mate short
jFEMg,mateIn1 mate oneMove
jFI64,mateIn2 mate short
jFKT9,skewer rookEndgame long
jFZGX,short
jFsS1,discoveredAttack short
jGBFq,mateIn2 mate backRankMate short
jGGpX,long
jGgFR,pawnEndgame long
jH0qV,long
jHEza,mateIn2 mate short
jHQBo,short
jHU8d,sacrifice long
jIBIq,short
jIRI4,mateIn2 mate fork hangingPiece short
jJ02Z,mateIn1 mate oneMove
jJ2jG,short
jJ5NY,pin long
jJQdR,exposedKing veryLong
jJZsG,mateIn1 mate oneMove
jK15S,advancedPawn quietMove clearance promotion long
jK5ar,defensiveMove rookEndgame long
jKsPe,attraction deflection advancedPawn promotion veryLong
jKszi,fork long
jKu9y,mateIn3 mate attraction sacrifice long
jKw21,fork long
jLQYD,mateIn3 mate attraction doubleCheck sacrifice long
jLuDH,short
jMAaL,mateIn2 mate kingsideAttack short
jMRVS,short
jMs5e,short
jMt24,mateIn2 mate short
jN2La,veryLong
jN4yG,rookEndgame short
jNFR9,short
jNn4K,long
jOIBs,short
jPUpD,fork veryLong
jPZCv,long
jPoeW,fork long
jPuXI,hangingPiece intermezzo short
jPxIR,mateIn1 mate oneMove
jQElF,long
jQHJk,mateIn1 mate oneMove
jQWOr,skewer short
jQxBY,fork short
jQxNT,mateIn2 mate xRayAttack short
jRHgW,clearance long
jRWba,attraction deflection sacrifice fork discoveredAttack long
jS4HK,defensiveMove long
jS5XS,mateIn2 mate rookEndgame short
jSkSY,pin clearance long
jSqIy,mateIn3 mate sacrifice fork long
jT0Wp,mateIn1 mate oneMove
jTkvt,mateIn1 mate oneMove
jTpGL,short
jU61o,short
jURnS,defensiveMove hangingPiece kingsideAttack short
jV1Lo,quietMove knightEndgame long
jVnaH,pin short
jWB3t,mateIn1 mate oneMove
jWcQX,mateIn3 mate sacrifice kingsideAttack long
jWe1M,mateIn1 mate backRankMate hangingPiece oneMove
jXGVE,short
jXiZb,fork long
jXzqz,fork short
jY3Av,short
jYE6v,mateIn1 mate pin oneMove
jYIuH,mateIn1 mate oneMove
jYgam,sacrifice intermezzo pin kingsideAttack veryLong
jYjbG,short
jZAwz,fork long
jZW08,mateIn2 mate hangingPiece short
jZsk7,quietMove capturingDefender long
ja2yw,sacrifice fork discoveredAttack long
ja481,long
ja73T,discoveredAttack long
ja7Vv,short
ja9Bw,mateIn2 mate short
ja9og,fork short
jaK7t,short
jaTeG,mateIn2 mate short
jalWi,short
jb9aT,fork short
jbNaI,quietMove knightEndgame long
jbRdu,defensiveMove pawnEndgame veryLong
jbYTT,skewer long
jbl8D,pin long
jbwTG,fork short
jcSO6,short
jcayy,deflection fork short
jcg06,pawnEndgame short
jch0h,mateIn2 mate fork discoveredAttack short
jd2JC,attraction fork long
jd9Nv,pin short
jdNOe,mateIn4 mate attraction deflection sacrifice veryLong
jdUiU,mateIn2 mate short
jdV3g,skewer long
jdbmw,quietMove veryLong
jdf18,mateIn1 mate oneMove
jdrEb,mateIn3 mate sacrifice kingsideAttack long
jdvMJ,pin long
jeCC1,mateIn1 mate kingsideAttack oneMove
jesB7,mateIn1 mate hangingPiece oneMove
jf3xJ,mateIn1 mate oneMove
jf66F,discoveredAttack short
jfKT5,mateIn3 mate sacrifice long
jffHz,mateIn2 mate deflection discoveredAttack short
jfh0m,attraction sacrifice discoveredAttack long
jfkRw,skewer long
jgLlu,mateIn2 mate sacrifice kingsideAttack short
jgUiC,veryLong
jgllK,mateIn1 mate oneMove
jgsYb,mateIn1 mate oneMove
jhNRM,mateIn3 mate exposedKing long
jhP9M,short
jhb8I,hangingPiece short
jhqTS,long
jhsMk,defensiveMove long
jhwfg,mateIn1 mate oneMove
jiGd2,advancedPawn fork attackingF2F7 long
jiIxI,long
jibIE,fork veryLong
jikxA,pin veryLong
jjObj,short
jjqJr,mateIn2 mate short
jkCCT,mateIn2 mate hangingPiece short
jkH8n,trappedPiece short
jkM5U,defensiveMove rookEndgame short
jkT7W,short
jm2ws,deflection skewer rookEndgame long
jm9TY,short
jmI4l,short
jmJKS,fork long
jmTia,advancedPawn promotion short
jmdKl,mateIn1 mate oneMove
jmxJH,mateIn2 mate short
jnCAq,long
jnsHb,discoveredAttack kingsideAttack long
jo9e2,mateIn2 mate deflection rookEndgame short
joBin,discoveredAttack long
jofBO,mateIn1 mate oneMove
jokS6,quietMove pawnEndgame long
jokvn,discoveredAttack rookEndgame short
jp433,advancedPawn exposedKing veryLong
jpMIp,mateIn2 mate sacrifice kingsideAttack short
jphQo,fork short
jpv8Q,mateIn2 mate backRankMate rookEndgame short
jpyr7,mateIn2 mate short
jpzFI,mateIn2 mate sacrifice pin kingsideAttack short
jq3Ql,long
jqNmq,mateIn1 mate anastasiaMate oneMove
jr8uv,fork short
jrHZm,sacrifice discoveredAttack exposedKing long
jrcjb,mateIn3 mate long
jrsDr,deflection advancedPawn defensiveMove promotion veryLong
jrxRG,mateIn2 mate backRankMate queenRookEndgame short
jsLsW,xRayAttack rookEndgame long
jscna,sacrifice pin long
jt2FG,fork short
jtDuW,fork long
jtTfP,advancedPawn queenEndgame long
jtY9n,defensiveMove short
jtaTD,kingsideAttack short
jts6D,mateIn2 mate rookEndgame short
juH5a,fork short
juyoI,discoveredAttack intermezzo kingsideAttack long
jvpMQ,mateIn2 mate short
jw9Xg,mateIn1 mate oneMove
jwAso,rookEndgame short
jwEjn,mateIn1 mate smotheredMate pin oneMove
jwQhw,fork long
jwhw4,mateIn3 mate rookEndgame long
jwiIs,rookEndgame long
jwnTP,mateIn2 mate short
jwrYY,attackingF2F7 long
jwyRI,mateIn1 mate oneMove
jx0jk,short
jxGXw,fork short
jxLEv,intermezzo long
jxnMc,exposedKing skewer long
jy4t7,knightEndgame short
jyC7j,trappedPiece short
jyGMx,short
jyHCL,defensiveMove pawnEndgame short
jyRIg,interference long
jywOn,fork short
jz2xv,fork exposedKing skewer veryLong
jz5IE,fork short
jzIiI,deflection long
jzJrc,mateIn2 mate short
jzexh,mateIn1 mate hookMate oneMove
jzivw,long
jzle7,hangingPiece intermezzo short
jzo9F,mateIn2 mate short
jzzmG,bishopEndgame veryLong
k00A3,trappedPiece short
k0Au3,attraction fork pin veryLong
k0Ma2,short
k0et2,pin veryLong
k0lFY,short
k0m84,exposedKing pin veryLong
k1H1O,long
k1Xzw,mateIn2 mate short
k1ZtE,pin short
k1cWi,defensiveMove long
k1iYT,short
k1mTL,skewer rookEndgame short
k1zh2,defensiveMove short
k2t7D,queenEndgame long
k2xlX,mateIn2 mate short
k33bf,mateIn1 mate kingsideAttack oneMove
k38kJ,short
k3S6D,kingsideAttack short
k3o2j,mateIn2 mate backRankMate sacrifice short
k46JK,short
k48K9,long
k4psJ,short
k566d,mateIn1 mate rookEndgame oneMove
k5syL,long
k5zTQ,short
k66bx,discoveredAttack short
k67c7,advancedPawn short
k6B4Y,fork short
k6KT5,mateIn2 mate backRankMate rookEndgame short
k6KpX,mateIn2 mate backRankMate sacrifice short
k78Kr,advancedPawn fork skewer long
k7JD3,mateIn1 mate backRankMate oneMove
k7SQh,mateIn2 mate backRankMate sacrifice short
k7UXH,long
k7V8h,mateIn1 mate oneMove
k7szr,pin long
k7xvM,mateIn1 mate oneMove
k7zMR,mateIn2 mate kingsideAttack short
k87R8,long
k8bxZ,capturingDefender long
k8dgZ,fork short
k8n0r,mateIn1 mate doubleCheck oneMove
k90VK,pawnEndgame veryLong
k918i,mateIn2 mate short
k9oL0,hangingPiece short
kA3M6,deflection short
kAJtK,mateIn1 mate kingsideAttack oneMove
kAYHt,long
kAsYY,sacrifice short
kB4tw,rookEndgame short
kBTVq,long
kBbyt,mateIn1 mate oneMove
kBjgE,fork short
kBmX6,defensiveMove knightEndgame short
kC9Mm,mateIn1 mate oneMove
kCcN7,attraction sacrifice fork long
kDS4K,fork discoveredAttack rookEndgame long
kDbjC,advancedPawn promotion short
kDkFh,mateIn2 mate backRankMate short
kE2fN,short
kE2rK,short
kETPS,attraction kingsideAttack short
kEUxg,mateIn2 mate short
kEks1,mateIn1 mate oneMove
kErfy,short
kEufw,defensiveMove long
kF08p,mateIn1 mate hangingPiece oneMove
kF59N,mateIn1 mate oneMove
kFMj8,defensiveMove short
kFMl7,advancedPawn promotion rookEndgame veryLong
kFSfM,mateIn1 mate queensideAttack oneMove
kFYUf,trappedPiece short
kFafy,mateIn2 mate queenEndgame short
kFpul,mateIn2 mate short
kGOii,pin short
kGOxN,pin short
kGg4W,fork hangingPiece long
kHQQw,discoveredAttack pin short
kIBeq,quietMove fork veryLong
kIECJ,long
kILQm,long
kIWPh,skewer short
kIgft,advancedPawn defensiveMove promotion veryLong
kIm1u,mateIn1 mate oneMove
kJVKH,mateIn2 mate kingsideAttack short
kJrr8,fork short
kK8AD,mateIn1 mate oneMove
kK8tr,attraction deflection exposedKing long
kKILP,fork skewer veryLong
kKPSg,mateIn1 mate oneMove
kKo6L,mateIn1 mate hangingPiece kingsideAttack oneMove
kKrlq,pawnEndgame long
kL3Xn,mateIn2 mate discoveredAttack pin kingsideAttack short
kLWSk,quietMove pin short
kLiAW,kingsideAttack long
kLsp8,mateIn2 mate rookEndgame short
kMBkR,mateIn1 mate kingsideAttack oneMove
kMBl2,fork short
kML7J,mateIn3 mate sacrifice fork exposedKing long
kMRna,mateIn2 mate rookEndgame short
kNGSN,pawnEndgame short
kNS9r,mateIn1 mate rookEndgame oneMove
kNXTv,attraction long
kNgyq,discoveredAttack short
kNmHM,mateIn2 mate sacrifice kingsideAttack short
kO08F,quietMove short
kOBrt,mateIn2 mate short
kODFV,mateIn3 mate attraction sacrifice long
kONv8,mateIn2 mate short
kOi8O,long
kOvZ4,mateIn2 mate short
kOvpU,mateIn1 mate oneMove
kP0Hg,bishopEndgame long
kPLeU,mateIn3 mate attraction sacrifice kingsideAttack long
kQAon,defensiveMove short
kQCDJ,mateIn2 mate short
kQRhh,deflection long
kQarR,kingsideAttack short
kQkW6,long
kR5Qh,short
kS4yM,advancedPawn promotion short
kS8TK,short
kSm6u,fork discoveredAttack long
kTBDD,mateIn2 mate sacrifice short
kTCtn,advancedPawn short
kTWaH,deflection short
kTXoV,mateIn1 mate queensideAttack oneMove
kTwVK,long
kUG2Z,mateIn2 mate sacrifice pin short
kUhh9,trappedPiece clearance long
kV2Qm,short
kVB6p,mateIn1 mate oneMove
kVJ4V,long
kVMHh,pin short
kVMk4,short
kVk32,pin short
kWEwg,attraction fork long
kWNlf,mateIn2 mate sacrifice discoveredAttack short
kWOGd,short
kWPhg,mateIn2 mate kingsideAttack short
kWZa5,fork long
kWeEr,mateIn2 mate short
kWfnQ,pawnEndgame long
kWzVu,defensiveMove pawnEndgame short
kXHyV,quietMove pawnEndgame short
kXWHb,mateIn2 mate short
kXiXv,fork short
kXjMi,pin short
kY0b2,mateIn1 mate kingsideAttack oneMove
kY4Yo,mateIn1 mate queensideAttack oneMove
kYQZP,attraction fork long
kYVbX,attraction sacrifice fork exposedKing rookEndgame long
kYj6y,mateIn4 mate sacrifice veryLong
kZ0iy,short
kZMbf,defensiveMove pin long
kZTNf,advancedPawn defensiveMove long
kZV1W,defensiveMove hangingPiece short
kZi3G,mateIn1 mate kingsideAttack oneMove
kZl3b,kingsideAttack short
kZljv,veryLong
kZr7z,mateIn1 mate oneMove
kaiar,short
kbRob,mateIn2 mate backRankMate rookEndgame short
kbS4R,advancedPawn queenEndgame long
kbU2a,fork short
kbUoY,fork short
kbro5,defensiveMove pin long
kbrs1,short
kc6OT,mateIn2 mate discoveredAttack queensideAttack short
kc9ij,mateIn1 mate rookEndgame oneMove
kckkd,quietMove fork hangingPiece knightEndgame veryLong
kcmar,long
kcmrt,trappedPiece rookEndgame short
kd4me,mateIn2 mate backRankMate short
kdSAP,bishopEndgame short
ke9ib,mateIn1 mate oneMove
kf3eV,long
kfGCo,doubleCheck pin kingsideAttack long
kfN8E,kingsideAttack long
kfVfQ,pin short
kfXeA,mateIn3 mate long
kfopm,mateIn1 mate kingsideAttack oneMove
kfva2,hangingPiece pin short
kgJRv,short
kgzVl,pin short
kh2y5,mateIn3 mate deflection long
khdVr,mateIn1 mate oneMove
khz6N,long
kiDSm,skewer veryLong
kidpr,long
kifin,short
kihFD,mateIn1 mate oneMove
kj2PI,mateIn1 mate rookEndgame oneMove
kj4QD,mateIn2 mate pin kingsideAttack short
kjBVO,discoveredAttack short
kjH1R,fork discoveredAttack short
kjIvq,mateIn2 mate fork short
kjRb0,mateIn2 mate kingsideAttack short
kjZ12,mateIn2 mate sacrifice pin kingsideAttack short
kk242,long
kk8lr,fork short
kkDon,mateIn1 mate oneMove
kkKtU,mateIn1 mate oneMove
kkYti,pin kingsideAttack short
kl40F,fork short
kl44I,mateIn1 mate oneMove
kl4AS,interference long
klFO3,pawnEndgame short
klJ1x,deflection pawnEndgame long
klQO7,skewer long
klZoy,fork long
klpNr,mateIn1 mate oneMove
kltco,discoveredAttack short
kmHAe,mateIn1 mate oneMove
kmLp6,advancedPawn knightEndgame short
kmV66,defensiveMove fork exposedKing veryLong
kmeNB,mateIn1 mate discoveredAttack oneMove
knv3a,mateIn2 mate short
kom59,attraction sacrifice fork long
kp9tF,mateIn2 mate backRankMate advancedPawn promotion short
kpDOl,mateIn1 mate oneMove
kpGqn,mateIn1 mate oneMove
kpZJS,mateIn2 mate fork short
kppGt,mateIn2 mate short
kpx6j,mateIn2 mate fork short
kpyNy,long
kqnmT,mateIn1 mate backRankMate oneMove
kr2ec,mateIn3 mate backRankMate long
krJGy,fork long
krJQm,mateIn1 mate oneMove
krQBH,mateIn1 mate oneMove
krQNf,short
krlEQ,bishopEndgame short
krv0c,mateIn1 mate oneMove
ksFhL,mateIn1 mate oneMove
ksUn7,mateIn1 mate kingsideAttack oneMove
ksqsl,pawnEndgame long
ktFU3,quietMove rookEndgame long
ktaEk,fork short
ktlSr,skewer short
ktq6w,mateIn2 mate rookEndgame short
ktwBh,mateIn1 mate kingsideAttack oneMove
ku0OM,advancedPawn long
ku8MP,mateIn2 mate deflection short
kuMbL,discoveredAttack exposedKing long
kvCuN,mateIn2 mate short
kvMLf,pawnEndgame short
kveFj,mateIn1 mate oneMove
kvf5y,quietMove short
kvjmG,rookEndgame short
kvqAU,mateIn3 mate long
kvvtx,mateIn2 mate short
kvx8o,mateIn1 mate rookEndgame oneMove
kw5G3,mateIn1 mate kingsideAttack oneMove
kwRyP,mateIn1 mate kingsideAttack oneMove
kwgOv,long
kxAL5,mateIn2 mate short
kxl7A,exposedKing skewer long
kybaO,mateIn1 mate oneMove
kyiOM,discoveredAttack short
kyjDb,mateIn2 mate short
kywDK,long
kzCJn,mateIn1 mate backRankMate oneMove
kzIhn,mateIn1 mate backRankMate hangingPiece oneMove
kzR1Z,mateIn1 mate smotheredMate pin oneMove
kzZcS,defensiveMove long
kzc8S,mateIn2 mate rookEndgame short
kzppu,fork long
l048A,mateIn1 mate hangingPiece kingsideAttack oneMove
l0PbD,defensiveMove rookEndgame veryLong
l0cyx,mateIn2 mate doubleBishopMate discoveredAttack short
l0qUn,pin short
l1Deg,mateIn3 mate attraction sacrifice kingsideAttack long
l1UNb,short
l1Wq7,long
l1X3H,fork short
l1pds,fork long
l2XJI,skewer rookEndgame short
l2bOW,defensiveMove pawnEndgame short
l2hX5,mateIn1 mate kingsideAttack oneMove
l2sTL,quietMove long
l2vN2,long
l3ALh,defensiveMove short
l3RVN,mateIn2 mate short
l3n4g,fork short
l437f,short
l48s6,mateIn2 mate short
l4INH,short
l4TQa,fork short
l4VqU,fork short
l4cHP,skewer queenEndgame long
l4cU6,veryLong
l4hfr,mateIn2 mate kingsideAttack short
l4lQR,advancedPawn short
l4oBJ,short
l4p9c,fork short
l59Ow,long
l5QOG,mateIn1 mate oneMove
l5ZSs,mateIn1 mate oneMove
l5ig4,long
l5l7Y,veryLong
l62ic,mateIn2 mate sacrifice short
l6cYR,short
l6eWz,fork short
l6uKw,fork long
l6uW9,fork exposedKing long
l7BxG,mateIn3 mate long
l7F4n,long
l7Fvq,mateIn4 mate sacrifice exposedKing queensideAttack veryLong
l7aes,exposedKing pin veryLong
l7iVq,short
l8ArV,mateIn2 mate attraction sacrifice short
l8D7j,advancedPawn long
l8Mr0,hangingPiece long
l8fAr,mateIn2 mate backRankMate short
l8gt6,exposedKing long
l9sAc,mateIn1 mate kingsideAttack oneMove
lAGG6,mateIn2 mate sacrifice short
lAGyQ,mateIn3 mate anastasiaMate sacrifice long
lAJ2g,sacrifice fork clearance long
lAKMc,mateIn2 mate short
lAlzY,mateIn3 mate deflection kingsideAttack long
lBB7M,exposedKing long
lBEYI,mateIn1 mate advancedPawn promotion oneMove
lBEei,mateIn2 mate pin kingsideAttack short
lBMOc,discoveredAttack long
lBdpZ,short
lBtx7,kingsideAttack short
lCOFp,long
lChJD,advancedPawn promotion short
lCnDQ,long
lCxph,long
lD0lt,short
lD4TA,fork short
lDJ7b,advancedPawn promotion long
lDT3Z,skewer short
lDaqw,advancedPawn long
lDddR,mateIn1 mate kingsideAttack oneMove
lE9Tl,mateIn2 mate short
lEMZt,mateIn1 mate oneMove
lERgG,advancedPawn sacrifice discoveredAttack exposedKing promotion long
lF0hs,pawnEndgame long
lF8ak,mateIn4 mate veryLong
lF8iV,short
lFAFI,attraction sacrifice fork veryLong
lGGZP,defensiveMove veryLong
lGM3m,deflection short
lGxjr,short
lH1q3,defensiveMove pawnEndgame long
lHGZn,fork short
lHjO2,short
lJ7PQ,attraction veryLong
lJRYR,defensiveMove short
lJwED,mateIn1 mate oneMove
lK1zi,defensiveMove fork long
lKi61,short
lKt1C,deflection doubleCheck discoveredAttack skewer pin long
lL05D,attraction fork long
lL1xW,deflection long
lL98X,mateIn2 mate deflection short
lLJCA,deflection short
lLMDD,long
lLMQ1,mateIn2 mate short
lLPNk,fork long
lLg6X,mateIn1 mate rookEndgame oneMove
lMLoQ,short
lMn56,long
lNaIA,long
lNgq7,mateIn1 mate oneMove
lNqzy,short
lNsFz,defensiveMove hangingPiece intermezzo long
lNtC7,intermezzo capturingDefender short
lOOww,mateIn1 mate oneMove
lOQWp,discoveredAttack short
lOQYB,deflection discoveredAttack long
lOyTk,pin clearance long
lPCL1,mateIn1 mate kingsideAttack oneMove
lPPZF,mateIn2 mate pin kingsideAttack short
lPPdG,mateIn1 mate oneMove
lPlaf,mateIn1 mate queenRookEndgame oneMove
lQ8i1,mateIn2 mate short
lQR0r,short
lQoJZ,short
lQsS7,quietMove defensiveMove rookEndgame short
lRFW9,knightEndgame short
lRUxT,long
lRYhs,mateIn1 mate oneMove
lSU6s,mateIn5 mate veryLong
lSXyO,fork long
lSqoC,veryLong
lSzDC,pawnEndgame long
lT0fU,pin short
lTKgw,mateIn1 mate kingsideAttack oneMove
lThfg,short
lTy1g,fork short
lTyB3,long
lUV9d,fork short
lUXAN,fork hangingPiece short
lUqQi,mateIn1 mate queensideAttack oneMove
lViPj,bishopEndgame short
lW8C3,mateIn1 mate oneMove
lWE1q,short
lWTVj,discoveredAttack long
lWctK,veryLong
lWvRj,long
lXb4P,sacrifice discoveredAttack short
lXhmW,fork short
lXuhF,pawnEndgame long
lXvzF,kingsideAttack long
lY5ZR,fork short
lY5tf,fork short
lYYJq,defensiveMove pin long
lYlsv,long
lZ2ko,mateIn2 mate kingsideAttack short
lZRQT,short
lZX6q,mateIn2 mate short
lZz17,hangingPiece long
la21t,mateIn2 mate short
la3PL,long
la3Vz,mateIn2 mate kingsideAttack short
la8Me,mateIn1 mate doubleCheck oneMove
la9tG,mateIn2 mate short
laAw8,discoveredAttack short
laBVU,fork long
laBhX,mateIn1 mate oneMove
lahKX,mateIn2 mate short
lahuu,defensiveMove pin long
lakec,mateIn2 mate short
lbFB8,exposedKing long
lbFrr,mateIn1 mate attackingF2F7 oneMove
lbSGs,mateIn1 mate backRankMate oneMove
lbouA,mateIn2 mate backRankMate queenEndgame short
lbzdX,fork short
lcHCB,mateIn3 mate backRankMate sacrifice long
lcHQQ,advancedPawn exposedKing skewer queenRookEndgame veryLong
lcQTp,hangingPiece short
lcmV2,sacrifice skewer veryLong
lcqcS,rookEndgame short
ld2MI,mateIn1 mate oneMove
ldcu6,advancedPawn rookEndgame long
ldlBc,mateIn2 mate backRankMate advancedPawn promotion short
ldpgQ,fork short
leOu2,mateIn3 mate sacrifice long
leWZp,mateIn3 mate rookEndgame long
lehUL,skewer queenEndgame veryLong
lenQp,kingsideAttack short
lf9n8,mateIn2 mate queensideAttack short
lfTwD,interference intermezzo short
lfi4V,short
lfjZg,fork short
lflPp,defensiveMove bishopEndgame short
lfopi,mateIn1 mate pin kingsideAttack oneMove
lg15d,quietMove defensiveMove bishopEndgame long
lg3mA,attraction deflection veryLong
lgPOy,mateIn2 mate backRankMate deflection doubleCheck discoveredAttack short
lgmcv,fork pin long
lh6MS,mateIn2 mate attraction kingsideAttack short
lhC5g,fork long
lhIi8,short
liBuy,mateIn3 mate long
lictn,mateIn1 mate oneMove
lihZj,defensiveMove rookEndgame short
lijep,mateIn1 mate oneMove
lijjE,fork hangingPiece long
lilgH,short
ljBhm,mateIn5 mate sacrifice clearance veryLong
ljJnI,mateIn4 mate sacrifice veryLong
ljWBA,defensiveMove pawnEndgame long
ljdDu,short
ljhxw,mateIn1 mate oneMove
ljkE9,rookEndgame long
lk3eH,fork short
lkJe9,long
lkwC0,pin short
llJx3,deflection exposedKing long
llN8r,long
llQFQ,mateIn2 mate backRankMate sacrifice short
llUl5,collinearMove short
llWXW,advancedPawn short
llcwM,mateIn2 mate rookEndgame short
lmnqM,mateIn1 mate oneMove
lmwXt,short
lmy4J,advancedPawn exposedKing collinearMove kingsideAttack veryLong
lnGyD,defensiveMove pin veryLong
lndab,mateIn2 mate short
lnnOS,advancedPawn sacrifice knightEndgame long
lo9XQ,mateIn1 mate oneMove
loHWe,long
loKFc,fork short
logxT,pin clearance long
loiag,advancedPawn pawnEndgame short
lowj2,mateIn1 mate queenEndgame oneMove
lp7Pn,fork short
lpUux,xRayAttack long
lpcZ7,long
lpfk4,mateIn3 mate sacrifice clearance long
lprd3,mateIn1 mate backRankMate oneMove
lqBug,mateIn2 mate sacrifice kingsideAttack short
lqKEt,sacrifice discoveredAttack long
lqUow,kingsideAttack long
lqcyB,mateIn2 mate sacrifice clearance short
lqeIX,long
lqvYn,mateIn1 mate oneMove
lrQsz,mateIn3 mate backRankMate long
lrXHa,exposedKing veryLong
lrymU,mateIn2 mate short
ls0kh,quietMove veryLong
lsM2f,quietMove short
lsde0,mateIn2 mate short
lsmVo,mateIn2 mate attraction sacrifice short
lss8G,mateIn1 mate oneMove
ltfNF,fork long
ltmyH,mateIn2 mate fork short
ltn0h,veryLong
lu0gW,advancedPawn long
lu5bj,mateIn1 mate attackingF2F7 oneMove
luEHI,mateIn1 mate oneMove
lujuV,mateIn2 mate short
lurQF,short
lutqU,hangingPiece clearance long
luwob,knightEndgame short
lv2kW,advancedPawn rookEndgame long
lv6Gl,mateIn2 mate queensideAttack short
lvEH4,defensiveMove short
lvcJg,pin short
lvjyt,long
lvu6L,veryLong
lwB3W,long
lwe0e,intermezzo long
lwvuw,mateIn1 mate queensideAttack oneMove
lwxnA,hangingPiece short
lx0Ng,mateIn3 mate backRankMate long
lx2ZA,mateIn1 mate kingsideAttack oneMove
lx4kg,deflection quietMove long
lx8ee,fork long
lxHVX,short
lxRBn,mateIn2 mate sacrifice clearance short
lxTPW,mateIn1 mate oneMove
lxZY4,exposedKing long
lxaaM,discoveredAttack long
lyc7t,mateIn1 mate oneMove
lypz5,fork short
lyzXF,mateIn1 mate oneMove
lz9aa,mateIn2 mate hangingPiece kingsideAttack short
lzS5w,intermezzo short
lzVSB,mateIn1 mate oneMove
lzx3Q,short
m00Is,long
m03HI,long
m099Z,fork short
m0BQa,mateIn2 mate short
m0MP5,attraction fork long
m0RTh,mateIn1 mate oneMove
m0T4u,pawnEndgame short
m0hBN,deflection long
m0zlf,mateIn1 mate oneMove
m1Ywy,mateIn2 mate short
m1swl,attraction deflection short
m1tzq,sacrifice kingsideAttack short
m2yNe,mateIn2 mate kingsideAttack short
m3WRy,mateIn2 mate short
m3Yvm,exposedKing skewer rookEndgame long
m3dHj,advancedPawn long
m3qzg,trappedPiece short
m41jx,long
m4TDg,mateIn2 mate short
m4aRS,mateIn1 mate oneMove
m52AW,mateIn1 mate kingsideAttack oneMove
m5ZLH,short
m5kCs,fork short
m6F15,mateIn1 mate oneMove
m6fWm,advancedPawn bishopEndgame long
m7Y38,short
m7oOv,mateIn2 mate queenRookEndgame short
m812c,short
m83Rn,mateIn2 mate backRankMate sacrifice xRayAttack short
m84jm,mateIn1 mate oneMove
m8V2a,defensiveMove long
m8cpp,mateIn2 mate kingsideAttack short
m8dz3,mateIn2 mate sacrifice short
m8fKb,mateIn2 mate deflection queenRookEndgame short
m8uOM,short
m8xDk,fork short
m93fW,long
m945C,discoveredAttack long
m966q,quietMove short
m9Z0g,mateIn1 mate oneMove
m9Zw7,long
m9fPk,mateIn3 mate attraction sacrifice kingsideAttack long
m9wVn,advancedPawn fork short
mACPk,attraction sacrifice fork long
mARLu,advancedPawn quietMove promotion pawnEndgame veryLong
mAgXp,advancedPawn clearance promotion rookEndgame short
mB0NY,mateIn1 mate kingsideAttack oneMove
mBJ8z,short
mBRo3,discoveredAttack pin short
mBro9,queenEndgame long
mC4Wo,short
mC8Mf,short
mCFMR,quietMove long
mCmWX,fork short
mD3bR,mateIn3 mate sacrifice kingsideAttack long
mD8Ab,xRayAttack long
mDJor,mateIn3 mate attraction sacrifice long
mDNBe,kingsideAttack short
mEALo,fork short
mEDFJ,mateIn1 mate kingsideAttack oneMove
mEFeV,mateIn1 mate oneMove
mEROd,long
mEnuz,pin long
mEz9D,fork long
mF9Yx,advancedPawn promotion short
mFEAe,mateIn3 mate backRankMate sacrifice long
mFdha,sacrifice fork veryLong
mFlGE,mateIn1 mate oneMove
mG4Ii,fork short
mGIdW,deflection short
mGVN8,fork short
mGyTE,exposedKing long
mH3iq,mateIn2 mate backRankMate short
mH7OK,long
mHBzb,short
mHEFM,mateIn2 mate deflection short
mHHvH,mateIn1 mate kingsideAttack oneMove
mHPwx,mateIn1 mate oneMove
mHmc9,deflection short
mHvwm,pawnEndgame long
mHzez,sacrifice short
mI2zN,mateIn2 mate short
mIUjC,mateIn2 mate short
mIXIr,deflection sacrifice fork veryLong
mImxr,mateIn1 mate oneMove
mJc19,attraction sacrifice fork exposedKing veryLong
mJcj9,mateIn1 mate kingsideAttack oneMove
mJw6y,short
mKN0T,attraction sacrifice fork long
mKREv,kingsideAttack short
mLDwX,short
mLJLs,mateIn1 mate kingsideAttack oneMove
mLfiF,mateIn2 mate queenRookEndgame short
mLjhY,sacrifice kingsideAttack long
mMiBl,mateIn3 mate sacrifice kingsideAttack long
mMmYg,mateIn1 mate oneMove
mN3U4,mateIn1 mate oneMove
mN6uh,short
mNEIP,pawnEndgame veryLong
mNTVN,pin short
mNkcI,discoveredAttack veryLong
mNwff,kingsideAttack short
mOMb3,bishopEndgame long
mONPd,advancedPawn quietMove long
mOvwo,discoveredAttack rookEndgame short
mP0AX,mateIn3 mate attraction kingsideAttack long
mPLoG,mateIn1 mate attackingF2F7 oneMove
mPjmH,skewer queenRookEndgame short
mPmNF,defensiveMove pawnEndgame veryLong
mPwCW,bishopEndgame long
mQfet,skewer short
mR1sY,defensiveMove sacrifice short
mR4Nh,defensiveMove long
mRUiF,defensiveMove short
mRWX4,mateIn2 mate backRankMate rookEndgame short
mRyZR,mateIn1 mate oneMove
mSBnR,advancedPawn sacrifice knightEndgame short
mSDhz,short
mSMXz,skewer clearance queensideAttack veryLong
mSaK2,mateIn1 mate oneMove
mSkPB,fork long
mTARV,pin short
mTAff,long
mTHJV,long
mTuEh,mateIn3 mate kingsideAttack long
mTwRB,pin long
mUM61,skewer long
mUTRD,bishopEndgame short
mUcLN,fork short
mUcyY,discoveredAttack kingsideAttack short
mUnmq,defensiveMove queenEndgame long
mV3Wy,deflection long
mV4KW,mateIn1 mate hangingPiece kingsideAttack oneMove
mVL2L,quietMove pawnEndgame short
mViR7,mateIn1 mate oneMove
mW82n,pin long
mW9Bi,fork short
mWAQe,mateIn1 mate oneMove
mWSDu,mateIn1 mate backRankMate oneMove
mX7gB,defensiveMove sacrifice short
mXZTg,defensiveMove queenRookEndgame short
mXa3e,pin kingsideAttack short
mXh0R,mateIn2 mate doubleBishopMate kingsideAttack short
mY33y,mateIn2 mate attraction kingsideAttack short
mYBE7,mateIn3 mate backRankMate sacrifice long
mYndc,mateIn2 mate backRankMate sacrifice short
mYrFE,mateIn2 mate backRankMate short
mZ4KL,fork exposedKing long
mZIcS,discoveredAttack short
mZKLv,defensiveMove long
mZmE4,mateIn1 mate oneMove
mZmGF,fork short
mZtEL,mateIn1 mate oneMove
mZwxG,trappedPiece long
maOmQ,hangingPiece bishopEndgame short
maTOu,discoveredAttack long
macVt,pawnEndgame short
mawTu,fork long
mb2WC,deflection short
mb4k6,mateIn2 mate short
mb9LI,mateIn2 mate short
mbRIR,attraction sacrifice fork veryLong
mbcxT,defensiveMove long
mbjTl,mateIn3 mate long
mbmaa,mateIn3 mate backRankMate sacrifice long
mbsBy,mateIn2 mate pin short
mc30K,long
mcNrn,quietMove pawnEndgame veryLong
mcnQ9,deflection skewer long
mdKfX,mateIn2 mate backRankMate short
mdbzg,defensiveMove long
mdcdV,mateIn2 mate pin short
mdkXC,long
meBad,mateIn1 mate rookEndgame oneMove
meS4H,fork exposedKing long
mf5Jw,mateIn1 mate oneMove
mfGiL,knightEndgame short
mfOSz,kingsideAttack short
mfOV3,veryLong
mfsZb,advancedPawn promotion rookEndgame short
mgPmz,short
mgaNw,attraction sacrifice fork long
mgcfd,short
mgw1v,deflection short
mh42z,advancedPawn short
mh7i2,mateIn1 mate oneMove
mhS6y,veryLong
mhYru,short
mhhfS,long
mhw6m,defensiveMove hangingPiece short
miFKP,fork discoveredAttack long
mihwc,short
milrf,deflection discoveredAttack short
mj3nX,mateIn4 mate discoveredAttack kingsideAttack veryLong
mj5dU,short
mjKp2,short
mjO49,fork short
mjQrS,mateIn3 mate exposedKing long
mjTD5,rookEndgame long
mjlwO,mateIn2 mate deflection short
mjyfg,discoveredAttack long
mkEkE,kingsideAttack short
mkHLk,fork short
mkJQr,mateIn2 mate kingsideAttack short
mkOjS,capturingDefender kingsideAttack long
mkc3P,mateIn2 mate short
ml12e,skewer short
ml3dg,defensiveMove sacrifice long
mlCi7,fork short
mlGLP,mateIn2 mate sacrifice clearance short
mlKdg,mateIn1 mate oneMove
mlldM,mateIn1 mate oneMove
mlpft,mateIn2 mate sacrifice short
mlrw9,short
mm9Fi,hangingPiece long
mmII3,pawnEndgame short
mmNKb,fork short
mmTRs,fork long
mmsMu,short
mmz91,mateIn1 mate oneMove
mn0aq,mateIn2 mate deflection short
mnkou,mateIn2 mate hookMate sacrifice short
moBU3,long
moGVB,capturingDefender short
moMAD,advancedPawn pin promotion veryLong
mp3l1,short
mpMGO,attraction sacrifice short
mpShw,mateIn2 mate doubleCheck short
mpWea,mateIn2 mate kingsideAttack short
mpZk8,skewer long
mps76,attraction sacrifice fork long
mqBHs,pin short
mqi9L,mateIn2 mate rookEndgame short
mqvw6,fork short
mr91L,pawnEndgame long
mr9ja,fork short
mrES6,hangingPiece short
mrSV9,short
mraOx,mateIn2 mate queensideAttack short
mrc2Y,defensiveMove queenEndgame long
mrpCB,short
mrw42,mateIn2 mate short
msOlz,mateIn1 mate oneMove
mshSg,mateIn1 mate kingsideAttack oneMove
mskzq,advancedPawn sacrifice kingsideAttack long
mt7oh,kingsideAttack short
mtNuV,mateIn2 mate backRankMate fork short
mtY5p,long
mtZWx,rookEndgame long
mtu2I,mateIn1 mate oneMove
mtwgZ,mateIn1 mate kingsideAttack oneMove
mty1P,mateIn1 mate hangingPiece oneMove
muMmB,advancedPawn short
mucFy,mateIn1 mate oneMove
mvCiq,pin short
mvDdn,long
mvIaG,long
mvgFy,mateIn2 mate sacrifice short
mw1i0,skewer short
mw824,fork long
mwOCu,clearance short
mx1mV,discoveredAttack kingsideAttack short
mx50Z,advancedPawn promotion knightEndgame veryLong
mxHCA,defensiveMove short
mxMkt,mateIn1 mate oneMove
mxa7F,deflection short
my84H,long
myP6J,deflection short
myiN1,mateIn2 mate backRankMate xRayAttack short
mz0No,mateIn3 mate fork long
mzkGU,pin long
n00tp,long
n08r0,mateIn2 mate short
n0Ghg,deflection long
n0R7q,mateIn2 mate short
n0XWs,short
n0atl,advancedPawn promotion bishopEndgame long
n17Tj,mateIn1 mate kingsideAttack oneMove
n1pdX,pin short
n2Acl,mateIn2 mate arabianMate short
n3Qgd,pawnEndgame long
n3gy0,mateIn2 mate short
n3imn,long
n47fA,fork veryLong
n4kx7,mateIn2 mate kingsideAttack short
n5YrL,discoveredAttack long
n5f5S,deflection rookEndgame long
n5iOp,advancedPawn quietMove promotion long
n5xxP,quietMove clearance long
n5zRY,fork short
n6AxJ,deflection rookEndgame short
n6XJv,skewer rookEndgame short
n6z4Y,rookEndgame short
n78X5,attraction fork long
n7U2N,defensiveMove bishopEndgame short
n7YUZ,advancedPawn quietMove pawnEndgame veryLong
n7fJL,mateIn1 mate oneMove
n832G,hangingPiece veryLong
n8OJr,sacrifice short
n8QuF,long
n8Tk7,mateIn2 mate short
n8b6L,mateIn2 mate doubleCheck short
n8cDX,mateIn2 mate short
n9FrZ,short
n9jZA,pin clearance short
n9tJt,quietMove rookEndgame short
nAXzb,attraction deflection long
nBHtU,pin short
nBP6h,advancedPawn sacrifice bishopEndgame short
nBQyo,pawnEndgame long
nBRS3,sacrifice intermezzo pin veryLong
nBYAy,mateIn1 mate doubleBishopMate oneMove
nBoaw,mateIn1 mate oneMove
nC39l,mateIn1 mate oneMove
nCJv2,mateIn1 mate oneMove
nCPzh,mateIn2 mate discoveredAttack kingsideAttack short
nCQaK,short
nCSyS,long
nCbWy,pawnEndgame short
nCfJC,long
nCmAi,quietMove defensiveMove rookEndgame long
nDEXe,defensiveMove hangingPiece veryLong
nDLQX,short
nDaSW,mateIn1 mate advancedPawn doubleCheck promotion oneMove
nDbhM,mateIn1 mate oneMove
nELK9,mateIn1 mate kingsideAttack oneMove
nENAA,mateIn2 mate sacrifice clearance short
nEPON,mateIn2 mate sacrifice short
nEaiL,hangingPiece veryLong
nElRY,xRayAttack long
nEy1A,veryLong
nF0HB,mateIn1 mate kingsideAttack oneMove
nFK98,advancedPawn quietMove pawnEndgame veryLong
nFUCf,defensiveMove hangingPiece long
nGLhv,defensiveMove pawnEndgame long
nHM1n,mateIn1 mate oneMove
nHO9x,mateIn2 mate kingsideAttack short
nIHaJ,mateIn2 mate short
nIVLd,long
nIsBS,long
nJ4GV,defensiveMove exposedKing kingsideAttack veryLong
nJC0u,fork short
nJK5E,pin short
nKHcm,mateIn1 mate oneMove
nKLEd,mateIn3 mate long
nKml0,skewer rookEndgame short
nKpjx,mateIn1 mate hangingPiece oneMove
nKvzY,mateIn1 mate oneMove
nL2ep,mateIn1 mate queenRookEndgame oneMove
nLMbr,fork short
nLdlq,intermezzo short
nM07m,mateIn2 mate short
nM1Y8,long
nMY8O,mateIn2 mate short
nMl73,mateIn1 mate oneMove
nMvvv,discoveredAttack short
nNeWG,mateIn1 mate oneMove
nNfts,capturingDefender long
nOKK6,mateIn2 mate kingsideAttack short
nOlB3,intermezzo short
nP3p6,mateIn2 mate sacrifice clearance kingsideAttack short
nP5lU,mateIn1 mate kingsideAttack oneMove
nPIYb,attraction sacrifice fork long
nPXU2,mateIn2 mate queensideAttack short
nPZp1,mateIn2 mate kingsideAttack short
nPe8r,short
nPspv,long
nPu12,long
nQ0ru,mateIn4 mate fork pin veryLong
nQFCX,mateIn1 mate backRankMate hangingPiece oneMove
nQUn5,mateIn2 mate kingsideAttack short
nQrj7,hangingPiece long
nQwsC,fork short
nQyDj,kingsideAttack long
nRKMe,short
nRSzI,long
nRdee,attraction sacrifice queensideAttack long
nRslh,short
nRuKE,mateIn2 mate backRankMate short
nRv5U,mateIn1 mate queensideAttack oneMove
nSHgN,capturingDefender short
nSI9F,advancedPawn defensiveMove long
nSc9c,mateIn2 mate short
nSd60,hangingPiece short
nSksJ,long
nSuVs,mateIn1 mate oneMove
nTE8Z,mateIn1 mate kingsideAttack oneMove
nTUu1,pin short
nTfvC,discoveredAttack long
nTgk3,mateIn1 mate oneMove
nTgzb,deflection pin veryLong
nTjzK,fork hangingPiece short
nUCVY,long
nUlGu,long
nUlyr,fork short
nVQo6,attraction fork veryLong
nVk2z,fork exposedKing long
nVrON,mateIn1 mate oneMove
nWIqN,mateIn1 mate oneMove
nWKrv,defensiveMove long
nWbZU,mateIn3 mate long
nWcpl,advancedPawn defensiveMove rookEndgame short
nWxIf,mateIn2 mate kingsideAttack short
nXOM5,advancedPawn exposedKing promotion pawnEndgame long
nY2NQ,mateIn1 mate rookEndgame oneMove
nY7tb,mateIn2 mate short
nYBqU,long
nYEnt,advancedPawn exposedKing pawnEndgame long
nYp0r,long
nYuzQ,pin short
nYzI0,mateIn3 mate long
nZF6C,short
nZNW8,advancedPawn defensiveMove short
nZP7T,rookEndgame short
nZXHx,exposedKing rookEndgame long
nZr8Z,mateIn1 mate backRankMate oneMove
na554,fork short
naDe0,defensiveMove long
nacfy,mateIn2 mate rookEndgame short
narj8,short
nb3y2,quietMove bishopEndgame short
nbCm9,quietMove defensiveMove bishopEndgame long
nbgOW,quietMove kingsideAttack veryLong
nbr03,mateIn2 mate rookEndgame short
nckN5,defensiveMove exposedKing rookEndgame veryLong
nct5g,hangingPiece short
nctDv,quietMove short
ndCNG,short
ndLG3,pawnEndgame short
ndfav,mateIn2 mate sacrifice kingsideAttack short
neJa0,mateIn1 mate oneMove
nfLOP,mateIn2 mate short
nfS5d,rookEndgame short
nfSmO,mateIn1 mate kingsideAttack oneMove
nfV61,pawnEndgame long
nfiOz,short
ng5wS,skewer pin long
ngRU0,long
ngZDC,pin short
ngn5I,mateIn1 mate oneMove
nhC1E,mateIn2 mate short
nhCJW,pin short
nhDTF,deflection kingsideAttack short
nhVHG,defensiveMove long
nhXFs,short
nhkDe,hangingPiece long
nhxfm,advancedPawn promotion knightEndgame long
ni0PG,quietMove pawnEndgame veryLong
ni6Qt,hangingPiece short
niNcK,fork short
njTzh,mateIn1 mate oneMove
nk1ZV,mateIn1 mate rookEndgame oneMove
nk9cO,skewer short
nkCbb,fork short
nkMbq,mateIn2 mate kingsideAttack short
nkO2j,mateIn1 mate kingsideAttack oneMove
nkfeV,defensiveMove long
nl8BZ,mateIn1 mate oneMove
nlXrN,fork rookEndgame long
nlcch,fork short
nleYs,veryLong
nlt0G,quietMove defensiveMove pawnEndgame long
nlzh5,mateIn2 mate short
nm0hI,mateIn4 mate attraction sacrifice kingsideAttack veryLong
nm51s,short
nmAps,long
nmLIf,mateIn2 mate short
nmS9h,discoveredAttack short
nmWpu,fork long
nmWwC,long
nmYsM,mateIn2 mate kingsideAttack short
nmaxZ,defensiveMove pawnEndgame long
nmdv9,advancedPawn fork intermezzo clearance veryLong
nms2h,short
nn9h0,fork short
nnGEh,fork short
nnTtl,mateIn3 mate long
nnlEf,mateIn1 mate oneMove
no4uD,mateIn1 mate kingsideAttack oneMove
nofsg,mateIn2 mate short
npBlu,mateIn1 mate oneMove
npCwY,attraction advancedPawn exposedKing kingsideAttack long
npR7u,advancedPawn bishopEndgame short
npY2S,advancedPawn promotion rookEndgame short
npYF9,mateIn1 mate kingsideAttack oneMove
npbSF,mateIn1 mate rookEndgame oneMove
npstS,skewer rookEndgame short
nqHEc,fork short
nqRbj,defensiveMove knightEndgame long
nqSHx,defensiveMove long
nqe6z,short
nqfue,rookEndgame short
nqmug,mateIn3 mate kingsideAttack long
nqplc,mateIn1 mate oneMove
nrSJF,mateIn1 mate oneMove
nrple,mateIn2 mate doubleCheck short
nrwqp,mateIn3 mate backRankMate sacrifice long
nryu5,mateIn2 mate backRankMate rookEndgame short
nsIKP,mateIn1 mate oneMove
nsT4x,advancedPawn bishopEndgame short
nseUd,long
nsu81,short
nt08L,mateIn2 mate attraction sacrifice short
nt7Kc,veryLong
ntTgJ,long
ntloB,mateIn2 mate deflection short
ntnWt,pin short
ntrQq,pawnEndgame veryLong
nu4W9,rookEndgame veryLong
nu6c5,trappedPiece long
nuHvd,fork long
nuaZo,sacrifice fork exposedKing long
numbL,mateIn2 mate short
nvOEr,attraction advancedPawn discoveredAttack rookEndgame veryLong
nvkTe,discoveredAttack short
nvoZs,long
nw1n4,mateIn2 mate fork short
nwKEA,mateIn1 mate oneMove
nwSD0,pin clearance short
nwSd6,defensiveMove short
nwXiL,mateIn1 mate oneMove
nwZRH,mateIn2 mate queenRookEndgame short
nwgNt,sacrifice fork long
nwmOL,mateIn1 mate attackingF2F7 oneMove
nwwhj,mateIn1 mate oneMove
nxGsG,mateIn1 mate oneMove
nxOLR,advancedPawn quietMove bishopEndgame veryLong
nxOxd,mateIn1 mate oneMove
nxmzR,kingsideAttack long
nyTSf,rookEndgame long
nya59,defensiveMove short
nyjkO,mateIn1 mate oneMove
nyy2W,long
nz3ir,rookEndgame long
nzA0L,short
nzJKI,mateIn1 mate oneMove
nzK0L,mateIn2 mate doubleCheck short
o0184,short
o0APD,mateIn3 mate backRankMate sacrifice long
o0Ikz,long
o0Xix,fork short
o0fvI,rookEndgame veryLong
o1Gy3,short
o1MlC,rookEndgame short
o1WLd,mateIn1 mate oneMove
o1cxF,quietMove pawnEndgame long
o1sDo,advancedPawn discoveredAttack kingsideAttack veryLong
o2GPU,mateIn2 mate short
o2Ikv,pawnEndgame short
o2e8h,mateIn2 mate short
o2fcx,trappedPiece pin short
o2jdB,mateIn1 mate oneMove
o306F,long
o307a,fork short
o3GYl,mateIn1 mate oneMove
o3bPS,defensiveMove short
o3ntu,mateIn1 mate oneMove
o3t5X,long
o3zVc,rookEndgame short
o43C6,discoveredAttack queensideAttack long
o4I5B,defensiveMove rookEndgame short
o4Knm,advancedPawn queenEndgame short
o4Mk9,defensiveMove pin queenRookEndgame long
o4XT6,advancedPawn quietMove rookEndgame veryLong
o504B,mateIn2 mate short
o5Fmz,mateIn1 mate backRankMate oneMove
o5bKV,xRayAttack queensideAttack long
o5g70,mateIn1 mate oneMove
o5q7A,mateIn1 mate oneMove
o65y8,mateIn1 mate oneMove
o6A0v,mateIn1 mate oneMove
o6AIX,intermezzo long
o6LCq,mateIn1 mate oneMove
o6Zi2,advancedPawn promotion rookEndgame long
o6lIT,mateIn2 mate short
o6zIp,mateIn2 mate sacrifice queensideAttack short
o85ZZ,mateIn1 mate rookEndgame oneMove
o8ULZ,quietMove hangingPiece long
o8jhe,mateIn3 mate backRankMate sacrifice long
o90Qd,intermezzo short
o9hLe,mateIn1 mate pin oneMove
o9rjh,mateIn3 mate backRankMate sacrifice long
oA83O,mateIn1 mate oneMove
oABhX,mateIn2 mate short
oAobz,fork short
oB0SY,mateIn2 mate rookEndgame short
oC8oq,pin long
oC9sX,discoveredAttack queenRookEndgame short
oCXcK,fork veryLong
oCwZF,fork short
oD0ux,mateIn3 mate sacrifice fork long
oDBhf,short
oDCI2,mateIn1 mate kingsideAttack oneMove
oDO28,pin short
oDgDE,advancedPawn doubleCheck trappedPiece kingsideAttack short
oDjHJ,knightEndgame long
oDleJ,mateIn2 mate short
oDuXQ,fork short
oE1fQ,quietMove long
oEFhQ,mateIn2 mate queenEndgame short
oENqZ,mateIn2 mate advancedPawn pawnEndgame short
oEQaW,trappedPiece short
oESIg,xRayAttack fork long
oEgzT,short
oEovW,defensiveMove veryLong
oF0Ci,pin kingsideAttack short
oF3xn,skewer rookEndgame short
oFEZV,long
oFFfH,mateIn1 mate oneMove
oFMW7,mateIn1 mate queensideAttack oneMove
oFXI9,short
oFtqY,kingsideAttack short
oG69r,mateIn1 mate oneMove
oGKZE,long
oGM2p,short
oGRF5,long
oGmAc,short
oGonm,advancedPawn promotion long
oGyEG,defensiveMove rookEndgame long
oH3dU,pin short
oHEBR,fork short
oHHSh,queensideAttack short
oHLp8,mateIn1 mate backRankMate oneMove
oHROV,fork short
oHZas,defensiveMove rookEndgame long
oI2ek,advancedPawn quietMove long
oIBt5,mateIn2 mate short
oIEXt,advancedPawn promotion short
oIHbE,deflection kingsideAttack veryLong
oIKtB,sacrifice exposedKing skewer pin queensideAttack veryLong
oIP3H,long
oIc5s,long
oJO94,defensiveMove hangingPiece short
oJnEn,mateIn1 mate oneMove
oJnk8,fork short
oK9TI,mateIn3 mate backRankMate long
oKA8H,fork short
oKBGI,skewer long
oKLIf,clearance short
oKNOt,discoveredAttack short
oKP5Z,attraction discoveredAttack short
oKWY9,advancedPawn short
oKZSO,fork short
oKbOu,mateIn3 mate backRankMate sacrifice long
oKhWb,mateIn3 mate sacrifice kingsideAttack long
oKleg,exposedKing long
oKoeg,defensiveMove pawnEndgame long
oLPzP,queensideAttack short
oLgRx,short
oLp16,mateIn1 mate oneMove
oLtNH,fork long
oMJyD,discoveredAttack long
oMmJP,mateIn1 mate kingsideAttack oneMove
oMmah,hangingPiece short
oNMJi,rookEndgame veryLong
oNUuo,hangingPiece short
oNdUC,short
oNtZc,short
oOBZy,mateIn2 mate fork short
oPb3P,kingsideAttack long
oQA6M,mateIn2 mate short
oQT1q,intermezzo long
oQtGA,long
oQygN,fork long
oRo9V,mateIn3 mate backRankMate sacrifice fork long
oSJ5X,short
oSKO7,sacrifice fork intermezzo long
oSQRR,mateIn1 mate oneMove
oSTbx,attraction sacrifice veryLong
oT1p7,pin short
oTD2P,mateIn1 mate oneMove
oTDFW,advancedPawn promotion queenEndgame long
oTPnd,quietMove short
oTSVb,mateIn3 mate rookEndgame long
oTYoK,discoveredAttack short
oU2eT,quietMove defensiveMove pawnEndgame long
oUGrV,sacrifice veryLong
oUkeH,advancedPawn bishopEndgame long
oUul3,mateIn3 mate pin long
oV4tx,mateIn1 mate oneMove
oVBB9,quietMove defensiveMove exposedKing pin veryLong
oVEbk,mateIn2 mate deflection sacrifice kingsideAttack short
oWYuu,trappedPiece short
oWrul,mateIn1 mate oneMove
oXRBW,short
oXgIC,mateIn1 mate kingsideAttack oneMove
oXie2,discoveredAttack long
oXjDF,pawnEndgame short
oXvhA,mateIn2 mate short
oY0X3,mateIn1 mate oneMove
oYQGJ,attraction deflection advancedPawn queensideAttack long
oYRuc,mateIn1 mate kingsideAttack oneMove
oYkV3,pin short
oYlFr,fork short
oYra2,advancedPawn promotion long
oZ1GB,mateIn1 mate oneMove
oZmOT,rookEndgame long
oZnSH,mateIn1 mate oneMove
oZuu3,hangingPiece bishopEndgame short
oaTUI,discoveredAttack short
oaWA5,short
oakt0,mateIn2 mate kingsideAttack short
oauXf,fork short
ob7F0,mateIn2 mate short
obDIJ,mateIn3 mate deflection kingsideAttack long
obRQB,exposedKing veryLong
obgtp,short
oce7i,mateIn1 mate oneMove
ocl0A,short
ocsF6,mateIn3 mate fork exposedKing long
od0Yw,sacrifice veryLong
odTrb,mateIn1 mate oneMove
odWqN,fork long
odYY0,short
oe0it,mateIn1 mate attackingF2F7 oneMove
oe7UJ,capturingDefender kingsideAttack long
oegku,defensiveMove short
oezz7,mateIn1 mate oneMove
ofBbS,sacrifice xRayAttack pin long
ofEvf,queenEndgame veryLong
ofWuq,mateIn1 mate advancedPawn pin promotion oneMove
ogYHF,advancedPawn exposedKing skewer queensideAttack veryLong
ogjBo,short
ogpqa,pin long
oh4xo,long
ohD8L,bishopEndgame short
ohKtN,mateIn1 mate oneMove
ohccq,fork long
ohdcB,defensiveMove short
oi3Iu,deflection exposedKing pin kingsideAttack veryLong
oi3jY,mateIn1 mate oneMove
oi9Fk,mateIn1 mate oneMove
oiOPe,fork long
oiQAB,fork short
oijR1,exposedKing veryLong
ojEbY,deflection long
ojPsU,fork exposedKing long
ojzR1,mateIn1 mate oneMove
okMH1,mateIn1 mate kingsideAttack oneMove
okU6A,advancedPawn promotion queenEndgame short
okWGm,mateIn1 mate hangingPiece oneMove
okd0s,mateIn2 mate sacrifice kingsideAttack short
ol9zY,fork short
olVfB,long
olp2r,fork long
om16M,mateIn3 mate backRankMate xRayAttack long
omBiP,mateIn2 mate sacrifice short
omNd3,mateIn2 mate rookEndgame short
omU2g,mateIn3 mate backRankMate sacrifice long
omliR,pawnEndgame veryLong
on4XI,long
onBtJ,veryLong
onKzV,short
onlPP,long
onu8V,pin long
onuVd,mateIn1 mate oneMove
ooDux,fork short
ookzH,mateIn3 mate fork discoveredAttack exposedKing long
oolxw,mateIn2 mate sacrifice kingsideAttack short
opXEX,mateIn2 mate short
oqoZR,capturingDefender short
oqonr,short
oqpfJ,pin short
orAcd,advancedPawn queenRookEndgame short
orQiB,mateIn1 mate oneMove
orQx1,pawnEndgame short
orXIy,mateIn1 mate oneMove
orjPn,mateIn1 mate smotheredMate oneMove
orn5Z,mateIn3 mate sacrifice long
orrf9,long
os0xM,fork short
os2KT,fork long
os2Qo,quietMove rookEndgame short
osDFo,sacrifice clearance long
osR3n,defensiveMove pawnEndgame long
osaHw,mateIn2 mate short
oslfC,short
otBnc,fork short
otQXn,skewer short
otWQk,hangingPiece long
otYQt,short
otiCY,advancedPawn sacrifice promotion veryLong
otjuj,fork long
otn71,mateIn2 mate short
ouICH,mateIn2 mate fork short
ouNCh,mateIn1 mate oneMove
ouURK,long
ouWXt,fork short
oufjl,mateIn1 mate oneMove
ovDnG,advancedPawn promotion rookEndgame veryLong
ovdGD,mateIn2 mate rookEndgame short
ovigg,long
ovr49,defensiveMove long
owKpq,mateIn1 mate oneMove
owYlF,veryLong
owfUq,mateIn3 mate attraction sacrifice kingsideAttack long
ox5EJ,mateIn2 mate short
oxDxp,mateIn1 mate oneMove
oy7wP,fork short
oyOaF,long
oyo1A,mateIn1 mate oneMove
oyr9V,veryLong
ozJJz,short
ozL5R,mateIn1 mate kingsideAttack oneMove
ozvjc,mateIn2 mate short
ozyD7,defensiveMove short
p09Jk,exposedKing veryLong
p0Hv1,discoveredAttack kingsideAttack short
p0UEy,mateIn2 mate backRankMate rookEndgame short
p0hP2,long
p1Xvk,short
p1sSk,mateIn1 mate oneMove
p2552,advancedPawn veryLong
p28Ux,short
p2AqA,pin veryLong
p2Jqq,mateIn2 mate backRankMate short
p2egC,fork short
p2k0b,mateIn1 mate kingsideAttack oneMove
p2pus,quietMove pin veryLong
p2uVw,short
p34F1,sacrifice pin long
p37yY,short
p3jhc,short
p3uYp,rookEndgame veryLong
p3ySP,fork short
p4BqJ,skewer short
p4Ci4,attraction sacrifice fork long
p4I4O,mateIn1 mate backRankMate oneMove
p4ICp,pawnEndgame long
p4KEv,short
p4YDE,mateIn2 mate sacrifice short
p4ycc,mateIn3 mate sacrifice queensideAttack long
p4zrq,long
p53En,fork long
p5jXY,advancedPawn rookEndgame short
p5y6d,mateIn3 mate discoveredAttack long
p622V,short
p73z8,mateIn2 mate short
p7n5N,pawnEndgame long
p7pQb,advancedPawn long
p7xAn,discoveredAttack short
p88P3,discoveredAttack long
p8H3J,mateIn1 mate smotheredMate oneMove
p8N00,intermezzo short
p8pex,deflection long
p8q6w,mateIn1 mate oneMove
p8sGx,mateIn1 mate oneMove
p98hq,queenEndgame short
p9JDr,fork short
p9dEx,mateIn1 mate rookEndgame oneMove
pASw7,short
pAbDu,trappedPiece short
pArjZ,defensiveMove short
pB0Bt,fork short
pBEfV,quietMove short
pBEpx,skewer rookEndgame short
pBGbi,mateIn2 mate short
pBHfs,mateIn2 mate short
pBPkQ,defensiveMove pawnEndgame long
pBTtE,defensiveMove queenEndgame long
pBx4B,short
pC24t,mateIn2 mate doubleCheck kingsideAttack short
pCGm9,mateIn2 mate discoveredAttack queensideAttack short
pDG8e,mateIn1 mate oneMove
pDLod,deflection short
pDOyR,fork short
pDa0p,short
pEgR3,mateIn1 mate oneMove
pEjMZ,discoveredAttack rookEndgame short
pEtPO,mateIn2 mate backRankMate short
pEtog,mateIn2 mate pin kingsideAttack short
pFC5K,fork long
pG6AH,advancedPawn quietMove rookEndgame long
pGPIT,hangingPiece short
pGrlp,mateIn1 mate oneMove
pH2Bm,mateIn3 mate long
pH8hX,mateIn2 mate kingsideAttack short
pHL40,mateIn2 mate fork short
pHvZH,mateIn1 mate oneMove
pHxw6,advancedPawn queenEndgame long
pI2tc,fork discoveredAttack short
pIHQL,short
pIP5s,mateIn1 mate oneMove
pJ5kS,mateIn1 mate oneMove
pJ7wy,sacrifice pin long
pJTHz,mateIn1 mate kingsideAttack oneMove
pJeCv,mateIn3 mate backRankMate discoveredAttack long
pJzBI,short
pKCyn,mateIn4 mate sacrifice exposedKing veryLong
pKFiu,short
pKGq5,quietMove rookEndgame short
pKY8M,mateIn1 mate oneMove
pKYAn,mateIn1 mate oneMove
pKgo5,fork short
pKlUp,fork short
pL00v,fork short
pL0OO,fork long
pLBFp,mateIn1 mate oneMove
pLCpG,short
pLff9,exposedKing skewer long
pLj6f,fork long
pM0VX,fork short
pM3Km,discoveredAttack short
pMWbu,mateIn3 mate backRankMate sacrifice fork long
pMYjv,mateIn1 mate oneMove
pMb3l,fork long
pN5yG,short
pNodm,fork pin long
pNrMS,intermezzo capturingDefender short
pO7oj,sacrifice fork clearance veryLong
pOFiN,intermezzo long
pONRv,quietMove veryLong
pOiKb,mateIn1 mate oneMove
pOzJz,pin short
pP5Ik,rookEndgame long
pP78j,advancedPawn long
pPZSg,mateIn2 mate kingsideAttack short
pPexl,trappedPiece short
pPsfx,short
pQ00n,mateIn1 mate oneMove
pQ6fx,mateIn2 mate pin kingsideAttack short
pQDOL,intermezzo short
pQIbg,sacrifice veryLong
pQOMB,mateIn1 mate oneMove
pQOVg,mateIn2 mate kingsideAttack short
pQbxg,mateIn2 mate short
pQn2n,collinearMove pin long
pQnhX,mateIn2 mate attraction sacrifice kingsideAttack short
pRQbX,mateIn1 mate oneMove
pRXrQ,advancedPawn quietMove defensiveMove exposedKing promotion knightEndgame veryLong
pRZMF,fork long
pRhZ4,mateIn1 mate oneMove
pRoIw,mateIn2 mate short
pSxSt,fork short
pTIoZ,mateIn1 mate backRankMate hangingPiece oneMove
pTWAq,defensiveMove queenEndgame long
pU0UJ,mateIn1 mate kingsideAttack oneMove
pUah7,advancedPawn defensiveMove promotion long
pUiwT,pawnEndgame long
pUkg5,knightEndgame long
pUpDv,advancedPawn quietMove bishopEndgame veryLong
pUwoI,discoveredAttack short
pV3XX,short
pVIE3,advancedPawn promotion rookEndgame long
pVJOP,fork short
pVPOH,mateIn2 mate short
pVPtt,mateIn2 mate attackingF2F7 short
pVSG8,deflection rookEndgame short
pVXP8,short
pVlvz,short
pVzB1,pin short
pWGXo,mateIn3 mate quietMove long
pWN9G,fork short
pWsIx,hangingPiece knightEndgame short
pWx5A,defensiveMove queenRookEndgame short
pX2en,short
pXV5n,long
pXY6p,rookEndgame short
pY2AA,mateIn2 mate short
pYXLQ,short
pYYBT,long
pYhT8,pawnEndgame veryLong
pYrik,sacrifice long
pYwiQ,quietMove long
pZ421,fork long
pZF76,fork short
pZNuH,attraction defensiveMove clearance veryLong
pZpxi,mateIn2 mate kingsideAttack short
paSsy,long
pab0k,mateIn1 mate oneMove
paiRu,sacrifice pin veryLong
pay2k,mateIn2 mate short
pbCdO,attraction fork capturingDefender long
pbaKj,mateIn2 mate anastasiaMate short
pbnqK,short
pc7Te,mateIn2 mate short
pcCDM,deflection advancedPawn promotion rookEndgame veryLong
pcN9r,mateIn1 mate rookEndgame oneMove
pcND7,defensiveMove veryLong
pcqYX,defensiveMove bishopEndgame short
pd2Hd,exposedKing long
pd6eq,mateIn2 mate deflection kingsideAttack short
pd7LO,long
pdLBM,short
pduTI,skewer rookEndgame short
pe8ST,defensiveMove pawnEndgame short
peOQO,mateIn1 mate oneMove
pekxQ,mateIn2 mate short
pfDZq,mateIn2 mate attackingF2F7 short
pfH2w,defensiveMove rookEndgame short
pfp2r,deflection short
pggrY,mateIn1 mate dovetailMate oneMove
phI1w,advancedPawn quietMove bishopEndgame long
phi9k,mateIn3 mate sacrifice long
php0P,quietMove veryLong
pikps,mateIn1 mate queenRookEndgame oneMove
pjCie,mateIn4 mate veryLong
pjEct,fork exposedKing long
pjamn,mateIn3 mate attraction sacrifice long
pk6fy,advancedPawn quietMove long
pkW6c,mateIn2 mate kingsideAttack short
pkYrK,mateIn1 mate backRankMate oneMove
pkrEJ,sacrifice short
pkrmQ,mateIn2 mate backRankMate hangingPiece short
pkwLy,deflection sacrifice fork exposedKing veryLong
plwvy,fork queenRookEndgame short
pm2jV,mateIn1 mate kingsideAttack oneMove
pmFpl,short
pmY2g,mateIn2 mate deflection interference short
pmnIc,pawnEndgame long
pn3wy,mateIn1 mate kingsideAttack oneMove
pnKiI,long
pna8a,mateIn2 mate discoveredAttack short
pnsFB,mateIn1 mate oneMove
pnyi4,mateIn1 mate oneMove
poHhI,mateIn1 mate advancedPawn oneMove
poKgB,pawnEndgame long
poPSi,sacrifice long
ppFEG,quietMove pawnEndgame long
ppS1Z,mateIn1 mate kingsideAttack oneMove
pph2x,short
pqqqU,fork short
pqt4o,defensiveMove short
prE55,mateIn2 mate backRankMate short
prSNu,fork short
prWMA,fork clearance long
prcG1,short
prpSr,mateIn1 mate kingsideAttack oneMove
ps3H8,mateIn2 mate short
psjAN,mateIn3 mate exposedKing long
psoL9,attraction sacrifice fork exposedKing long
pt5HF,mateIn1 mate kingsideAttack oneMove
pt94v,defensiveMove skewer long
ptKOd,deflection advancedPawn long
ptbP3,mateIn2 mate backRankMate short
ptuWo,mateIn1 mate oneMove
ptz36,fork short
puBjt,short
puRIz,fork pin short
pubr4,fork exposedKing long
puhAi,sacrifice short
pupVh,deflection short
pupi7,short
pvKr5,mateIn2 mate attraction sacrifice kingsideAttack short
pvPdR,mateIn3 mate exposedKing queensideAttack long
pvz31,discoveredAttack kingsideAttack short
pw09A,fork discoveredAttack pin long
pw0Xn,doubleCheck fork short
pw4KV,short
pwNEP,mateIn3 mate backRankMate sacrifice long
pwQcG,mateIn1 mate hangingPiece oneMove
pwSeF,queensideAttack short
pwljf,discoveredAttack long
pwpEv,mateIn1 mate oneMove
pwprS,quietMove short
pwy0D,rookEndgame long
pxbsQ,knightEndgame short
pxcBf,mateIn3 mate attraction long
pyFxt,deflection skewer interference long
pyOLU,sacrifice pin kingsideAttack veryLong
pyRFq,mateIn2 mate kingsideAttack short
pyawD,interference short
pzPPB,mateIn2 mate backRankMate short
pzQmF,fork long
pzXFT,fork long
pzoF9,mateIn1 mate oneMove
pzufF,discoveredAttack short
pzxXK,advancedPawn defensiveMove pawnEndgame veryLong
q0S6i,mateIn3 mate hookMate attraction sacrifice long
q0bTC,defensiveMove rookEndgame short
q0llc,pawnEndgame short
q0yfb,mateIn1 mate queenEndgame oneMove
q0zGS,advancedPawn fork discoveredAttack veryLong
q17jt,short
q1Xt8,mateIn3 mate long
q1t5j,quietMove pawnEndgame short
q20Cs,fork short
q231q,mateIn1 mate hangingPiece kingsideAttack oneMove
q26Er,fork short
q2IRP,mateIn1 mate oneMove
q2QI9,advancedPawn quietMove promotion pawnEndgame veryLong
q2iWf,advancedPawn short
q2vnY,mateIn1 mate oneMove
q37MY,kingsideAttack long
q3Hx5,mateIn2 mate short
q3Q6S,short
q3ioQ,long
q4LC2,mateIn1 mate oneMove
q4RDK,mateIn2 mate short
q4SHs,quietMove long
q4XPK,long
q4nXv,mateIn2 mate fork short
q4omP,mateIn2 mate discoveredAttack short
q4pS3,mateIn1 mate kingsideAttack oneMove
q4shJ,mateIn3 mate exposedKing long
q4vTR,long
q4wr0,mateIn1 mate oneMove
q5pNo,fork capturingDefender long
q67BT,mateIn1 mate oneMove
q6AGF,fork short
q6KgM,defensiveMove long
q6Lml,trappedPiece short
q6zbm,mateIn1 mate oneMove
q70SP,short
q70s5,kingsideAttack short
q7KFZ,mateIn1 mate kingsideAttack oneMove
q7Nlp,mateIn2 mate sacrifice short
q7tnm,mateIn2 mate hookMate short
q8GwX,quietMove long
q8M3p,short
q8sXe,advancedPawn promotion long
q8svg,mateIn1 mate queensideAttack oneMove
q8xHc,mateIn1 mate oneMove
q9Bo3,short
q9RcV,mateIn3 mate backRankMate sacrifice long
q9j0d,mateIn1 mate oneMove
q9zee,mateIn2 mate backRankMate short
qAJBu,mateIn1 mate backRankMate oneMove
qAhp3,mateIn1 mate kingsideAttack oneMove
qAjV8,defensiveMove short
qAnAO,rookEndgame long
qB1HJ,trappedPiece long
qBJqS,attraction short
qBYF6,mateIn2 mate short
qBkrm,long
qC4Ig,mateIn2 mate discoveredAttack kingsideAttack short
qCDez,mateIn1 mate attackingF2F7 oneMove
qCbrj,pin long
qCsmo,short
qD0vo,mateIn2 mate sacrifice short
qD1BK,fork veryLong
qDIZ4,long
qDL67,long
qDM5i,mateIn1 mate oneMove
qDTvn,fork long
qDyeI,mateIn1 mate rookEndgame oneMove
qE0qv,deflection short
qE9AH,mateIn1 mate oneMove
qEIs0,short
qELz5,short
qFBZk,quietMove sacrifice veryLong
qFV98,deflection short
qFhyq,fork short
qFqkx,mateIn1 mate backRankMate queenRookEndgame oneMove
qGIiC,mateIn1 mate kingsideAttack oneMove
qGQRz,long
qGSkH,quietMove pawnEndgame long
qGb3I,quietMove long
qGtlE,mateIn1 mate oneMove
qGw04,advancedPawn quietMove promotion pawnEndgame veryLong
qH3Ba,mateIn1 mate oneMove
qHMtg,fork long
qHVYU,advancedPawn rookEndgame short
qHXxZ,sacrifice exposedKing skewer long
qHdZL,defensiveMove pin short
qI7qn,short
qIAC1,advancedPawn promotion short
qIR65,long
qIXwa,short
qJ7fG,short
qJBFH,long
qJVJZ,mateIn1 mate oneMove
qK6vZ,defensiveMove short
qK95l,kingsideAttack short
qK9NA,advancedPawn pawnEndgame long
qKied,long
qKmsP,mateIn1 mate kingsideAttack oneMove
qKpND,mateIn1 mate oneMove
qL2ir,hangingPiece long
qL2wi,pin veryLong
qL3xz,mateIn2 mate sacrifice kingsideAttack short
qLTHB,mateIn1 mate oneMove
qLU3Y,mateIn2 mate kingsideAttack short
qLuYg,mateIn2 mate doubleCheck short
qLvqe,mateIn2 mate deflection queenRookEndgame short
qMFW7,deflection sacrifice clearance kingsideAttack veryLong
qMFbQ,advancedPawn exposedKing veryLong
qMLme,advancedPawn short
qMMK8,intermezzo short
qMR5S,mateIn1 mate hangingPiece kingsideAttack oneMove
qMhlr,mateIn1 mate hangingPiece oneMove
qNQHT,short
qNu6C,long
qNuvq,long
qO6rp,short
qODWu,advancedPawn promotion rookEndgame short
qON9r,pin short
qOQSN,advancedPawn promotion rookEndgame long
qOYTU,advancedPawn defensiveMove clearance short
qOiBx,intermezzo long
qOtlO,long
qOxjF,mateIn2 mate short
qPW7F,pin short
qPZLh,kingsideAttack short
qPjtS,fork short
qQ4t8,skewer short
qQGhq,mateIn1 mate oneMove
qQQE1,long
qR68E,pin short
qRLPd,fork short
qRRah,mateIn1 mate backRankMate oneMove
qRZu5,advancedPawn long
qRcux,fork exposedKing veryLong
qRwYo,hangingPiece veryLong
qS1Wq,quietMove veryLong
qSMx2,fork short
qSPFx,mateIn3 mate exposedKing kingsideAttack long
qSV5K,fork exposedKing veryLong
qSvVa,mateIn1 mate kingsideAttack oneMove
qT9ix,skewer rookEndgame short
qTKko,mateIn1 mate oneMove
qTjIa,short
qTr3S,mateIn1 mate kingsideAttack oneMove
qTwKz,mateIn2 mate short
qUJ7R,trappedPiece long
qUbfk,skewer long
qV6Xv,mateIn4 mate attraction kingsideAttack veryLong
qVIGy,fork skewer veryLong
qVRSX,advancedPawn quietMove promotion pawnEndgame veryLong
qVbcA,short
qVfgt,advancedPawn capturingDefender long
qWJv2,skewer rookEndgame short
qWR3h,pin short
qWYCt,quietMove pawnEndgame long
qWnLJ,mateIn1 mate oneMove
qY7EM,fork short
qYBcD,mateIn2 mate fork hangingPiece short
qYckX,fork short
qZ41y,long
qZ72c,rookEndgame long
qZDjA,short
qZHCy,fork short
qZLc2,mateIn1 mate oneMove
qZSmp,fork interference short
qZTY3,mateIn2 mate short
qZaIC,fork long
qZd1v,long
qZkmt,mateIn1 mate oneMove
qa9q8,mateIn1 mate oneMove
qaA8J,deflection discoveredAttack long
qaCyv,deflection exposedKing kingsideAttack long
qaMwA,defensiveMove bishopEndgame long
qaVYt,mateIn3 mate advancedPawn exposedKing kingsideAttack long
qaYAL,fork long
qabCO,mateIn1 mate rookEndgame oneMove
qan78,kingsideAttack short
qavqM,mateIn1 mate oneMove
qb0IB,pin short
qbWcB,defensiveMove short
qbZap,exposedKing veryLong
qbstr,kingsideAttack short
qcFGV,deflection fork veryLong
qcGi9,mateIn1 mate kingsideAttack oneMove
qcmFy,mateIn1 mate kingsideAttack oneMove
qd26X,short
qd4ne,short
qd8Mn,mateIn2 mate short
qdUab,fork long
qdWHj,hangingPiece short
qdiMG,mateIn1 mate oneMove
qdnfa,exposedKing long
qeIo1,mateIn2 mate short
qeQhL,clearance long
qegGO,fork collinearMove long
qejQ4,defensiveMove hangingPiece long
qenum,mateIn2 mate kingsideAttack short
qesNG,short
qf4EH,short
qfVZS,discoveredAttack exposedKing kingsideAttack long
qfqH7,pin long
qfxQk,short
qgLLQ,attraction fork long
qgjUa,mateIn1 mate oneMove
qguHI,mateIn1 mate oneMove
qh0NI,quietMove pawnEndgame long
qh3aU,mateIn1 mate oneMove
qh66H,sacrifice fork long
qhQdi,pin veryLong
qhYk2,mateIn1 mate oneMove
qhjIC,mateIn2 mate deflection short
qiOZb,mateIn2 mate short
qifRf,short
qjHfd,mateIn1 mate oneMove
qjXSY,long
qjpsG,mateIn2 mate sacrifice kingsideAttack short
qjzlE,attraction sacrifice fork veryLong
qk4ke,fork short
qkEVg,kingsideAttack short
qkMuY,attraction fork long
qkUl4,bishopEndgame short
ql3wk,short
qlsQi,long
qlxbC,fork short
qm4Ez,fork short
qmDKI,pin queensideAttack short
qmGnD,mateIn2 mate fork short
qmJZK,mateIn1 mate pin oneMove
qmWPb,long
qmbra,sacrifice long
qmgr5,short
qmxtv,short
qnUue,fork short
qnkFP,fork hangingPiece long
qnoZa,pin short
qnsmN,mateIn2 mate deflection short
qo32H,mateIn2 mate short
qoF5o,deflection short
qoY3b,mateIn1 mate oneMove
qoaEJ,fork short
qpDrZ,mateIn1 mate oneMove
qpekY,short
qqHvW,mateIn1 mate oneMove
qqVp9,kingsideAttack veryLong
qrGBz,hangingPiece short
qrORz,pawnEndgame long
qrPal,mateIn1 mate hangingPiece kingsideAttack oneMove
qrvD9,pawnEndgame long
qs79i,long
qsCvy,short
qseaA,exposedKing long
qspdp,mateIn1 mate hangingPiece oneMove
qt5wZ,defensiveMove hangingPiece short
qtL9P,mateIn2 mate short
qu1sv,mateIn1 mate oneMove
qu3AE,short
qu4pQ,kingsideAttack long
qu7aK,mateIn1 mate oneMove
quGwl,mateIn2 mate fork short
quNIC,mateIn1 mate attackingF2F7 oneMove
qumKN,veryLong
qvAvc,skewer rookEndgame short
qvCPS,quietMove rookEndgame short
qvf9s,discoveredAttack exposedKing long
qvjEN,fork short
qvzT1,short
qw1Se,long
qwM9N,short
qwPgs,defensiveMove pawnEndgame short
qx0SE,intermezzo short
qx85l,mateIn2 mate backRankMate short
qxGvf,fork short
qxL97,mateIn1 mate oneMove
qxRRu,discoveredAttack short
qxVb7,skewer short
qxf0I,short
qxh21,mateIn2 mate short
qywCv,quietMove rookEndgame long
qzA3L,defensiveMove pin long
qzAdm,short
qzG3J,attraction deflection advancedPawn discoveredAttack veryLong
qzfgK,pawnEndgame short
qzmP1,quietMove knightEndgame long
r09Lh,queenEndgame long
r0BAK,mateIn1 mate oneMove
r0C5R,advancedPawn bishopEndgame short
r0Iie,mateIn2 mate kingsideAttack short
r0Lyr,mateIn3 mate exposedKing long
r0mwc,exposedKing veryLong
r0rhj,long
r0zvv,mateIn1 mate oneMove
r1NWH,mateIn3 mate long
r1Qyl,mateIn2 mate short
r2MDY,deflection rookEndgame long
r2evG,mateIn1 mate oneMove
r2nqP,mateIn1 mate oneMove
r2yMV,advancedPawn long
r3NX8,rookEndgame short
r3gLf,quietMove defensiveMove queenEndgame long
r4Dpp,veryLong
r4LWb,short
r4a0U,mateIn1 mate oneMove
r4kog,deflection veryLong
r4oB5,long
r4sDJ,mateIn1 mate backRankMate hangingPiece oneMove
r5fuX,queenEndgame long
r5mH8,quietMove fork long
r5wbK,mateIn2 mate queenRookEndgame short
r5zLQ,pin short
r6ckr,long
r72CJ,advancedPawn quietMove promotion pawnEndgame veryLong
r7TS4,mateIn2 mate hookMate sacrifice collinearMove short
r7cIN,defensiveMove short
r7gB1,exposedKing long
r7qWD,mateIn2 mate kingsideAttack short
r8235,skewer short
r8Ntg,mateIn2 mate queenRookEndgame short
r8j6L,discoveredAttack long
r8o6z,short
r8voh,long
r9VMk,mateIn1 mate advancedPawn promotion oneMove
rA8kD,mateIn2 mate arabianMate short
rADIZ,mateIn1 mate kingsideAttack oneMove
rAkfV,long
rBAR3,quietMove long
rBKZj,long
rBZbQ,fork short
rBbux,mateIn1 mate oneMove
rBdd3,pin clearance long
rCBQ3,short
rCE8m,defensiveMove pawnEndgame short
rCaQT,mateIn3 mate long
rCf2W,bishopEndgame short
rDMa5,mateIn2 mate short
rDRmh,bishopEndgame long
rDV1Z,quietMove long
rDZV4,fork short
rDdHS,advancedPawn defensiveMove clearance bishopEndgame short
rDyhp,sacrifice long
rEFLx,mateIn3 mate attraction deflection sacrifice fork discoveredAttack long
rEYmv,mateIn1 mate backRankMate hangingPiece oneMove
rEpDC,fork long
rErMe,defensiveMove short
rFCJe,fork long
rFQlI,attraction short
rFgWa,mateIn1 mate oneMove
rFjQP,skewer short
rFsOB,mateIn3 mate attraction sacrifice kingsideAttack long
rFvbp,mateIn1 mate oneMove
rG5nP,deflection short
rGFjF,advancedPawn short
rGMTW,mateIn5 mate hangingPiece queensideAttack veryLong
rGVcN,mateIn1 mate oneMove
rHJ2m,short
rHa8S,defensiveMove rookEndgame short
rHvQM,long
rHzWr,mateIn1 mate oneMove
rI4hy,mateIn1 mate oneMove
rJPnh,skewer rookEndgame short
rKSe2,mateIn2 mate short
rKeX3,mateIn1 mate oneMove
rL1hk,pin queensideAttack long
rLCG5,mateIn2 mate queenRookEndgame short
rLILi,rookEndgame long
rLft2,long
rLxh9,mateIn1 mate oneMove
rM2IM,mateIn1 mate oneMove
rM72u,sacrifice short
rMsgK,rookEndgame long
rMslf,short
rN9Vq,mateIn1 mate kingsideAttack oneMove
rNEDm,advancedPawn long
rNKHA,short
rNKZQ,mateIn2 mate queenRookEndgame short
rNphA,quietMove pawnEndgame long
rNpsF,quietMove long
rNqIE,fork short
rNwrd,fork long
rOMnK,hangingPiece long
rOYmq,advancedPawn quietMove exposedKing pawnEndgame veryLong
rOj2f,advancedPawn rookEndgame long
rOjaH,short
rOtxz,mateIn1 mate oneMove
rPAVR,mateIn4 mate backRankMate sacrifice xRayAttack fork veryLong
rPN1P,quietMove long
rPN2M,mateIn2 mate advancedPawn doubleCheck promotion short
rPoaa,mateIn1 mate oneMove
rQ1hV,bishopEndgame short
rRZwW,short
rRk0n,long
rRlgW,fork short
rSSmh,mateIn1 mate oneMove
rSSmj,short
rTPcP,mateIn1 mate oneMove
rTVN4,advancedPawn defensiveMove short
rTc5e,mateIn2 mate short
rTjL2,hangingPiece short
rTpYR,skewer short
rTw9k,mateIn1 mate oneMove
rU7LM,mateIn1 mate oneMove
rULEc,long
rUcxj,long
rVCHK,mateIn3 mate backRankMate sacrifice long
rVEwJ,discoveredAttack enPassant long
rVHeU,mateIn1 mate oneMove
rVt3e,short
rVwG6,mateIn3 mate long
rWHIX,mateIn1 mate oneMove
rWK5j,fork short
rWN1Y,veryLong
rWWvl,mateIn1 mate oneMove
rWp0I,advancedPawn defensiveMove short
rXV5J,fork exposedKing long
rXhVy,discoveredAttack pin rookEndgame long
rYEgu,mateIn3 mate kingsideAttack long
rYGFs,fork short
rYbXO,attraction skewer long
rYomL,mateIn3 mate anastasiaMate pin long
rYq1i,mateIn1 mate oneMove
rYut2,mateIn2 mate short
rYzEg,mateIn2 mate doubleCheck kingsideAttack short
rZ9gE,mateIn1 mate oneMove
rZC1f,pawnEndgame short
rZFOF,mateIn1 mate oneMove
rZNF0,discoveredAttack short
rZOk6,defensiveMove exposedKing pin long
rZkGg,pin long
ra5NE,fork short
raaBN,discoveredAttack long
raiKO,queensideAttack long
rajM4,pin short
raupb,quietMove long
rb8hM,deflection long
rbMCp,clearance long
rbNZx,sacrifice kingsideAttack long
rbROw,attraction deflection sacrifice fork capturingDefender long
rbUTZ,mateIn4 mate backRankMate deflection sacrifice veryLong
rblBr,mateIn2 mate backRankMate sacrifice xRayAttack short
rbmRA,advancedPawn fork long
rboGd,mateIn2 mate short
rbq0M,mateIn1 mate oneMove
rc1RZ,quietMove pin short
rc8jZ,discoveredAttack long
rcB5U,mateIn1 mate oneMove
rcBzE,kingsideAttack short
rcDlP,short
rcVoX,attraction fork discoveredAttack exposedKing veryLong
rcWjb,mateIn3 mate backRankMate sacrifice fork long
rch73,mateIn3 mate kingsideAttack long
rdBXH,mateIn5 mate attraction sacrifice kingsideAttack veryLong
rdFx1,advancedPawn rookEndgame long
rdTQq,fork short
rdXen,mateIn3 mate backRankMate sacrifice long
rdzlU,fork long
reF75,discoveredAttack short
reWfd,fork short
rebta,fork short
rem34,mateIn2 mate short
renuY,fork pin long
reqyp,short
retRz,short
rezHf,mateIn3 mate long
rfEqT,quietMove trappedPiece knightEndgame veryLong
rfGii,mateIn1 mate kingsideAttack oneMove
rfSeF,veryLong
rfzhw,defensiveMove short
rgCjf,advancedPawn rookEndgame short
rgI0r,knightEndgame short
rgKtq,mateIn2 mate short
rgmsv,short
rh6MV,mateIn2 mate deflection kingsideAttack short
rhCQx,sacrifice fork long
rhRHC,kingsideAttack short
rhTCx,short
rhYvY,short
rhytc,defensiveMove hangingPiece long
rhyzs,mateIn1 mate oneMove
riIr5,xRayAttack long
riZxO,hangingPiece long
ris1d,mateIn2 mate advancedPawn knightEndgame short
rizkA,mateIn1 mate oneMove
rj44u,short
rjL28,discoveredAttack short
rjT0e,mateIn1 mate oneMove
rjj63,attraction deflection sacrifice fork exposedKing long
rjzNw,mateIn1 mate oneMove
rk2sN,long
rkGfQ,long
rkKAn,fork short
rkYmR,short
rks1H,fork short
rluzk,pawnEndgame short
rmVvO,fork long
rmjYB,quietMove fork long
rn4Dd,mateIn3 mate long
rnUC3,fork queenRookEndgame short
rnxtR,pin long
roCmz,attraction fork long
roQ9T,veryLong
roYVB,quietMove long
rob1f,mateIn1 mate oneMove
royvJ,mateIn2 mate deflection kingsideAttack short
roz6u,short
rp0jV,attraction sacrifice fork veryLong
rp27F,sacrifice pin short
rp3FH,short
rpAlV,mateIn1 mate oneMove
rpXgv,discoveredAttack long
rqPdi,short
rqTVf,defensiveMove long
rqb2D,pin capturingDefender long
rqj6I,mateIn1 mate oneMove
rrRgu,pin short
rrW9q,fork short
rrjTw,short
rs5mn,mateIn1 mate oneMove
rs9Bf,fork long
rsA9Y,mateIn1 mate kingsideAttack oneMove
rsBn2,mateIn1 mate oneMove
rsEXh,mateIn3 mate hookMate long
rswJ2,mateIn2 mate sacrifice short
rtF6K,long
rtR27,short
rtVhW,mateIn2 mate kingsideAttack short
rtzVI,discoveredAttack long
ruASM,mateIn3 mate backRankMate long
ruBzu,mateIn2 mate attraction sacrifice short
ruZmi,defensiveMove hangingPiece short
ruanz,attraction sacrifice long
rum9z,attraction fork long
rumEB,mateIn2 mate sacrifice kingsideAttack short
rvYx5,mateIn1 mate kingsideAttack oneMove
rvamu,long
rvqnH,queenRookEndgame short
rvtSa,mateIn2 mate short
rwGQm,pin short
rwNp3,deflection kingsideAttack long
rwRcc,mateIn2 mate rookEndgame short
rwZQy,deflection advancedPawn long
rxQx5,mateIn1 mate oneMove
rxbNR,mateIn2 mate short
rxpfx,mateIn1 mate smotheredMate oneMove
rxq6j,deflection pin kingsideAttack short
rxzTf,defensiveMove rookEndgame long
ryKBi,mateIn1 mate queensideAttack oneMove
rz1cS,advancedPawn promotion rookEndgame long
s0DUj,mateIn1 mate oneMove
s0lPS,short
s0mgW,mateIn1 mate oneMove
s0uPN,kingsideAttack short
s1MfO,mateIn2 mate backRankMate rookEndgame short
s2Kw5,discoveredAttack exposedKing kingsideAttack long
s2Ymt,mateIn2 mate short
s2lQe,mateIn2 mate queensideAttack short
s2mpy,defensiveMove pawnEndgame short
s2stK,mateIn1 mate oneMove
s2yX4,mateIn2 mate short
s36cB,trappedPiece long
s3Kb8,pin short
s3ql9,advancedPawn quietMove sacrifice exposedKing intermezzo clearance promotion veryLong
s3ulY,short
s4DKl,short
s4O2g,mateIn1 mate oneMove
s4XC1,deflection kingsideAttack short
s4jeH,discoveredAttack short
s4jkq,attraction sacrifice fork long
s4kDC,skewer short
s4q36,long
s4r5q,mateIn2 mate discoveredAttack short
s4w2P,short
s5JHs,mateIn2 mate short
s5X8z,defensiveMove long
s5Yxe,attraction skewer rookEndgame veryLong
s5adI,mateIn1 mate oneMove
s5lQW,mateIn2 mate backRankMate short
s5tYT,pin long
s6XNI,mateIn2 mate short
s6lkA,sacrifice short
s6tdf,mateIn1 mate backRankMate hangingPiece oneMove
s7SWI,short
s7VuW,mateIn2 mate discoveredAttack kingsideAttack short
s8Dp4,defensiveMove interference long
s8UWX,fork intermezzo short
s8lfv,short
s8zM5,long
s9BDl,advancedPawn sacrifice promotion long
s9V3d,mateIn2 mate backRankMate sacrifice short
s9swQ,fork long
s9zjJ,fork short
sA7dh,attraction kingsideAttack long
sA9V4,fork long
sAU9M,skewer short
sAZ0e,mateIn3 mate sacrifice clearance kingsideAttack long
sAeF8,deflection discoveredAttack skewer short
sAsnA,skewer short
sBSMQ,short
sBbht,mateIn3 mate sacrifice kingsideAttack long
sCacn,mateIn1 mate oneMove
sCcdJ,mateIn1 mate hangingPiece rookEndgame oneMove
sCdzx,quietMove short
sCxlT,mateIn1 mate discoveredAttack oneMove
sDRXG,mateIn3 mate sacrifice long
sDUi7,attraction sacrifice fork long
sDWs6,mateIn1 mate oneMove
sDcv1,fork veryLong
sDpaF,kingsideAttack long
sDsHF,mateIn1 mate backRankMate hangingPiece oneMove
sEA6P,defensiveMove long
sENN8,pin short
sERKv,queensideAttack veryLong
sEYTe,mateIn2 mate short
sEgzo,mateIn1 mate kingsideAttack oneMove
sEkdH,mateIn2 mate rookEndgame short
sEl04,advancedPawn promotion short
sF5yT,fork short
sFOJa,deflection defensiveMove long
sFpHe,pawnEndgame veryLong
sFwpE,mateIn2 mate queensideAttack short
sGHsD,mateIn2 mate short
sGO00,mateIn1 mate oneMove
sGcu6,fork short
sGog5,defensiveMove short
sHRsX,fork long
sHVRe,quietMove pawnEndgame long
sINIL,mateIn2 mate clearance kingsideAttack short
sIamV,advancedPawn knightEndgame veryLong
sIv6Q,deflection advancedPawn pin promotion rookEndgame long
sJ3c5,mateIn3 mate deflection sacrifice discoveredAttack long
sJSJD,mateIn3 mate sacrifice long
sJio3,fork long
sJsyj,mateIn2 mate backRankMate xRayAttack short
sJzAP,pawnEndgame long
sK5PH,short
sKGB4,short
sKLdy,defensiveMove long
sKNw1,queensideAttack veryLong
sKPA3,quietMove veryLong
sLrqR,mateIn2 mate sacrifice fork short
sMHjY,mateIn2 mate rookEndgame short
sMMjy,rookEndgame short
sMaoz,mateIn4 mate backRankMate deflection sacrifice veryLong
sMnHb,mateIn1 mate oneMove
sN0ys,short
sN22y,short
sN5e9,mateIn3 mate attraction sacrifice long
sNPgm,mateIn1 mate kingsideAttack oneMove
sNRX0,mateIn1 mate oneMove
sNf96,kingsideAttack short
sNizB,mateIn2 mate sacrifice short
sNjKI,pawnEndgame long
sNl5q,advancedPawn clearance promotion long
sNuTZ,attraction capturingDefender rookEndgame long
sO3w8,fork long
sOC2u,long
sOIrR,mateIn1 mate oneMove
sPQNn,mateIn2 mate short
sPaZi,mateIn1 mate oneMove
sPmzy,pawnEndgame short
sPvFK,advancedPawn pin promotion rookEndgame short
sQ8Fv,mateIn1 mate kingsideAttack oneMove
sQFnB,mateIn1 mate oneMove
sQRZr,skewer short
sQSDA,mateIn2 mate short
sQbmM,mateIn2 mate attraction sacrifice pin short
sQpHU,sacrifice discoveredAttack long
sQuMB,mateIn2 mate short
sR25y,advancedPawn pawnEndgame short
sR4QY,fork short
sRDKW,mateIn2 mate deflection short
sREhE,skewer long
sSZX5,fork short
sSeyp,knightEndgame short
sSnzL,mateIn1 mate oneMove
sTIF9,pin kingsideAttack long
sTxbr,rookEndgame long
sUFB7,rookEndgame short
sUXFo,attraction advancedPawn fork veryLong
sUf42,mateIn2 mate short
sUrFH,deflection long
sV6NB,fork short
sV71G,mateIn1 mate hangingPiece kingsideAttack oneMove
sVFmR,quietMove defensiveMove long
sVQ4y,advancedPawn promotion long
sVRcK,advancedPawn quietMove rookEndgame short
sVY2C,pin clearance veryLong
sVfm8,advancedPawn short
sVwrk,advancedPawn pawnEndgame long
sW08V,mateIn1 mate oneMove
sWalf,fork short
sXGTJ,discoveredAttack veryLong
sXJqE,short
sXTr8,mateIn4 mate veryLong
sXcH4,mateIn1 mate oneMove
sYuLV,long
sZVSC,short
sZkxc,intermezzo short
sZxA6,mateIn1 mate rookEndgame oneMove
sa1ot,hangingPiece pin short
saCJa,pawnEndgame long
saTEl,mateIn1 mate oneMove
saU9Q,fork discoveredAttack exposedKing long
sabvB,discoveredAttack intermezzo short
sazPa,mateIn1 mate hangingPiece rookEndgame oneMove
sbC0x,defensiveMove skewer bishopEndgame long
sbKIX,quietMove long
sbOb7,quietMove fork veryLong
sblzK,exposedKing long
sbyTx,exposedKing long
scMNs,long
scuNG,mateIn1 mate oneMove
sd83v,mateIn2 mate short
sdHWV,pin short
sdPc9,defensiveMove long
sdPhW,fork short
sdcQr,defensiveMove long
sdkTN,mateIn1 mate oneMove
seJXw,mateIn1 mate oneMove
semeh,veryLong
sfWFq,short
sfa1E,attraction kingsideAttack short
sg2bp,advancedPawn promotion queenRookEndgame long
sgMsd,queenEndgame long
sgnaG,mateIn2 mate short
siGvF,deflection discoveredAttack short
siJZU,fork long
siX7e,mateIn1 mate oneMove
sis2i,pin short
sj36H,mateIn5 mate attraction sacrifice clearance queensideAttack veryLong
sjBYA,deflection short
sjQER,sacrifice fork exposedKing long
sjuRS,defensiveMove queenEndgame veryLong
skCwW,mateIn2 mate rookEndgame short
skMGA,fork short
skemb,mateIn3 mate exposedKing pin long
slAiR,queenRookEndgame short
slSHY,discoveredAttack short
slXpT,advancedPawn knightEndgame short
sln52,mateIn2 mate short
sls2U,fork discoveredAttack short
smaCp,mateIn2 mate queenEndgame short
smaxa,mateIn1 mate kingsideAttack oneMove
smemQ,mateIn1 mate oneMove
smhZ4,discoveredAttack short
sn3Ej,pin kingsideAttack veryLong
sn6p3,short
snCyb,fork long
snJ8t,pin long
snhvO,defensiveMove short
snkQj,deflection exposedKing queensideAttack long
snmHb,discoveredAttack short
snqgQ,mateIn3 mate sacrifice long
snzX3,short
so7Ue,attraction sacrifice fork long
soEZv,long
soMVn,quietMove pin veryLong
soiAB,deflection short
sowyI,short
spFV5,mateIn1 mate oneMove
spOrQ,mateIn2 mate short
spQwJ,long
speVW,long
sqKKx,long
sqTo1,mateIn2 mate short
sqZVj,bishopEndgame short
squUw,mateIn1 mate oneMove
sr5Rm,long
srKXu,mateIn1 mate doubleBishopMate oneMove
srdoG,pawnEndgame veryLong
srhv6,short
ss0cF,long
ss4xi,skewer long
ssjfa,exposedKing veryLong
sslEc,knightEndgame short
sstJy,long
st4Jh,mateIn1 mate anastasiaMate oneMove
st4dF,defensiveMove short
stMoJ,mateIn1 mate oneMove
stWYi,mateIn1 mate attackingF2F7 oneMove
stXCw,attraction defensiveMove long
stl5P,defensiveMove short
strca,rookEndgame short
stwqi,advancedPawn defensiveMove long
su1yP,defensiveMove rookEndgame short
suXZJ,mateIn1 mate kingsideAttack oneMove
suah5,attraction sacrifice fork long
sucxD,mateIn2 mate kingsideAttack short
suhVy,deflection pin veryLong
susS5,mateIn2 mate backRankMate fork short
sv0nj,short
sv5l1,defensiveMove hangingPiece short
sv9Dm,fork long
svAUt,mateIn1 mate backRankMate oneMove
svBEw,short
svzjp,defensiveMove short
swI39,quietMove defensiveMove veryLong
swaEQ,mateIn2 mate kingsideAttack short
swcHl,hangingPiece short
swm4g,sacrifice fork pin clearance long
swnVS,mateIn1 mate oneMove
sx20J,mateIn1 mate kingsideAttack oneMove
syRUX,deflection short
sykH7,fork short
symFq,mateIn1 mate oneMove
syxtu,mateIn1 mate oneMove
syyHV,short
sz9G1,short
szLbM,quietMove sacrifice bishopEndgame long
szTva,pin long
szUew,short
szlqN,mateIn2 mate rookEndgame short
szrxD,short
t01dP,mateIn1 mate kingsideAttack oneMove
t0NNY,attraction sacrifice fork long
t0aoT,advancedPawn sacrifice long
t0oGT,hangingPiece veryLong
t1AoR,mateIn1 mate oneMove
t1EmB,defensiveMove short
t1STI,intermezzo short
t1WnD,fork short
t1d5w,mateIn3 mate pin long
t2E2c,mateIn2 mate short
t2EWk,mateIn1 mate oneMove
t2S6c,short
t2Vjs,mateIn1 mate oneMove
t2XbL,deflection sacrifice fork veryLong
t2bvX,mateIn1 mate oneMove
t2fQd,short
t2wKT,mateIn2 mate rookEndgame short
t3Klv,sacrifice fork exposedKing veryLong
t3Qxg,mateIn2 mate queenRookEndgame short
t3wlb,mateIn2 mate discoveredAttack short
t41dk,long
t4CSI,mateIn2 mate kingsideAttack short
t4KI4,short
t58Fd,short
t5N3E,skewer short
t6FhZ,mateIn2 mate short
t6MbR,long
t6Ub4,pin short
t6iHl,mateIn2 mate short
t6r2B,mateIn2 mate short
t6x6Q,pin long
t75tl,short
t7Hrc,veryLong
t8DA6,mateIn3 mate long
t8It2,mateIn1 mate oneMove
t8SGL,long
t8qGA,mateIn2 mate discoveredAttack short
t8v1o,long
t909F,advancedPawn promotion pawnEndgame veryLong
t9VqO,mateIn2 mate kingsideAttack short
t9dJu,mateIn1 mate oneMove
t9lc5,short
tA0AI,mateIn2 mate kingsideAttack short
tADMm,quietMove pawnEndgame veryLong
tANas,clearance long
tAOug,advancedPawn quietMove long
tAfZU,mateIn1 mate rookEndgame oneMove
tAkrJ,mateIn2 mate backRankMate sacrifice xRayAttack short
tBFwZ,mateIn2 mate short
tBGjq,fork short
tBJ6f,sacrifice pin kingsideAttack veryLong
tBKMr,veryLong
tBgam,short
tBk25,fork veryLong
tBp1F,quietMove defensiveMove short
tBpyQ,pawnEndgame short
tBxaQ,short
tC5qg,mateIn1 mate kingsideAttack oneMove
tCE9a,mateIn2 mate deflection discoveredAttack short
tCFnn,veryLong
tCXi4,mateIn1 mate anastasiaMate oneMove
tCk2n,long
tCmor,mateIn3 mate long
tCqRx,mateIn4 mate attraction deflection sacrifice discoveredAttack exposedKing pin veryLong
tD1yQ,short
tDB2U,short
tDC6y,pin long
tDDUe,pawnEndgame short
tDGkG,mateIn1 mate oneMove
tDeAe,mateIn2 mate short
tEAYf,quietMove knightEndgame long
tECz2,mateIn1 mate oneMove
tEIpg,mateIn1 mate oneMove
tEiem,advancedPawn promotion long
tEosk,mateIn2 mate short
tF18O,mateIn4 mate sacrifice exposedKing veryLong
tFKeF,mateIn2 mate queensideAttack short
tFLsw,kingsideAttack short
tFQkq,sacrifice discoveredAttack long
tFSGv,mateIn1 mate kingsideAttack oneMove
tFU64,long
tG0FS,mateIn1 mate oneMove
tGIaX,short
tGNz2,mateIn1 mate oneMove
tGiYd,mateIn2 mate fork short
tGvEf,mateIn3 mate attraction sacrifice fork intermezzo long
tHb0X,discoveredAttack long
tHd49,deflection long
tHgfh,quietMove short
tHoxc,short
tI1KS,mateIn2 mate short
tI1tz,mateIn3 mate backRankMate deflection long
tICAN,short
tIeS1,short
tIlRD,advancedPawn short
tIzFG,quietMove pawnEndgame veryLong
tJCRv,mateIn2 mate deflection rookEndgame short
tJK5L,deflection kingsideAttack long
tJihg,mateIn1 mate oneMove
tJjRt,mateIn2 mate short
tKGHr,pin long
tKMIi,pin kingsideAttack long
tKhFk,long
tKoGc,mateIn2 mate discoveredAttack short
tL3aS,deflection rookEndgame short
tL5Ki,mateIn1 mate oneMove
tLBvW,quietMove pawnEndgame long
tLGyx,advancedPawn defensiveMove knightEndgame long
tLzDs,deflection skewer short
tMI16,mateIn2 mate kingsideAttack short
tMIxd,deflection fork long
tMNAZ,mateIn1 mate oneMove
tMlxy,defensiveMove clearance veryLong
tNB5g,mateIn1 mate oneMove
tNRrz,deflection kingsideAttack veryLong
tNpCd,rookEndgame veryLong
tO3Cl,mateIn3 mate backRankMate sacrifice fork long
tO5Of,mateIn1 mate oneMove
tOOMV,mateIn2 mate short
tOY8v,fork short
tOjOW,pin short
tPAkE,fork short
tPTVh,mateIn2 mate queensideAttack short
tPmeq,discoveredAttack long
tQbDR,mateIn2 mate kingsideAttack short
tQfFQ,skewer short
tQi8Z,mateIn2 mate rookEndgame short
tQlom,short
tQpYT,attraction fork long
tR09d,kingsideAttack short
tR9zu,fork long
tRBbE,long
tRXQp,advancedPawn bishopEndgame short
tS3HA,mateIn1 mate oneMove
tSCOt,mateIn1 mate rookEndgame oneMove
tSQKD,mateIn2 mate short
tSTv0,fork short
tSaXJ,mateIn2 mate kingsideAttack short
tSk15,pawnEndgame veryLong
tSvjT,fork pin veryLong
tSxdZ,mateIn1 mate oneMove
tTPJl,long
tTeBr,skewer queenEndgame long
tTy4i,deflection short
tUGm0,long
tUJEv,mateIn2 mate short
tUQBg,quietMove queenEndgame veryLong
tUZRf,sacrifice long
tVDfy,discoveredAttack short
tVHzq,mateIn2 mate pin short
tVniD,mateIn1 mate oneMove
tWUY3,pin short
tX152,mateIn1 mate rookEndgame oneMove
tXCyc,mateIn3 mate advancedPawn exposedKing promotion long
tXVC7,attraction sacrifice fork exposedKing long
tXaiC,intermezzo enPassant kingsideAttack long
tXh2q,discoveredAttack short
tY7fB,mateIn3 mate backRankMate sacrifice long
tYPaV,mateIn2 mate short
tYQpC,fork short
tYRyu,pin short
tYb5k,mateIn2 mate sacrifice short
tYlh6,fork short
tZR01,mateIn1 mate oneMove
tZWAM,short
tZXki,mateIn1 mate oneMove
tZen1,mateIn1 mate smotheredMate oneMove
tZgby,short
tZx6F,fork long
tZxVd,mateIn1 mate attackingF2F7 oneMove
taSj2,mateIn1 mate kingsideAttack oneMove
taSqp,long
taV0U,pin short
taZLa,sacrifice fork long
tagnT,mateIn1 mate oneMove
talLq,advancedPawn short
tazBC,deflection short
tb204,mateIn3 mate sacrifice long
tbPtW,advancedPawn short
tbhTm,fork short
tbu5r,short
tc4t1,pin capturingDefender short
tcdbX,bishopEndgame short
tczuD,short
tdGy2,mateIn3 mate sacrifice exposedKing long
tdVtH,fork short
tdqxm,deflection short
te0A7,mateIn1 mate rookEndgame oneMove
teBO2,mateIn1 mate kingsideAttack oneMove
teUWF,mateIn1 mate attackingF2F7 oneMove
tejRw,sacrifice fork long
tekIl,long
telj7,discoveredAttack kingsideAttack long
tetcp,trappedPiece short
teuDt,fork short
teuH1,mateIn2 mate rookEndgame short
tf3Qq,discoveredAttack short
tf65K,mateIn2 mate kingsideAttack short
tfHmV,mateIn2 mate short
tfWQv,advancedPawn promotion long
tfaQl,deflection advancedPawn promotion short
tfbwh,kingsideAttack short
tffRY,mateIn3 mate backRankMate rookEndgame long
tfpVJ,mateIn1 mate oneMove
tfwC5,short
tgYcz,discoveredAttack bishopEndgame short
tgdp9,pin long
tgh6e,discoveredAttack kingsideAttack short
tgnlB,fork short
tgqYu,mateIn2 mate backRankMate short
tgtlC,fork long
thBYK,short
thBoX,mateIn1 mate oneMove
thUYc,sacrifice long
thYl3,skewer rookEndgame short
thZnQ,fork discoveredAttack long
thxxb,mateIn3 mate smotheredMate doubleCheck sacrifice kingsideAttack long
thyHQ,long
ti0oW,mateIn1 mate oneMove
tiGA6,discoveredAttack short
tiVUr,sacrifice kingsideAttack long
tiZue,defensiveMove long
tipMD,long
tiqdL,mateIn1 mate oneMove
tj5gf,mateIn1 mate oneMove
tj9JB,sacrifice pin kingsideAttack veryLong
tjDAw,short
tjiVV,mateIn2 mate backRankMate short
tjmGd,mateIn2 mate short
tjnqP,kingsideAttack short
tkbpt,mateIn3 mate attraction sacrifice long
tkowg,queensideAttack short
tkpdB,advancedPawn promotion rookEndgame veryLong
tl3BF,short
tlEhk,mateIn2 mate short
tlbKv,mateIn1 mate oneMove
tll1D,rookEndgame long
tm05X,queensideAttack short
tm2ee,mateIn2 mate attraction sacrifice kingsideAttack short
tm3Hz,hangingPiece veryLong
tmJso,mateIn2 mate short
tmWYB,fork short
tmoS8,fork long
tmzJe,short
tnSW8,discoveredAttack short
tnrgl,pin short
tnv1c,mateIn2 mate backRankMate short
to0Hp,skewer long
to34R,mateIn3 mate sacrifice long
toC8D,long
toDY3,fork short
toHV5,quietMove long
toLXb,pin capturingDefender long
tpHFe,skewer short
tphMS,fork short
tpkDW,mateIn1 mate oneMove
tpwhE,mateIn1 mate oneMove
tq6lO,long
tqAXM,mateIn3 mate hookMate sacrifice long
tqAho,mateIn1 mate kingsideAttack oneMove
tqE5o,fork short
tqXcz,advancedPawn quietMove knightEndgame veryLong
tqYhX,long
tr29x,mateIn2 mate backRankMate queenEndgame short
truDb,mateIn2 mate short
ts9GJ,short
tsKLv,mateIn1 mate queenEndgame oneMove
tsPYn,fork long
tspJv,short
tsqQd,rookEndgame long
tssEi,fork short
tssuh,mateIn2 mate sacrifice short
tswPN,mateIn1 mate oneMove
ttCrl,short
ttUHj,mateIn1 mate oneMove
ttYg5,fork short
ttqCb,mateIn2 mate short
tuMCs,advancedPawn hangingPiece long
tuUf6,short
tueNF,short
tufRH,intermezzo short
tur97,mateIn1 mate kingsideAttack oneMove
tvDwN,attraction sacrifice pin kingsideAttack veryLong
tvFS5,short
tvIpu,advancedPawn promotion rookEndgame veryLong
tvND3,kingsideAttack long
twlcP,mateIn2 mate short
twwEL,mateIn2 mate backRankMate fork short
tx3X1,mateIn2 mate backRankMate short
txyPb,mateIn1 mate kingsideAttack oneMove
tyHdb,short
tyToK,defensiveMove short
tyc2I,short
tylal,mateIn1 mate kingsideAttack oneMove
tyuV3,fork long
tywOa,short
tyzq9,mateIn1 mate kingsideAttack oneMove
tz037,mateIn1 mate oneMove
tzBeX,fork short
tzHju,advancedPawn promotion short
tzHsZ,mateIn1 mate oneMove
tzanN,quietMove short
u004J,attraction pin veryLong
u08hy,mateIn2 mate fork short
u0Ltx,mateIn2 mate kingsideAttack short
u0RWs,advancedPawn quietMove rookEndgame veryLong
u0ZJI,mateIn1 mate oneMove
u0eGp,pawnEndgame short
u0qZa,mateIn1 mate doubleBishopMate kingsideAttack oneMove
u1Fzb,mateIn1 mate hookMate oneMove
u1Gn7,mateIn1 mate oneMove
u1PiM,mateIn1 mate hangingPiece oneMove
u1cPH,mateIn1 mate attackingF2F7 oneMove
u222g,deflection advancedPawn sacrifice promotion veryLong
u2Dqq,mateIn2 mate short
u2LuJ,advancedPawn defensiveMove sacrifice long
u2aAf,advancedPawn short
u3GpK,mateIn2 mate doubleCheck fork short
u3JUz,mateIn2 mate kingsideAttack short
u3QFh,mateIn1 mate oneMove
u3aWV,fork long
u3eHD,fork long
u3hrq,attraction advancedPawn fork exposedKing promotion veryLong
u3qyV,mateIn1 mate oneMove
u3uCx,interference kingsideAttack short
u445H,mateIn1 mate oneMove
u4CMb,mateIn3 mate long
u4HED,long
u4KLL,fork short
u4KRO,short
u4cmh,mateIn1 mate oneMove
u4pgy,mateIn3 mate sacrifice fork clearance long
u5C2o,discoveredAttack long
u5fGU,mateIn1 mate oneMove
u5j5X,attraction fork discoveredAttack long
u5zB1,short
u664X,mateIn2 mate short
u66Dy,fork short
u6Znq,advancedPawn bishopEndgame short
u6brO,fork short
u6rtn,mateIn1 mate oneMove
u70Lf,hangingPiece short
u76l4,advancedPawn rookEndgame long
u7Vph,mateIn2 mate sacrifice discoveredAttack short
u7gif,fork capturingDefender long
u8Cwy,fork short
u8JOB,queensideAttack long
u8UV2,discoveredAttack exposedKing long
u8ZOD,intermezzo kingsideAttack long
u8eJt,short
u8jb3,mateIn1 mate oneMove
u9Cvz,long
u9Vzc,fork short
u9a1a,advancedPawn rookEndgame short
u9fxT,short
u9qJL,quietMove skewer rookEndgame veryLong
u9qfU,mateIn3 mate attraction sacrifice long
u9vpY,attraction discoveredAttack exposedKing pin long
uA6tO,discoveredAttack short
uAbiu,short
uAn7h,deflection rookEndgame short
uB4SX,mateIn1 mate kingsideAttack oneMove
uBDGW,advancedPawn long
uBTvM,short
uC4E7,pin short
uCIfg,fork exposedKing pin long
uCLVC,mateIn1 mate oneMove
uCoF6,short
uCoXa,discoveredAttack short
uD4SQ,mateIn1 mate oneMove
uDfVn,defensiveMove short
uDms0,pin long
uDx81,attraction short
uEB32,discoveredAttack short
uEI9N,mateIn2 mate rookEndgame short
uEXDJ,mateIn2 mate backRankMate sacrifice short
uErXJ,mateIn1 mate oneMove
uF7RQ,mateIn1 mate oneMove
uFCeG,quietMove trappedPiece bishopEndgame long
uFNY2,advancedPawn rookEndgame long
uFiVw,fork short
uFr9l,advancedPawn defensiveMove promotion knightEndgame long
uG1vU,mateIn2 mate backRankMate short
uG3WI,mateIn1 mate attackingF2F7 oneMove
uGB2w,quietMove xRayAttack kingsideAttack long
uGFUN,fork short
uGGeH,long
uGRlN,deflection fork pin long
uGx1G,advancedPawn promotion rookEndgame veryLong
uHJdw,long
uHXV8,mateIn2 mate short
uHa0q,fork long
uHhVL,fork long
uHqfM,deflection long
uHuJT,defensiveMove long
uHy2H,mateIn1 mate oneMove
uHzZZ,mateIn1 mate attackingF2F7 oneMove
uI21C,defensiveMove short
uIKU7,mateIn1 mate oneMove
uITMV,pin short
uIV8H,mateIn1 mate oneMove
uIt3O,xRayAttack short
uJ6jl,fork hangingPiece long
uJBxe,discoveredAttack interference short
uJCH6,mateIn4 mate advancedPawn sacrifice promotion veryLong
uJNyu,short
uJSZP,short
uJq9A,defensiveMove pawnEndgame long
uJqVN,attraction sacrifice capturingDefender long
uKFZu,long
uKZLa,quietMove long
uKb2q,mateIn2 mate backRankMate short
uKch4,mateIn1 mate oneMove
uKrG9,mateIn1 mate oneMove
uL2eu,mateIn2 mate short
uLTJO,mateIn2 mate discoveredAttack short
uLcGH,advancedPawn long
uLjXY,quietMove pin short
uLkA5,mateIn1 mate oneMove
uLtx8,attraction sacrifice fork long
uMbe5,mateIn2 mate deflection pin short
uMgei,mateIn1 mate kingsideAttack oneMove
uMoId,mateIn1 mate kingsideAttack oneMove
uNE3t,long
uNLt0,mateIn1 mate oneMove
uNWZ4,defensiveMove long
uNbpA,hangingPiece short
uNpuQ,short
uO3gu,short
uONQe,defensiveMove hangingPiece pin long
uOYEl,mateIn2 mate queensideAttack short
uOa30,defensiveMove long
uObqz,mateIn3 mate pin long
uOeMb,advancedPawn promotion knightEndgame short
uOmur,defensiveMove long
uP6Th,fork short
uP9nN,short
uP9oI,attraction sacrifice fork long
uPDV3,knightEndgame short
uPSQR,pin short
uPggL,short
uQ6FX,advancedPawn defensiveMove rookEndgame veryLong
uQ78p,attraction exposedKing pin kingsideAttack long
uQWKy,sacrifice long
uQzUs,kingsideAttack short
uRBEg,long
uRYXg,pawnEndgame short
uRepA,mateIn1 mate oneMove
uRqQm,mateIn3 mate attraction sacrifice kingsideAttack long
uSBCx,attraction sacrifice fork long
uSI77,mateIn2 mate short
uSMWP,quietMove knightEndgame veryLong
uSPXi,mateIn3 mate kingsideAttack long
uSZal,attraction sacrifice skewer long
uSmSo,mateIn1 mate oneMove
uSmtA,mateIn2 mate discoveredAttack short
uSn5i,short
uSwlt,mateIn2 mate sacrifice short
uTN0N,advancedPawn bishopEndgame short
uTV1J,mateIn2 mate short
uTV1K,advancedPawn promotion short
uTsjA,mateIn2 mate backRankMate sacrifice short
uTxLP,quietMove pawnEndgame veryLong
uTy07,mateIn2 mate backRankMate short
uUD5Z,fork short
uUeRd,mateIn4 mate deflection sacrifice veryLong
uUfoS,pawnEndgame long
uUvP1,fork exposedKing long
uVJtx,deflection short
uVo2Q,mateIn2 mate backRankMate sacrifice short
uW8pg,mateIn2 mate attraction sacrifice pin kingsideAttack short
uWOwx,short
uWciM,mateIn1 mate oneMove
uWwap,advancedPawn defensiveMove exposedKing knightEndgame long
uXYna,trappedPiece long
uXqeI,kingsideAttack short
uXrty,short
uXzWa,long
uYJmv,quietMove veryLong
uYNF2,quietMove clearance long
uZ7Xw,deflection short
uZjhF,mateIn2 mate pin kingsideAttack short
uZu9g,mateIn2 mate backRankMate hangingPiece short
uaXz4,mateIn1 mate oneMove
uaZMj,fork short
uahDe,advancedPawn sacrifice long
uasZS,skewer long
ubFUE,mateIn1 mate oneMove
ubIXs,mateIn2 mate short
ubLcI,short
ubksE,long
ubwpG,mateIn1 mate oneMove
ubxcC,mateIn1 mate backRankMate oneMove
ucBSE,mateIn3 mate sacrifice long
ucCkw,mateIn3 mate backRankMate sacrifice long
ucD67,quietMove rookEndgame veryLong
ucEra,mateIn2 mate short
ucPQ4,pin queensideAttack short
uccZ7,mateIn2 mate advancedPawn promotion short
ucdNb,mateIn1 mate attackingF2F7 oneMove
uciBa,discoveredAttack exposedKing long
ucvRt,queenEndgame veryLong
ud8VA,mateIn1 mate oneMove
udDyQ,mateIn1 mate oneMove
udL6t,fork short
udQvL,long
udYcQ,mateIn2 mate sacrifice short
udiW9,fork long
udkPA,mateIn1 mate oneMove
uehLD,long
uesuS,mateIn1 mate oneMove
uf8kk,fork queenRookEndgame short
ufXGZ,mateIn1 mate oneMove
ug3Ak,deflection fork veryLong
ugSLZ,mateIn1 mate oneMove
ugtKa,fork long
uh3y9,defensiveMove short
uh4yE,long
uhE4I,long
uhMzj,short
uhT2v,kingsideAttack short
uiAhD,veryLong
uiF4K,long
uiNfa,mateIn1 mate oneMove
uiYRY,mateIn1 mate oneMove
uj6KY,long
uj7Bo,mateIn3 mate sacrifice long
ujJAV,short
ujQvH,short
ujcv9,mateIn2 mate short
ukNP5,pawnEndgame short
ukSLA,defensiveMove long
uklWl,deflection short
ukteY,mateIn1 mate oneMove
ul7gh,mateIn1 mate discoveredAttack oneMove
ulC8n,mateIn4 mate deflection exposedKing veryLong
ulDaN,veryLong
ulFCV,mateIn2 mate backRankMate short
ulG8X,short
ulck6,short
uljUS,mateIn2 mate queensideAttack short
um0IF,fork short
um0jd,knightEndgame long
umKiA,long
umX1u,queenEndgame long
umZ3n,mateIn3 mate sacrifice intermezzo long
unP6O,mateIn2 mate backRankMate xRayAttack short
unrhG,mateIn2 mate short
unulv,long
uoMGI,mateIn1 mate oneMove
uoXPK,pin veryLong
uokyi,mateIn1 mate oneMove
uosQo,mateIn1 mate oneMove
uoxU2,defensiveMove long
up5nO,fork short
upWOP,mateIn3 mate deflection fork exposedKing long
upX7w,short
upZIP,short
upcsD,deflection advancedPawn exposedKing promotion rookEndgame long
uphaJ,defensiveMove pawnEndgame long
uqATw,quietMove defensiveMove rookEndgame long
uqWa1,mateIn1 mate backRankMate rookEndgame oneMove
uqXDR,mateIn2 mate fork short
uqXUr,mateIn1 mate oneMove
uqZa1,mateIn2 mate short
ur9R3,long
urMFw,defensiveMove queenEndgame long
urVwB,kingsideAttack short
urZfI,sacrifice skewer veryLong
urbZJ,pin long
urneI,mateIn2 mate backRankMate sacrifice short
urrkz,mateIn1 mate kingsideAttack oneMove
ursbp,pin short
usDeO,mateIn3 mate sacrifice long
usK6w,mateIn2 mate short
usMT2,mateIn2 mate short
usTSL,trappedPiece short
usmlK,advancedPawn promotion pawnEndgame veryLong
usnmi,mateIn2 mate short
uss0R,sacrifice intermezzo long
utEBA,mateIn2 mate queenRookEndgame short
utZTR,fork short
utp9Z,clearance long
uu8CJ,mateIn1 mate oneMove
uuK0N,mateIn2 mate rookEndgame short
uumaA,discoveredAttack short
uvBMB,mateIn1 mate oneMove
uvJM3,mateIn2 mate short
uvRJA,hangingPiece veryLong
uvXo1,mateIn2 mate short
uvf79,sacrifice veryLong
uvfBI,mateIn2 mate backRankMate xRayAttack short
uw7z2,mateIn2 mate short
uwQLU,short
uwZLd,short
uwkPD,mateIn2 mate backRankMate short
uwnTQ,capturingDefender kingsideAttack short
ux8Xj,fork exposedKing veryLong
uxBEn,short
uxQhx,mateIn1 mate bishopEndgame oneMove
uxpCY,advancedPawn veryLong
uy3Zy,mateIn2 mate queenEndgame short
uy7iB,fork short
uyPGO,quietMove interference long
uyfUB,short
uz4ZP,mateIn1 mate oneMove
uzBrl,doubleCheck defensiveMove long
uzJ1j,short
uzx4G,mateIn2 mate short
uzz2z,fork short
v077S,attraction deflection short
v09pu,short
v0AkF,mateIn1 mate kingsideAttack oneMove
v0L31,mateIn2 mate short
v0UnO,short
v0q2w,mateIn2 mate short
v0qFE,mateIn2 mate short
v0rdE,fork long
v12TY,discoveredAttack kingsideAttack short
v1LzS,long
v1tRG,mateIn3 mate sacrifice pin kingsideAttack long
v2Xmf,mateIn1 mate queensideAttack oneMove
v2ikj,mateIn3 mate long
v2lhQ,mateIn2 mate short
v3FV1,sacrifice short
v3X4K,advancedPawn bishopEndgame long
v3qEe,fork hangingPiece short
v3weK,mateIn1 mate oneMove
v4BLn,mateIn1 mate oneMove
v4YyY,knightEndgame veryLong
v4lon,mateIn1 mate oneMove
v50Fr,mateIn1 mate oneMove
v5PTP,defensiveMove hangingPiece trappedPiece long
v5jX2,queenEndgame long
v5nru,fork short
v5ymE,mateIn2 mate deflection queensideAttack short
v60D5,mateIn2 mate doubleCheck queensideAttack short
v6BsB,mateIn1 mate oneMove
v6LSO,mateIn2 mate short
v6ih5,defensiveMove short
v6mGa,fork long
v6mj3,mateIn2 mate kingsideAttack short
v7NkT,short
v7WBQ,knightEndgame short
v7d3c,mateIn1 mate oneMove
v7m0v,deflection long
v7wkp,short
v829O,long
v8A70,long
v8D3R,fork long
v8Wfz,defensiveMove queenEndgame long
v8ZIv,mateIn1 mate oneMove
v96Wz,long
v977Q,pawnEndgame short
v9Jwg,mateIn1 mate kingsideAttack oneMove
v9wdM,deflection interference veryLong
vA8rf,pawnEndgame long
vAJ0E,deflection sacrifice skewer clearance kingsideAttack veryLong
vAeJz,defensiveMove fork queenRookEndgame long
vAtWe,advancedPawn promotion knightEndgame long
vAuuX,mateIn3 mate smotheredMate doubleCheck sacrifice kingsideAttack long
vB9uG,fork short
vBEke,defensiveMove bishopEndgame short
vBTIF,mateIn1 mate oneMove
vC0UL,skewer short
vC2P0,fork long
vC7oj,discoveredAttack rookEndgame short
vCIXb,mateIn1 mate oneMove
vCOVw,defensiveMove trappedPiece short
vCaLv,fork long
vDciV,short
vDpQb,kingsideAttack short
vDu0X,mateIn2 mate kingsideAttack short
vDuJG,fork short
vE6k5,discoveredAttack pin long
vEFoN,mateIn1 mate pin oneMove
vEIiY,mateIn2 mate short
vEiHm,discoveredAttack short
vF4TT,short
vF4TX,mateIn1 mate rookEndgame oneMove
vF5lY,mateIn4 mate anastasiaMate attraction sacrifice kingsideAttack veryLong
vF60y,mateIn2 mate queensideAttack short
vFAJu,short
vFO2v,short
vFVIV,deflection defensiveMove long
vFWS0,mateIn2 mate backRankMate short
vFhc0,long
vFmE6,quietMove bishopEndgame short
vGHDj,fork long
vGYCq,long
vGbRb,mateIn1 mate oneMove
vGjTk,fork short
vGjbz,sacrifice long
vGrIE,deflection skewer queenEndgame long
vHAso,mateIn2 mate short
vHHnK,mateIn1 mate rookEndgame oneMove
vHbAu,pin long
vHrtM,short
vHzIY,mateIn1 mate oneMove
vI2SE,fork short
vIGZl,fork short
vIOfA,fork short
vIjmn,mateIn2 mate fork short
vIzgW,skewer rookEndgame long
vJ0gz,veryLong
vJ8QG,pin long
vJXjH,short
vJqgE,mateIn1 mate oneMove
vJuHy,mateIn1 mate kingsideAttack oneMove
vK3Wh,mateIn3 mate deflection long
vKho8,mateIn3 mate backRankMate long
vKnqR,pin short
vKuwG,mateIn1 mate rookEndgame oneMove
vL6Yl,mateIn1 mate oneMove
vLPci,mateIn1 mate pin kingsideAttack oneMove
vLS5u,fork short
vLnZk,intermezzo long
vLxey,mateIn1 mate oneMove
vMJiD,sacrifice pin short
vMK7f,mateIn1 mate oneMove
vMWU4,mateIn2 mate backRankMate fork short
vMjhl,queensideAttack long
vMwKr,mateIn2 mate advancedPawn short
vN1sV,mateIn2 mate queenEndgame short
vNFNa,deflection exposedKing long
vNcXG,pin long
vNfvo,long
vNn3R,short
vO3e0,sacrifice pin long
vQGa4,defensiveMove bishopEndgame long
vQHQO,mateIn1 mate attackingF2F7 oneMove
vQP4M,short
vQQ9x,long
vQTcD,rookEndgame veryLong
vQi6O,deflection veryLong
vQiHe,defensiveMove long
vQxue,fork long
vR65b,mateIn1 mate kingsideAttack oneMove
vR7Ps,mateIn3 mate deflection fork long
vREaM,fork long
vROUL,mateIn2 mate short
vRbIZ,short
vRs09,deflection short
vS9kI,queenEndgame short
vSglC,sacrifice trappedPiece veryLong
vSjrd,defensiveMove pawnEndgame short
vSkZA,mateIn1 mate oneMove
vSoBd,fork long
vSqif,short
vTf9m,mateIn1 mate kingsideAttack oneMove
vTsoA,exposedKing pin long
vTtwj,mateIn1 mate oneMove
vU8p5,defensiveMove long
vUOLI,defensiveMove short
vUUEU,long
vUx19,bishopEndgame veryLong
vV42H,deflection kingsideAttack veryLong
vV4EM,deflection pin short
vVAF7,advancedPawn promotion long
vVVtd,short
vVY89,short
vVgOA,long
vVpmG,short
vVtXh,quietMove pin long
vW8zd,short
vWGfp,mateIn1 mate oneMove
vWueV,mateIn1 mate oneMove
vX0Sk,pawnEndgame long
vX11k,mateIn1 mate oneMove
vXLK0,discoveredAttack long
vXmqG,attraction fork exposedKing veryLong
vXwAE,mateIn1 mate oneMove
vY7uP,mateIn2 mate pin kingsideAttack short
vYJB5,mateIn2 mate queensideAttack short
vYf9x,mateIn2 mate pin kingsideAttack short
vZ5Dh,short
vZfb4,long
vZjjt,long
vZkQ9,fork short
va3Bj,skewer queenEndgame short
vaQEs,mateIn3 mate sacrifice kingsideAttack long
vbICD,short
vbkHI,advancedPawn short
vby8i,mateIn2 mate attraction sacrifice kingsideAttack short
vcBov,mateIn2 mate backRankMate rookEndgame short
vcCU9,defensiveMove long
vcH3M,exposedKing long
vcxOd,mateIn1 mate oneMove
vdFJt,mateIn1 mate oneMove
vdLIa,pin capturingDefender short
vdsks,advancedPawn discoveredAttack attackingF2F7 promotion long
vduGn,short
veLFG,mateIn1 mate rookEndgame oneMove
veSCA,long
veWMe,attraction fork exposedKing long
veZKL,mateIn1 mate oneMove
vefYu,fork short
vfEpJ,mateIn1 mate kingsideAttack oneMove
vg20X,long
vg5LB,mateIn3 mate exposedKing long
vgGiR,mateIn1 mate oneMove
vgtN7,advancedPawn sacrifice fork discoveredAttack long
vh1gn,fork long
vhGW3,advancedPawn hangingPiece promotion knightEndgame veryLong
vhjqF,queenEndgame short
vhp6P,mateIn2 mate short
viJKt,deflection kingsideAttack long
viNQT,pawnEndgame long
viPGb,mateIn2 mate kingsideAttack short
vihxQ,long
vik2h,short
vimjG,short
vjKgz,defensiveMove hangingPiece long
vjah7,fork short
vkAJk,deflection kingsideAttack long
vkmMu,mateIn2 mate kingsideAttack short
vkvVR,short
vl0Ni,mateIn2 mate short
vl5Iw,long
vlBOr,long
vlQK2,mateIn2 mate kingsideAttack short
vlReG,defensiveMove short
vlU1w,long
vmWlc,attraction intermezzo short
vmZQi,mateIn1 mate oneMove
vma67,deflection short
vmbxX,mateIn1 mate oneMove
vmeXZ,mateIn1 mate oneMove
vmfJR,deflection exposedKing long
vnEny,short
vnVg8,fork hangingPiece long
vnwla,deflection long
vo2TX,mateIn1 mate oneMove
voE4g,fork short
voSNA,pin long
voVPa,mateIn2 mate fork short
vodwX,mateIn2 mate attraction sacrifice short
voz1K,short
vpDXB,mateIn2 mate sacrifice clearance kingsideAttack short
vpIfC,mateIn1 mate kingsideAttack oneMove
vpSBh,short
vpcN9,mateIn3 mate backRankMate fork long
vqaYx,short
vqoQI,mateIn1 mate oneMove
vqt1B,mateIn2 mate kingsideAttack short
vqtC2,mateIn2 mate rookEndgame short
vqvIa,pin long
vrAga,short
vrTJY,advancedPawn exposedKing long
vrr73,advancedPawn promotion short
vry0Y,short
vsEK2,mateIn1 mate oneMove
vsa6u,fork long
vspGo,short
vssTp,short
vt0QC,short
vt6zJ,attraction sacrifice exposedKing veryLong
vtGy9,mateIn3 mate sacrifice long
vtHe7,skewer veryLong
vtaKB,veryLong
vtf9z,mateIn2 mate bodenMate short
vtrtM,veryLong
vuY0n,mateIn2 mate pin kingsideAttack short
vuk7m,mateIn2 mate rookEndgame short
vulXd,mateIn1 mate oneMove
vvDKE,trappedPiece short
vvuP9,mateIn1 mate oneMove
vw3fX,pin short
vw7O1,mateIn2 mate attraction deflection sacrifice short
vwgZg,mateIn2 mate short
vxIMF,quietMove rookEndgame veryLong
vxIlH,mateIn1 mate pin oneMove
vxcmT,mateIn2 mate kingsideAttack short
vxllr,discoveredAttack short
vyXaA,mateIn3 mate sacrifice long
vyoHQ,hangingPiece intermezzo short
vzGCB,mateIn1 mate queenEndgame oneMove
vzOE3,mateIn2 mate kingsideAttack short
vzksV,short
vzrlM,mateIn1 mate kingsideAttack oneMove
vzsTc,mateIn2 mate short
w0eDP,mateIn2 mate short
w0idB,discoveredAttack pin veryLong
w0ol9,mateIn2 mate short
w0tDO,queenEndgame long
w14ug,attraction sacrifice fork long
w1FOS,fork short
w1dhL,attraction sacrifice fork long
w1gIp,mateIn1 mate rookEndgame oneMove
w23m1,long
w2443,mateIn3 mate exposedKing long
w2Op3,hangingPiece short
w2PXB,discoveredAttack kingsideAttack long
w2giv,mateIn1 mate kingsideAttack oneMove
w2mxe,discoveredAttack short
w361v,pin long
w3CXo,short
w3lTX,deflection short
w3lhv,advancedPawn promotion long
w3uT5,pin queensideAttack short
w3z4u,mateIn1 mate oneMove
w4EEr,defensiveMove rookEndgame veryLong
w4LLy,fork short
w4P8D,short
w4QO1,discoveredAttack capturingDefender short
w596r,short
w59L1,mateIn1 mate oneMove
w5Cuj,sacrifice fork long
w5T1n,sacrifice fork veryLong
w5gLj,pin kingsideAttack long
w5iIv,mateIn1 mate oneMove
w61bz,mateIn1 mate oneMove
w656S,mateIn1 mate rookEndgame oneMove
w6X9y,advancedPawn discoveredAttack bishopEndgame short
w6cBM,defensiveMove discoveredAttack clearance long
w75c1,mateIn3 mate anastasiaMate fork long
w7GlQ,quietMove exposedKing bishopEndgame long
w7OQ5,skewer short
w7rll,veryLong
w8f7t,mateIn1 mate oneMove
w8lQz,mateIn1 mate oneMove
w8qu7,fork long
w8t6a,mateIn1 mate oneMove
w8xKa,mateIn2 mate short
w998E,intermezzo long
w9WN5,mateIn1 mate oneMove
w9ZMz,long
w9pD7,short
wANrR,exposedKing rookEndgame veryLong
wAeqH,mateIn1 mate oneMove
wAfNi,mateIn1 mate kingsideAttack oneMove
wAqGG,pin short
wB9k8,long
wBAqn,mateIn2 mate short
wBBCt,short
wBUEr,fork short
wBiZ2,mateIn1 mate hookMate oneMove
wC1Uh,capturingDefender long
wC9Qu,mateIn1 mate oneMove
wCcTn,rookEndgame short
wCdQB,fork short
wCjSa,intermezzo long
wCp7P,queensideAttack short
wDHQZ,mateIn1 mate oneMove
wDVQs,deflection fork short
wE8Si,kingsideAttack short
wEDLJ,short
wEecE,short
wEqnq,long
wErSN,advancedPawn long
wEvZO,fork short
wFGp4,short
wFICE,quietMove veryLong
wFeTC,short
wFxsz,short
wGdUz,mateIn1 mate kingsideAttack oneMove
wH3KJ,advancedPawn short
wHDuv,pin short
wHEKe,fork long
wHUfI,defensiveMove hangingPiece knightEndgame long
wHnHd,advancedPawn sacrifice rookEndgame long
wI7ZS,discoveredAttack short
wIGIE,defensiveMove bishopEndgame short
wIyRa,fork short
wJB3l,mateIn2 mate short
wJnvO,fork long
wK3Wf,short
wKClg,mateIn2 mate short
wKTHZ,pawnEndgame short
wKsFE,mateIn2 mate short
wKtHP,kingsideAttack short
wKtuj,rookEndgame long
wL5El,mateIn1 mate oneMove
wL6dA,mateIn5 mate advancedPawn quietMove veryLong
wLKsR,fork long
wLLHw,long
wM1to,mateIn1 mate oneMove
wMAqj,exposedKing bishopEndgame long
wMEj1,rookEndgame short
wMMIw,mateIn2 mate fork short
wMPUH,intermezzo pin short
wMfEg,mateIn2 mate pin short
wMqV6,mateIn2 mate rookEndgame short
wN3OR,quietMove sacrifice bishopEndgame long
wN76c,short
wN83g,mateIn1 mate oneMove
wNAdZ,advancedPawn fork short
wNKjb,short
wNW3R,mateIn3 mate backRankMate sacrifice long
wNbJD,long
wNiv5,mateIn2 mate short
wOGVq,mateIn1 mate oneMove
wOMqd,advancedPawn defensiveMove long
wOgiC,mateIn2 mate rookEndgame short
wOmAF,short
wP01B,mateIn2 mate advancedPawn fork promotion queenRookEndgame short
wP3Mr,mateIn2 mate bishopEndgame short
wPD2h,quietMove short
wPQ2Z,mateIn1 mate oneMove
wPU6m,sacrifice trappedPiece long
wQYvS,mateIn2 mate backRankMate rookEndgame short
wQacd,mateIn1 mate oneMove
wQerO,attraction sacrifice fork long
wQifH,discoveredAttack long
wRPy3,advancedPawn defensiveMove promotion long
wRhJy,short
wRpqF,sacrifice fork long
wRsxo,mateIn1 mate oneMove
wRtAO,defensiveMove rookEndgame long
wRyVQ,long
wS5lg,short
wSA0e,sacrifice intermezzo pin long
wSRVj,mateIn1 mate oneMove
wSTCf,fork long
wSUpB,mateIn2 mate kingsideAttack short
wSWzj,short
wSZym,mateIn1 mate oneMove
wSl9G,pawnEndgame long
wSmYo,fork discoveredAttack long
wSpe3,discoveredAttack kingsideAttack long
wSqHw,fork short
wT7Q5,mateIn3 mate backRankMate sacrifice long
wTCFq,mateIn3 mate kingsideAttack long
wTMui,mateIn1 mate oneMove
wTdBl,advancedPawn quietMove promotion veryLong
wU4yp,mateIn1 mate backRankMate oneMove
wUN2A,mateIn3 mate rookEndgame long
wUUmV,mateIn2 mate queensideAttack short
wUar1,mateIn1 mate oneMove
wUrED,advancedPawn knightEndgame long
wUvnZ,mateIn4 mate sacrifice veryLong
wUxg6,discoveredAttack pin long
wUyKN,fork discoveredAttack short
wV4TJ,mateIn1 mate oneMove
wVEAP,advancedPawn promotion pawnEndgame long
wVNND,mateIn2 mate short
wVxAY,discoveredAttack kingsideAttack short
wW0NU,short
wW2V3,pin short
wWBBV,mateIn2 mate kingsideAttack short
wWCkC,mateIn3 mate sacrifice pin long
wWGob,long
wWTMI,attraction sacrifice skewer long
wWf4P,sacrifice short
wWsjK,mateIn2 mate backRankMate short
wWwTQ,fork short
wWz99,fork pin short
wXG6y,advancedPawn discoveredAttack pin long
wXInW,mateIn2 mate kingsideAttack short
wXX9T,mateIn2 mate short
wXcaT,kingsideAttack short
wXhsl,pin long
wXoi3,mateIn1 mate oneMove
wXsbb,pin short
wXvNB,mateIn2 mate hookMate short
wYKM6,mateIn1 mate queenRookEndgame oneMove
wYRz1,short
wYUKL,kingsideAttack long
wYrAG,fork short
wYw6V,deflection short
wZ92N,defensiveMove fork long
wZJ6Y,mateIn2 mate short
wZLxG,quietMove discoveredAttack pin veryLong
wa3Db,attraction fork long
wa8Xt,defensiveMove short
waKOU,mateIn2 mate sacrifice clearance short
waPXI,short
wakz9,mateIn2 mate sacrifice short
wb3jB,attraction intermezzo kingsideAttack veryLong
wb7T9,long
wbcbq,advancedPawn fork long
wc6tx,mateIn2 mate rookEndgame short
wcMP9,long
wczzi,deflection advancedPawn defensiveMove promotion rookEndgame long
wdH3Z,mateIn2 mate queensideAttack short
wdfLJ,pawnEndgame veryLong
wdn0I,attraction long
wdta2,deflection veryLong
wdz5w,attraction sacrifice fork long
weDZi,sacrifice discoveredAttack long
weoS8,mateIn1 mate oneMove
wepEr,fork long
wf3CR,mateIn1 mate hangingPiece queensideAttack oneMove
wfLJO,kingsideAttack long
wfRn5,deflection short
wfXCP,short
wgALH,sacrifice pin veryLong
wgF4v,mateIn1 mate oneMove
wgrfN,mateIn2 mate short
wh0Ud,advancedPawn rookEndgame short
wh3RP,mateIn1 mate oneMove
wh9va,discoveredAttack kingsideAttack short
whCaO,sacrifice short
whDwA,fork short
whEXe,trappedPiece castling long
whjvS,quietMove clearance long
whyU3,mateIn2 mate pin short
wi6Mk,mateIn2 mate backRankMate hangingPiece short
wiEe9,sacrifice fork pin clearance short
wiRcU,advancedPawn pin long
wibs2,mateIn1 mate oneMove
wijrP,fork short
wiqaz,mateIn2 mate short
wj09p,pawnEndgame long
wjOi3,attraction sacrifice fork long
wjrsQ,advancedPawn defensiveMove promotion short
wjvNr,advancedPawn exposedKing long
wjxe8,short
wk9EX,short
wkFkx,mateIn1 mate kingsideAttack oneMove
wkpVz,rookEndgame long
wl791,short
wlS1F,skewer short
wlZPl,hangingPiece intermezzo short
wloOG,mateIn1 mate kingsideAttack oneMove
wlrcK,mateIn1 mate kingsideAttack oneMove
wmD6Z,mateIn2 mate short
wmP7K,capturingDefender veryLong
wmVtL,mateIn2 mate sacrifice short
wmWy7,intermezzo short
wmYvz,mateIn2 mate short
wmqsx,short
wmuRs,short
wmzA4,mateIn1 mate kingsideAttack oneMove
wmzBs,fork short
wn2nX,mateIn2 mate intermezzo kingsideAttack short
wn4mi,mateIn1 mate oneMove
wnEaj,mateIn3 mate long
wnYAI,mateIn2 mate kingsideAttack short
wnaxM,mateIn1 mate oneMove
wngan,mateIn2 mate backRankMate short
wnry8,queenEndgame long
wo0hk,fork long
woOnP,mateIn2 mate short
wp9C7,mateIn1 mate oneMove
wpS2V,attraction advancedPawn pin veryLong
wpmBv,advancedPawn short
wptOC,mateIn2 mate sacrifice kingsideAttack short
wqZT2,long
wrC5p,deflection advancedPawn promotion knightEndgame short
wrLWW,mateIn2 mate short
wrPV6,fork short
wrbY6,fork short
wriN9,short
wsP8p,exposedKing long
wsQFk,fork long
wseeK,mateIn1 mate kingsideAttack oneMove
wslUb,discoveredAttack pin long
wsq5f,short
wtARL,quietMove defensiveMove bishopEndgame short
wtQUF,mateIn1 mate kingsideAttack oneMove
wtZhO,deflection bishopEndgame short
wuVyn,short
wukFC,mateIn1 mate oneMove
wvGGp,short
wvQQK,mateIn1 mate oneMove
wvUzh,advancedPawn short
wvfNQ,mateIn2 mate short
ww4ha,mateIn1 mate queenEndgame oneMove
wwN98,mateIn2 mate short
wwQPt,queenEndgame short
wwgnp,long
wwsTd,defensiveMove knightEndgame short
wwwGE,mateIn2 mate rookEndgame short
wx7aI,mateIn1 mate oneMove
wxC5A,fork long
wxTc8,capturingDefender short
wxlIw,xRayAttack long
wyD1v,bishopEndgame long
wyjgq,mateIn2 mate advancedPawn pawnEndgame short
wymzp,advancedPawn defensiveMove promotion short
wyzEu,mateIn1 mate oneMove
wzDyD,pawnEndgame long
wzPcH,attraction sacrifice pin long
wzqcu,sacrifice fork pin long
wzwpt,fork short
x06gC,short
x0B2E,sacrifice fork exposedKing long
x0DRM,advancedPawn sacrifice veryLong
x0Pxh,mateIn2 mate short
x0X29,mateIn2 mate sacrifice discoveredAttack pin queensideAttack short
x0aQw,mateIn1 mate rookEndgame oneMove
x0uVv,sacrifice discoveredAttack short
x1ReL,advancedPawn defensiveMove clearance short
x1Tda,mateIn2 mate short
x1WLQ,fork discoveredAttack capturingDefender long
x1ecM,discoveredAttack short
x1h5u,fork short
x1nI4,fork short
x1upZ,long
x1x0r,sacrifice exposedKing intermezzo long
x2CWm,mateIn2 mate fork short
x2E9V,veryLong
x3PDO,mateIn1 mate hangingPiece rookEndgame oneMove
x3toq,mateIn2 mate sacrifice short
x5NR1,long
x5SKz,mateIn1 mate oneMove
x5gyu,rookEndgame short
x5ibR,mateIn2 mate short
x5lai,long
x65iv,short
x6cxF,long
x6jRp,mateIn1 mate oneMove
x6lv1,quietMove exposedKing rookEndgame veryLong
x75IE,fork short
x78xO,long
x7ORz,advancedPawn quietMove promotion long
x80Lg,long
x81s4,mateIn3 mate kingsideAttack long
x8cYq,veryLong
x95Zp,mateIn2 mate short
x9Aqq,discoveredAttack long
x9G5Q,discoveredAttack short
x9GRi,pin short
x9Zvm,mateIn1 mate queensideAttack oneMove
xAQGI,advancedPawn rookEndgame short
xATgH,rookEndgame short
xAjsG,mateIn3 mate sacrifice long
xBUq7,long
xBnGx,mateIn3 mate long
xCd4l,defensiveMove rookEndgame long
xClH6,pawnEndgame veryLong
xDGPp,mateIn1 mate discoveredAttack oneMove
xEQMz,deflection advancedPawn promotion short
xESTw,mateIn1 mate queenRookEndgame oneMove
xEsal,mateIn2 mate short
xEznw,mateIn2 mate short
xFIYN,veryLong
xFksG,short
xFrSm,deflection fork intermezzo long
xFyTI,mateIn2 mate fork short
xFyyX,mateIn1 mate knightEndgame oneMove
xGAAz,discoveredAttack kingsideAttack long
xGdN4,mateIn1 mate kingsideAttack oneMove
xHBto,pin short
xHYSG,mateIn1 mate kingsideAttack oneMove
xIDow,advancedPawn promotion rookEndgame short
xIL56,mateIn2 mate attraction short
xILj7,mateIn2 mate arabianMate short
xIWS8,fork short
xIqVo,short
xIv9p,quietMove discoveredAttack exposedKing long
xIxOB,mateIn3 mate attraction sacrifice exposedKing kingsideAttack long
xIyL5,mateIn1 mate oneMove
xJ5Oq,discoveredAttack short
xJBhh,mateIn1 mate rookEndgame oneMove
xJMfI,mateIn1 mate bishopEndgame oneMove
xJYkO,fork clearance long
xJYrf,advancedPawn sacrifice intermezzo kingsideAttack veryLong
xJpkv,rookEndgame short
xJs7y,deflection advancedPawn promotion long
xKGox,mateIn1 mate kingsideAttack oneMove
xKkce,mateIn1 mate advancedPawn discoveredAttack pin oneMove
xL1Yu,fork short
xLEWV,short
xLHp1,pawnEndgame long
xLQYS,mateIn3 mate sacrifice long
xM9dr,mateIn2 mate short
xMBTJ,mateIn1 mate oneMove
xMVKz,discoveredAttack short
xMcxq,attraction sacrifice fork long
xN304,mateIn2 mate kingsideAttack short
xN3zp,pin rookEndgame short
xN8P8,mateIn2 mate backRankMate hangingPiece short
xNKBB,defensiveMove long
xNYLv,advancedPawn quietMove clearance rookEndgame veryLong
xNYPG,deflection long
xNjG1,mateIn2 mate backRankMate short
xNnus,exposedKing long
xO9bk,kingsideAttack short
xOGYF,long
xOHJk,mateIn3 mate deflection doubleCheck long
xOd4G,pawnEndgame short
xOeOY,discoveredAttack kingsideAttack long
xOkxX,mateIn3 mate attraction long
xOlYE,skewer long
xPLrb,pawnEndgame long
xPNeD,fork short
xPaKs,discoveredAttack kingsideAttack long
xPe9n,discoveredAttack long
xPiSh,pin short
xPjof,pin long
xPmvM,long
xPzCu,exposedKing long
xQ3iF,advancedPawn quietMove pawnEndgame veryLong
xQ7Cr,advancedPawn knightEndgame long
xQTHp,mateIn3 mate queensideAttack long
xQvRc,long
xR2C1,sacrifice fork long
xRGqh,veryLong
xRbtV,mateIn2 mate kingsideAttack short
xRhtA,defensiveMove long
xRoDj,long
xRrDu,deflection pin long
xS4Yq,fork short
xS6jU,mateIn2 mate short
xS87f,exposedKing long
xSDDO,deflection quietMove veryLong
xSd5Y,skewer queenEndgame veryLong
xSz5I,mateIn1 mate oneMove
xSzfB,advancedPawn rookEndgame long
xT2wZ,mateIn2 mate kingsideAttack short
xTGbl,long
xTSUp,mateIn4 mate sacrifice veryLong
xThVE,long
xTj8l,mateIn1 mate oneMove
xTm9c,long
xUFN4,skewer short
xUTtb,mateIn2 mate pin short
xUgko,mateIn5 mate attraction deflection sacrifice veryLong
xUmDe,defensiveMove long
xUoiz,mateIn1 mate oneMove
xUrIg,advancedPawn sacrifice long
xVB9r,mateIn2 mate short
xVPlg,short
xVeCK,sacrifice short
xVgyM,deflection short
xVilm,mateIn1 mate oneMove
xVy4U,advancedPawn rookEndgame short
xW4V7,mateIn2 mate sacrifice short
xWIrm,discoveredAttack short
xWKVi,attraction exposedKing skewer long
xX2Gm,mateIn2 mate short
xXCXL,short
xXvYk,mateIn4 mate veryLong
xXzy4,mateIn1 mate oneMove
xYABM,sacrifice fork long
xYcnI,short
xYf5V,mateIn1 mate oneMove
xYhy5,short
xZPFw,mateIn1 mate oneMove
xZbq6,hangingPiece pin long
xZcB9,hangingPiece short
xZycz,mateIn1 mate oneMove
xa68o,fork short
xaTwp,fork short
xaaQI,mateIn1 mate hangingPiece kingsideAttack oneMove
xafwP,deflection sacrifice long
xbUgx,deflection skewer kingsideAttack veryLong
xbtPn,defensiveMove pawnEndgame short
xbuIJ,deflection enPassant long
xcEfL,fork short
xcPUW,fork short
xcRtt,attraction sacrifice kingsideAttack veryLong
xcYOF,discoveredAttack veryLong
xcjPn,mateIn1 mate oneMove
xdGDk,long
xdIR4,mateIn1 mate oneMove
xdqmj,advancedPawn long
xe9e5,long
xeEmc,defensiveMove short
xeN0Q,bishopEndgame short
xeXVz,pin long
xeY1o,mateIn2 mate short
xeZ2W,mateIn1 mate oneMove
xfI2M,short
xfUeV,mateIn2 mate backRankMate sacrifice short
xfXw1,fork long
xfyDJ,pin short
xgmwI,clearance long
xhB6G,deflection short
xhKYp,defensiveMove short
xhN7k,mateIn2 mate kingsideAttack short
xhQc6,fork short
xi8fO,advancedPawn fork exposedKing long
xiId9,long
xiaMx,advancedPawn discoveredAttack kingsideAttack veryLong
xjDwU,deflection queenEndgame long
xjFr6,fork long
xjGgu,kingsideAttack long
xjmAN,long
xk6aD,mateIn1 mate oneMove
xkH8T,short
xkUxs,mateIn2 mate rookEndgame short
xl6gB,defensiveMove knightEndgame long
xlIEy,short
xlMA7,mateIn1 mate backRankMate oneMove
xlNqG,knightEndgame short
xlPsz,kingsideAttack short
xlQzh,mateIn2 mate short
xlip6,advancedPawn exposedKing rookEndgame veryLong
xlvJN,discoveredAttack kingsideAttack short
xmHxa,mateIn2 mate fork short
xmNXA,fork short
xmWWJ,veryLong
xmlI8,mateIn2 mate backRankMate sacrifice short
xn5RE,deflection quietMove defensiveMove pawnEndgame veryLong
xnKcu,advancedPawn quietMove defensiveMove promotion bishopEndgame veryLong
xnU6b,advancedPawn sacrifice pin veryLong
xnbTV,deflection short
xooEw,mateIn1 mate oneMove
xp21W,attraction sacrifice fork long
xpIWR,exposedKing long
xpf2Q,mateIn2 mate advancedPawn promotion short
xpvKo,mateIn1 mate oneMove
xqKTQ,short
xqOnt,attraction deflection advancedPawn promotion long
xqVUi,short
xqdck,advancedPawn long
xqecQ,short
xqmKv,mateIn1 mate oneMove
xrf86,defensiveMove hangingPiece short
xs0se,exposedKing pin long
xsFxL,pin short
xsJ1K,pawnEndgame veryLong
xsJKh,long
xtBxm,short
xtPJN,discoveredAttack short
xtQLY,long
xtTNu,attraction fork exposedKing long
xtXVe,deflection short
xu59v,mateIn1 mate oneMove
xupLh,fork rookEndgame short
xv65Z,deflection rookEndgame long
xvRty,short
xvTRn,sacrifice fork veryLong
xvtdF,mateIn1 mate oneMove
xvy82,mateIn1 mate oneMove
xwLrZ,mateIn1 mate oneMove
xwfGc,sacrifice rookEndgame long
xwjiC,xRayAttack rookEndgame long
xwqRE,attraction sacrifice fork long
xx4Dw,mateIn2 mate sacrifice short
xxGjL,fork short
xxWPc,mateIn1 mate oneMove
xxa8p,capturingDefender short
xxuKU,collinearMove short
xy5O7,short
xyFok,mateIn1 mate oneMove
xyIf4,mateIn1 mate kingsideAttack oneMove
xylRP,advancedPawn defensiveMove long
xyv5M,mateIn3 mate long
xz2rN,veryLong
xzDbl,mateIn2 mate interference pin short
xzc0i,mateIn1 mate attackingF2F7 oneMove
xzdHF,pawnEndgame long
xzwAD,capturingDefender long
y0C0T,mateIn1 mate oneMove
y0XMu,mateIn1 mate hangingPiece kingsideAttack oneMove
y0yVt,defensiveMove rookEndgame veryLong
y1N0S,pin kingsideAttack short
y1NnB,fork short
y1Qwq,mateIn3 mate long
y1aSW,fork short
y1gvw,fork short
y1khi,deflection long
y1rOF,pawnEndgame short
y25TF,mateIn2 mate short
y2Ddp,defensiveMove hangingPiece short
y2JDF,veryLong
y2mR2,discoveredAttack long
y34km,mateIn3 mate attraction sacrifice pin kingsideAttack long
y3dXc,mateIn2 mate short
y3jhC,defensiveMove short
y3rwL,mateIn1 mate oneMove
y3zsb,mateIn2 mate sacrifice short
y4YbM,intermezzo rookEndgame short
y4xHZ,mateIn2 mate backRankMate rookEndgame short
y59iv,discoveredAttack short
y6EN2,mateIn1 mate oneMove
y6Kn5,short
y6nSk,mateIn2 mate short
y76vg,mateIn2 mate kingsideAttack short
y7CHY,mateIn2 mate short
y7FbP,attraction sacrifice kingsideAttack short
y7RHf,deflection long
y7Y4k,defensiveMove rookEndgame short
y7dwu,hangingPiece knightEndgame long
y7kQ3,mateIn2 mate sacrifice kingsideAttack short
y7nVR,advancedPawn defensiveMove pawnEndgame veryLong
y8BR8,queensideAttack long
y8Jaf,mateIn1 mate oneMove
y8gAA,mateIn2 mate doubleCheck short
y9I02,long
y9qje,sacrifice fork long
yAAj8,trappedPiece short
yAXuH,advancedPawn queensideAttack long
yAaQE,mateIn1 mate hookMate oneMove
yAodp,short
yB6EV,attraction sacrifice fork long
yBVkq,pin rookEndgame short
yBY93,mateIn1 mate oneMove
yBbNb,short
yC2f2,mateIn1 mate oneMove
yC4lQ,hangingPiece long
yC7xg,short
yCBcQ,veryLong
yCHte,pin short
yCSmx,veryLong
yCuv2,attraction deflection fork long
yD3Oz,quietMove long
yDPNW,mateIn1 mate oneMove
yDSdu,mateIn1 mate backRankMate oneMove
yENdu,long
yEp0Y,short
yF7tx,advancedPawn defensiveMove promotion queenRookEndgame veryLong
yFBC1,mateIn1 mate oneMove
yFFVy,long
yFJVM,mateIn1 mate oneMove
yFSmM,short
yGdVw,mateIn1 mate oneMove
yGkW8,deflection long
yGn7G,mateIn2 mate kingsideAttack short
yHdjj,quietMove defensiveMove rookEndgame long
yHiti,discoveredAttack veryLong
yHl72,long
yHlHy,long
yICeX,fork short
yILET,mateIn1 mate oneMove
yIOHc,mateIn2 mate rookEndgame short
yIUIr,mateIn1 mate kingsideAttack oneMove
yIy4y,long
yJgBu,mateIn1 mate oneMove
yJp9k,discoveredAttack kingsideAttack short
yKFHW,mateIn2 mate sacrifice short
yKJ9C,fork short
yKLMA,mateIn2 mate backRankMate short
yKX9x,mateIn5 mate exposedKing veryLong
yL4Ee,discoveredAttack queensideAttack short
yLCBn,attraction sacrifice exposedKing skewer long
yLERR,fork pin short
yLG0e,mateIn2 mate short
yLLlF,hangingPiece long
yLg6n,exposedKing skewer rookEndgame long
yLm6D,mateIn2 mate queensideAttack short
yM2Ok,mateIn2 mate short
yM5Ei,mateIn2 mate backRankMate short
yMBAl,mateIn2 mate kingsideAttack short
yMEwj,fork long
yMGtG,sacrifice pin long
yMJu5,discoveredAttack kingsideAttack short
yMLqL,fork short
yMeEj,discoveredAttack kingsideAttack short
yMye4,quietMove clearance long
yNXH9,attraction sacrifice fork exposedKing long
yNcjv,mateIn1 mate oneMove
yNo9d,rookEndgame long
yOccq,short
yOg8u,mateIn3 mate backRankMate long
yOzpm,mateIn1 mate oneMove
yPFXN,fork short
yPRoN,mateIn3 mate backRankMate sacrifice long
yPiL1,advancedPawn long
yQ28c,quietMove hangingPiece long
yQYSs,defensiveMove hangingPiece short
yQafp,mateIn2 mate fork short
yQub9,mateIn1 mate oneMove
yQzzK,long
yRCxa,mateIn1 mate oneMove
yRog1,quietMove pawnEndgame veryLong
yRyvH,fork short
ySAL5,fork short
ySIW0,deflection discoveredAttack long
ySpJV,skewer rookEndgame short
yT2x0,mateIn3 mate pin long
yTJri,rookEndgame short
yTXKq,deflection sacrifice fork clearance long
yTdqR,fork short
yTdvD,mateIn3 mate backRankMate sacrifice long
yTohL,short
yTxD2,advancedPawn promotion knightEndgame long
yUC8C,mateIn1 mate oneMove
yUtyG,mateIn2 mate backRankMate short
yUvEd,short
yUyzQ,mateIn2 mate short
yVMzB,deflection pin long
yVSHf,rookEndgame short
yVeKc,bishopEndgame long
yW806,long
yWDmY,deflection short
yWWBp,mateIn1 mate kingsideAttack oneMove
yWxrP,short
yX5lb,attraction veryLong
yXh5V,short
yY1oF,sacrifice fork veryLong
yYKv2,fork short
yYLZy,attraction fork long
yYTH1,advancedPawn promotion rookEndgame long
yYWHl,deflection fork veryLong
yYWsG,quietMove bishopEndgame short
yYezk,quietMove sacrifice long
yZtRf,discoveredAttack queensideAttack short
yaS1D,mateIn3 mate backRankMate long
yaYEM,advancedPawn promotion short
yan8P,rookEndgame short
yaqjX,trappedPiece short
yb2ur,mateIn2 mate short
ybU3j,mateIn3 mate long
ybUqV,pin short
ybWXL,mateIn2 mate discoveredAttack short
ybevD,short
ybwnJ,mateIn1 mate oneMove
ycKV7,discoveredAttack short
yce7B,mateIn3 mate backRankMate sacrifice long
ycyJC,hangingPiece short
ydFDU,clearance long
ydN9z,fork short
ydOkt,fork short
ydRTK,veryLong
ydf1T,attraction long
ydfDD,hangingPiece short
ydgJw,mateIn1 mate oneMove
ydoWB,mateIn1 mate oneMove
yeOQ6,advancedPawn promotion long
yedlr,clearance long
yewY4,mateIn2 mate discoveredAttack kingsideAttack short
yex3w,quietMove short
yfKIm,attraction deflection short
yfM5t,mateIn1 mate oneMove
yfPHT,mateIn2 mate short
yfRqA,capturingDefender short
yfjoU,long
yg0su,mateIn1 mate oneMove
ygFg6,short
ygGug,mateIn1 mate oneMove
ygH7w,fork long
ygJAY,mateIn1 mate oneMove
ygQuS,discoveredAttack kingsideAttack short
ygWmb,mateIn1 mate kingsideAttack oneMove
ygbfY,mateIn2 mate short
ygkjt,defensiveMove short
yh5e0,discoveredAttack short
yhFyx,mateIn3 mate long
yhLAi,mateIn2 mate backRankMate rookEndgame short
yhU3w,mateIn1 mate hookMate oneMove
yhcWi,quietMove defensiveMove rookEndgame long
yhjTJ,attraction deflection sacrifice pin veryLong
yhvc5,mateIn1 mate oneMove
yi0Sz,mateIn2 mate sacrifice short
yiHeX,mateIn1 mate oneMove
yidMl,mateIn2 mate backRankMate short
yiwKk,quietMove short
yjADs,short
yjHRs,attraction deflection long
yjRW9,short
yjYq4,defensiveMove discoveredAttack queenRookEndgame long
yjkHI,advancedPawn long
yjwF0,mateIn1 mate kingsideAttack oneMove
ykCrW,fork veryLong
ykKWS,sacrifice fork veryLong
ykRJm,mateIn2 mate short
ykU7U,mateIn1 mate oneMove
ykvJe,fork long
yl6rp,hangingPiece intermezzo long
yl8e7,mateIn1 mate hangingPiece kingsideAttack oneMove
ylNlX,mateIn3 mate fork exposedKing long
ylZBA,mateIn1 mate oneMove
yloe2,short
ymG2g,veryLong
ymmiK,mateIn2 mate sacrifice kingsideAttack short
yn4JV,short
ynL6b,defensiveMove veryLong
ynT8d,long
yndYH,defensiveMove hangingPiece long
ynf3o,deflection veryLong
ynjLl,mateIn1 mate dovetailMate oneMove
ynjeX,mateIn1 mate oneMove
yo7wi,mateIn2 mate short
yoe0G,deflection short
yofgL,sacrifice fork long
yokaI,sacrifice long
ypBZ5,long
ypTaj,fork short
ypUUb,short
ypcfj,short
ypiHb,mateIn2 mate short
ypvGQ,mateIn3 mate deflection kingsideAttack long
yq5gd,sacrifice short
yqB5O,discoveredAttack short
yqSgd,pin kingsideAttack short
yqZox,mateIn1 mate rookEndgame oneMove
yqoGd,mateIn1 mate kingsideAttack oneMove
yqrQ3,mateIn1 mate smotheredMate oneMove
yrCn6,mateIn1 mate oneMove
yrrvu,mateIn1 mate oneMove
ysOtH,mateIn2 mate backRankMate short
ysdza,mateIn3 mate sacrifice queensideAttack long
yspVG,mateIn3 mate attraction exposedKing pin queensideAttack long
yt49l,mateIn1 mate oneMove
ytNVC,short
ytRDo,mateIn1 mate queenRookEndgame oneMove
ytk7h,advancedPawn pin bishopEndgame short
ytlLe,pin veryLong
ytz3r,mateIn1 mate attackingF2F7 oneMove
yuR4r,discoveredAttack long
yuUEs,long
yuoO4,short
yuuyM,mateIn1 mate rookEndgame oneMove
yv3ui,quietMove sacrifice veryLong
yv4IL,advancedPawn defensiveMove bishopEndgame long
yvJFO,mateIn2 mate backRankMate deflection short
yvYi9,mateIn1 mate attackingF2F7 oneMove
yveRo,mateIn4 mate deflection kingsideAttack veryLong
ywB65,discoveredAttack veryLong
ywTKY,mateIn1 mate oneMove
ywyMc,queenEndgame long
yx8QS,fork short
yx8vy,fork short
yxKA0,mateIn1 mate oneMove
yxM2n,mateIn1 mate queenEndgame oneMove
yxa9r,advancedPawn exposedKing rookEndgame veryLong
yxq3D,skewer rookEndgame short
yxras,fork long
yxzYu,rookEndgame long
yyIuK,mateIn2 mate backRankMate fork short
yyVQC,skewer long
yyi1N,veryLong
yzhwT,long
yzxNj,skewer short
z05vt,short
z0TTA,fork short
z0X4Z,veryLong
z0YPW,mateIn3 mate sacrifice clearance long
z0k3R,mateIn2 mate kingsideAttack short
z16cy,fork short
z1LA5,fork long
z1fRC,mateIn2 mate short
z1nUb,mateIn3 mate fork long
z2js5,mateIn1 mate oneMove
z2tFG,mateIn2 mate pin queensideAttack short
z39xR,mateIn1 mate hangingPiece kingsideAttack oneMove
z3DXA,fork short
z3HYt,intermezzo long
z3SKJ,advancedPawn short
z3VtL,mateIn1 mate kingsideAttack oneMove
z3WBO,deflection short
z3mk9,mateIn1 mate oneMove
z3ugu,quietMove rookEndgame veryLong
z4HFi,deflection advancedPawn promotion short
z4QSH,skewer queenEndgame short
z5Nll,short
z5O4r,clearance kingsideAttack long
z5VuB,queenEndgame short
z5kRQ,short
z5pvz,discoveredAttack short
z6GNz,mateIn2 mate backRankMate hangingPiece short
z6S3W,mateIn1 mate oneMove
z70OQ,hangingPiece short
z88mz,short
z8JOv,fork short
z8NYf,mateIn2 mate kingsideAttack short
z8Uvn,sacrifice short
z8fD3,quietMove clearance long
z8q90,mateIn1 mate attackingF2F7 oneMove
z8zYP,trappedPiece short
z90Ug,mateIn1 mate hangingPiece oneMove
z95i5,mateIn2 mate doubleCheck short
z9DXe,mateIn1 mate kingsideAttack oneMove
z9YPf,mateIn2 mate kingsideAttack short
z9oTV,mateIn1 mate hangingPiece kingsideAttack oneMove
z9vI8,long
z9yTR,exposedKing skewer long
zA9OC,mateIn2 mate short
zAVsu,discoveredAttack short
zAofh,veryLong
zBO0Y,mateIn1 mate oneMove
zBwPo,defensiveMove pawnEndgame veryLong
zC3Au,defensiveMove queenRookEndgame long
zC4Un,deflection pin short
zC8E3,short
zCJhO,attraction sacrifice fork long
zCQXC,defensiveMove veryLong
zCRdU,mateIn2 mate short
zD0GP,defensiveMove clearance short
zDSLG,attraction sacrifice fork intermezzo long
zDrC7,mateIn1 mate oneMove
zDtI1,defensiveMove hangingPiece long
zEQl0,mateIn1 mate kingsideAttack oneMove
zEwTL,mateIn3 mate fork long
zF1DD,mateIn3 mate long
zF8X3,fork short
zFFNr,mateIn2 mate clearance kingsideAttack short
zFOpG,clearance long
zFfuu,advancedPawn promotion rookEndgame veryLong
zFtEv,mateIn2 mate short
zFu4n,mateIn1 mate oneMove
zFvy5,long
zG0kJ,mateIn2 mate short
zG9hN,discoveredAttack exposedKing long
zGlxk,advancedPawn short
zGrUu,deflection short
zGwfy,mateIn1 mate advancedPawn promotion oneMove
zHBue,fork long
zHUBq,fork short
zHij6,short
zHoZY,short
zILUg,deflection fork exposedKing pin long
zIafh,pin kingsideAttack veryLong
zIjhE,short
zItag,mateIn1 mate backRankMate oneMove
zJ4Xc,discoveredAttack short
zJQ9o,short
zJb7l,short
zJhWG,mateIn2 mate short
zJlQO,mateIn2 mate short
zJpFm,defensiveMove fork veryLong
zJtvo,mateIn1 mate kingsideAttack oneMove
zK5VM,mateIn2 mate doubleCheck short
zK6oL,deflection rookEndgame short
zKA6V,mateIn1 mate oneMove
zKC68,skewer rookEndgame short
zKHsl,short
zKPvi,quietMove veryLong
zKPvn,pin short
zKqlV,fork short
zL4ec,short
zL4rV,fork long
zLeq9,exposedKing skewer long
zLkXd,pawnEndgame short
zLtgb,long
zM7bA,fork short
zMU1Z,deflection sacrifice long
zMi9j,rookEndgame long
zMkyC,mateIn1 mate oneMove
zMmXj,pin short
zMndS,defensiveMove queenEndgame short
zND2P,deflection discoveredAttack short
zNbwN,defensiveMove short
zNtOB,defensiveMove long
zNzP8,deflection rookEndgame long
zO2jw,advancedPawn quietMove defensiveMove promotion queenRookEndgame long
zOS0Y,mateIn1 mate kingsideAttack oneMove
zOkUm,deflection long
zP9yu,advancedPawn rookEndgame long
zPJTL,fork hangingPiece intermezzo short
zPcd9,long
zPdUZ,sacrifice fork exposedKing long
zPggg,mateIn1 mate attackingF2F7 oneMove
zPpe8,short
zQH4s,advancedPawn pawnEndgame long
zQfMB,deflection advancedPawn sacrifice fork promotion long
zR0fr,mateIn2 mate backRankMate rookEndgame short
zRGiO,hangingPiece short
zRLbE,advancedPawn promotion queenEndgame veryLong
zRceK,defensiveMove veryLong
zRhHm,mateIn1 mate oneMove
zRic3,mateIn1 mate oneMove
zRkSR,rookEndgame long
zRr5y,mateIn2 mate kingsideAttack short
zS4dw,bishopEndgame short
zSCOs,clearance long
zSHea,exposedKing long
zSITh,long
zSPOp,mateIn4 mate backRankMate xRayAttack veryLong
zSVCn,short
zTGnR,mateIn1 mate oneMove
zU9js,defensiveMove hangingPiece short
zUIW8,deflection veryLong
zV9Vo,pawnEndgame long
zVICG,mateIn2 mate short
zVN9v,advancedPawn quietMove veryLong
zVgRi,fork long
zVipX,mateIn4 mate sacrifice fork exposedKing clearance veryLong
zVvRI,long
zVzUS,defensiveMove pawnEndgame veryLong
zWMox,mateIn1 mate oneMove
zWRre,queenEndgame long
zWtZo,deflection long
zXGXV,rookEndgame long
zXTZ8,mateIn1 mate kingsideAttack oneMove
zXdpl,quietMove bishopEndgame long
zXe74,discoveredAttack short
zXfzB,short
zXzbP,mateIn2 mate kingsideAttack short
zY1Xn,xRayAttack long
zY8KT,pin short
zYQ0A,exposedKing pin long
zYdlh,pin short
zYqw2,short
zYz3V,mateIn1 mate rookEndgame oneMove
zZMIS,fork short
zZX5N,short
zZlfu,pin short
za3hN,attraction sacrifice short
za6TP,mateIn1 mate oneMove
za7ps,mateIn3 mate sacrifice discoveredAttack exposedKing long
za99y,fork short
zaIxe,attraction fork long
zallI,fork short
zb6Qn,mateIn5 mate veryLong
zbZjz,mateIn2 mate backRankMate short
zbdYu,short
zbtIR,mateIn1 mate kingsideAttack oneMove
zcLcw,advancedPawn promotion short
zcfLR,deflection long
zcqx0,advancedPawn knightEndgame long
zdAxG,fork short
zdPAn,attraction discoveredAttack exposedKing pin long
zdnrw,mateIn1 mate queenEndgame oneMove
ze1ig,mateIn2 mate short
ze9Nl,mateIn2 mate backRankMate rookEndgame short
zeEfS,mateIn2 mate short
zeFvu,mateIn1 mate oneMove
zePpY,fork short
zebmW,intermezzo short
zec7n,mateIn2 mate backRankMate short
zeoJh,fork short
zevtX,long
zfAkW,mateIn3 mate sacrifice clearance long
zfDqT,advancedPawn sacrifice long
zfFzc,attraction pin capturingDefender queensideAttack long
zg813,advancedPawn sacrifice discoveredAttack kingsideAttack long
zgOse,mateIn2 mate short
zgRqc,exposedKing veryLong
zgTLf,attraction advancedPawn discoveredAttack long
zgbQz,mateIn3 mate long
zgjcI,queenEndgame long
zguws,mateIn1 mate queensideAttack oneMove
zgwzn,quietMove pin long
zhfYC,long
zhut7,kingsideAttack short
zi5zA,fork long
ziCtr,rookEndgame short
ziqqg,deflection long
zjMgF,fork short
zjSYn,mateIn2 mate short
zjqdl,mateIn2 mate short
zjrZa,mateIn1 mate oneMove
zjuJl,discoveredAttack short
zjuQe,long
zk3Ug,mateIn1 mate oneMove
zk3yI,pin long
zk8jT,defensiveMove pawnEndgame long
zkKEn,mateIn2 mate kingsideAttack short
zkMPt,short
zkQUT,sacrifice long
zkQuT,deflection long
zktyk,mateIn2 mate short
zkuTb,long
zlBBR,mateIn2 mate deflection sacrifice short
zla8V,mateIn1 mate oneMove
zmH07,skewer short
zmZGJ,rookEndgame long
zmaiT,mateIn2 mate rookEndgame short
zn77l,fork hangingPiece long
znQCS,kingsideAttack long
znYFz,fork long
zndmu,fork short
znk9B,attraction deflection pin short
zo8HX,short
zoXEX,fork long
zohVa,capturingDefender short
zos0A,defensiveMove long
zosIm,fork veryLong
zpLv6,mateIn2 mate quietMove short
zpnIg,advancedPawn long
zqAvY,mateIn1 mate oneMove
zqOd6,short
zqajf,long
zqfDn,mateIn1 mate oneMove
zrGpY,fork queenEndgame short
zrRtS,veryLong
zrprR,long
zs2E2,quietMove defensiveMove pin queenEndgame long
zs3QT,quietMove short
zs4pG,mateIn2 mate short
zs7rw,discoveredAttack exposedKing kingsideAttack long
zsDm2,quietMove bishopEndgame long
zshyb,mateIn3 mate deflection kingsideAttack long
ztA2W,deflection pin veryLong
ztamb,attraction sacrifice intermezzo pin veryLong
ztmQ6,advancedPawn promotion veryLong
zu3ax,skewer rookEndgame short
zu845,quietMove rookEndgame veryLong
zuA3H,long
zuJQn,short
zuNt8,mateIn3 mate long
zuS7d,fork short
zuc6N,short
zugI9,mateIn2 mate kingsideAttack short
zuwzl,skewer rookEndgame short
zv3fv,quietMove fork veryLong
zvPEg,short
zvUsw,discoveredAttack exposedKing long
zvbUu,short
zvkGi,fork long
zw2jb,fork long
zw77x,fork rookEndgame short
zwVsY,fork short
zxfRY,skewer rookEndgame long
zxxR7,mateIn2 mate short
zy2YU,mateIn2 mate short
zyEDE,long
zyJMV,deflection rookEndgame short
zySch,mateIn2 mate fork short
zykgV,hangingPiece intermezzo short
zysEb,mateIn1 mate oneMove
zzWSx,intermezzo short
zznKI,defensiveMove rookEndgame long
